Sample	taxid	Species name	Reference genome length (bp)	Kaiju reads assigned	Bowtie2 reads mapped	Proportion kaiju reads mapped with Bowtie2	Bowtie2 mean identity of mapped reads (%)	Bowtie2 mean MAPQ of mapped reads	Bowtie2 genome fraction (%)
hmp_ibd	100134	Anaerocolumna_xylanovorans	5420325	2.0	0	0.0			0.0
hmp_ibd	100176	Papillibacter_cinnamivorans	2890610	6.0	0	0.0			0.0
hmp_ibd	100884	Coprobacillus_cateniformis	3861289	10.0	3	0.3	98.67326732673268	42.0	0.005257311742270522
hmp_ibd	100886	Catenibacterium_mitsuokai	2650196	118.0	2	0.01694915254237288	95.04950495049505	23.5	0.00528262815278568
hmp_ibd	1019	Capnocytophaga_sputigena	2855148	2.0	0	0.0			0.0
hmp_ibd	1034346	Dielma_fastidiosa	3618065	180.0	97	0.5388888888888889	98.93920121835737	39.25773195876289	0.21591651891273372
hmp_ibd	103892	Veillonella_ratti	2236286	2.0	0	0.0			0.0
hmp_ibd	1042156	Clostridium_sp._SY8519	2835737	2.0	0	0.0			0.0
hmp_ibd	105841	Anaerostipes_caccae	3284789	14.0	2	0.14285714285714285	96.29629629629629	1.0	0.004992710338472273
hmp_ibd	105843	Anaerobutyricum_soehngenii	3194235	12.0	2	0.16666666666666666	98.01980198019803	42.0	0.006386505689155619
hmp_ibd	106588	Pseudoflavonifractor_capillosus	4241076	48.0	6	0.125	95.88591212062381	28.5	0.010775567332441107
hmp_ibd	1078087	Parabacteroides_sp._HGS0025	6761553	4.0	2	0.5	96.53465346534654	32.0	0.0026029523099205167
hmp_ibd	1078089	Bacteroides_sp._HPS0048	6096022	2.0	0	0.0			0.0
hmp_ibd	109327	Anaerovorax_odorimutans	3263520	6.0	0	0.0			0.0
hmp_ibd	1096246	Hungatella_effluvii	6863335	6.0	0	0.0			0.0
hmp_ibd	109790	Lactobacillus_jensenii	1672949	2.0	0	0.0			0.0
hmp_ibd	1099853	Coprobacter_fastidiosus	3444538	16.0	6	0.375	98.08993399339936	36.0	0.01059648637930544
hmp_ibd	1110546	Veillonella_tobetsuensis	2041114	4.0	0	0.0			0.0
hmp_ibd	1115758	Romboutsia_ilealis	2588193	8.0	2	0.25	97.5047504750475	41.0	0.004365980434998472
hmp_ibd	112903	Propionispora_vibrioides	4433598	4.0	0	0.0			0.0
hmp_ibd	1131567	Undibacterium_squillarum	4185104	4.0	2	0.5	97.02970297029702	33.0	0.004874430838516797
hmp_ibd	1133319	Bacteroides_reticulotermitis	5382020	6.0	0	0.0			0.0
hmp_ibd	1134687	Klebsiella_michiganensis	6041841	2.0	0	0.0			0.0
hmp_ibd	1150298	Fusicatenibacter_saccharivorans	3782803	240.0	60	0.25	97.94175364397866	35.31666666666667	0.1119275838577901
hmp_ibd	1160721	Ruminococcus_bicirculans	2968500	98.0	38	0.3877551020408163	98.22198149116637	37.31578947368421	0.08829375105272023
hmp_ibd	116085	Coprococcus_catus	3599035	98.0	12	0.12244897959183673	98.52706877689018	37.666666666666664	0.017615833133048164
hmp_ibd	1161942	Ruminococcus_champanellensis	2573208	12.0	6	0.5	98.26083731968703	39.0	0.016632934453802414
hmp_ibd	1177574	Prevotella_jejuni	3913006	4.0	2	0.5	96.53465346534654	32.0	0.004906713662079742
hmp_ibd	1193534	uncultured_Flavonifractor_sp.	2635928	70.0	0	0.0			0.0
hmp_ibd	1197717	Cloacibacillus_porcorum	3585187	2.0	0	0.0			0.0
hmp_ibd	1203555	Acidaminococcus_sp._HPA0509	2287856	8.0	6	0.75	100.0	19.333333333333332	0.022728703205096824
hmp_ibd	121608	Paenibacillus_koleovorans	7544267	2.0	0	0.0			0.0
hmp_ibd	1217282	Parabacteroides_faecis	6660562	4.0	0	0.0			0.0
hmp_ibd	1226322	Oscillibacter_sp._KLE_1728	3590714	12.0	9	0.75	98.23872387238724	37.77777777777778	0.022168292991310363
hmp_ibd	1226323	Oscillibacter_sp._KLE_1745	3594235	20.0	11	0.55	99.31413630873577	42.0	0.021311906427932507
hmp_ibd	1226324	Blautia_sp._KLE_1732	3573774	24.0	16	0.6666666666666666	98.65810643564356	37.125	0.030220153820582945
hmp_ibd	1226325	Clostridium_sp._KLE_1755	6640751	26.0	14	0.5384615384615384	99.00990099009901	40.714285714285715	0.017151674562109014
hmp_ibd	1227265	Capnocytophaga_sp._oral_taxon_863	2724306	2.0	2	1.0	100.0	42.0	0.006643893894445045
hmp_ibd	1227276	Prevotella_sp._F0091	3193725	4.0	3	0.75	98.34983498349834	36.0	0.007702604325669868
hmp_ibd	1235790	Eubacterium_sp._14-2	3996868	2.0	0	0.0			0.0
hmp_ibd	1235797	Oscillibacter_sp._1-3	4467686	6.0	0	0.0			0.0
hmp_ibd	1235835	Anaerotruncus_sp._G3-2012-	3620383	2.0	2	1.0	99.5	42.0	0.005137577985533575
hmp_ibd	1261634	Roseburia_sp._499	3381825	2.0	2	1.0	98.51485148514851	41.0	0.006032245902730035
hmp_ibd	1261635	Roseburia_sp._831b	3368602	16.0	5	0.3125	94.3923403329344	14.8	0.011814990313489097
hmp_ibd	1261637	Anaerostipes_sp._992a	2798165	2.0	0	0.0			0.0
hmp_ibd	1262687	Acidaminococcus_sp._CAG-542	2044712	2.0	0	0.0			0.0
hmp_ibd	1262693	Alistipes_sp._CAG-268	2678396	8.0	0	0.0			0.0
hmp_ibd	1262694	Alistipes_sp._CAG-29	3127447	24.0	11	0.4583333333333333	98.36583535234509	34.72727272727273	0.023565547233893973
hmp_ibd	1262744	Bacteroides_sp._CAG-633	3641748	20.0	8	0.4	99.13242574257427	41.75	0.01738176282378682
hmp_ibd	1262755	Blautia_sp._CAG-237	2898194	2.0	0	0.0			0.0
hmp_ibd	1262756	Blautia_sp._CAG-257	2866244	2.0	1	0.5	97.02970297029702	40	0.0035586642309587044
hmp_ibd	1262780	Clostridium_sp._CAG-221	3093482	10.0	6	0.6	100.0	42.0	0.014385084509947044
hmp_ibd	1262805	Clostridium_sp._CAG-43	2618944	16.0	8	0.5	97.38372093023256	33.5	0.01718249798392024
hmp_ibd	1262880	Eubacterium_sp._CAG-156	2450450	6.0	4	0.6666666666666666	100.0	42.0	0.011385663857658797
hmp_ibd	1262881	Eubacterium_sp._CAG-161	2515227	2.0	0	0.0			0.0
hmp_ibd	1262910	Oscillibacter_sp._CAG-155	2277379	14.0	2	0.14285714285714285	94.55445544554456	13.5	0.007376901253590203
hmp_ibd	1262912	Parabacteroides_sp._CAG-2	4561326	2.0	2	1.0	99.00990099009901	42.0	0.004472383688427444
hmp_ibd	1262931	Prevotella_sp._CAG-592	2726024	4.0	0	0.0			0.0
hmp_ibd	1262956	Ruminococcus_sp._CAG-379	2164906	6.0	2	0.3333333333333333	100.0	42.0	0.0025405260089814523
hmp_ibd	1263547	Oscillibacter_ruminantium	3108242	2.0	0	0.0			0.0
hmp_ibd	1264	Ruminococcus_albus	4482087	12.0	0	0.0			0.0
hmp_ibd	1265	Ruminococcus_flavefaciens	3587803	14.0	0	0.0			0.0
hmp_ibd	1280	Staphylococcus_aureus	2821361	16.0	0	0.0			0.0
hmp_ibd	1280669	Dorea_sp._AGR2135	3509498	6.0	2	0.3333333333333333	97.2972972972973	1.0	0.004274115557267734
hmp_ibd	1280672	Butyrivibrio_sp._AC2005	5126371	2.0	0	0.0			0.0
hmp_ibd	1280674	Prevotella_sp._AGR2160	2908381	2.0	0	0.0			0.0
hmp_ibd	1282	Staphylococcus_epidermidis	2491058	4.0	2	0.5	98.21428571428571	1.0	0.004576368755765623
hmp_ibd	1284775	Prevotella_sp._S7-1-8	2838933	2.0	0	0.0			0.0
hmp_ibd	1288121	Alistipes_senegalensis	3674467	12.0	0	0.0			0.0
hmp_ibd	1290	Staphylococcus_hominis	2257431	6.0	0	0.0			0.0
hmp_ibd	1297617	Intestinimonas_butyriciproducens	3224506	44.0	2	0.045454545454545456	99.50495049504951	42.0	0.00632655048556275
hmp_ibd	1297750	Bacteroides_luti	4118748	4.0	0	0.0			0.0
hmp_ibd	1302	Streptococcus_gordonii	2187618	4.0	1	0.25	93.06930693069307	8	0.004662605628587806
hmp_ibd	1304	Streptococcus_salivarius	2210574	4.0	2	0.5	98.68421052631578	42.0	0.003483258194477995
hmp_ibd	1305	Streptococcus_sanguinis	2296927	4.0	1	0.25	94.05940594059405	23	0.0044407157911418174
hmp_ibd	1307	Streptococcus_suis	2170808	4.0	0	0.0			0.0
hmp_ibd	1308	Streptococcus_thermophilus	1791634	8.0	4	0.5	99.75247524752476	42.0	0.012223478679239175
hmp_ibd	1311	Streptococcus_agalactiae	2079123	8.0	0	0.0			0.0
hmp_ibd	1313	Streptococcus_pneumoniae	2110968	10.0	0	0.0			0.0
hmp_ibd	1314	Streptococcus_pyogenes	1746380	4.0	0	0.0			0.0
hmp_ibd	1318	Streptococcus_parasanguinis	2153652	6.0	2	0.3333333333333333	96.03960396039604	24.0	0.004736141215015239
hmp_ibd	1322	Blautia_hansenii	3065949	10.0	0	0.0			0.0
hmp_ibd	1323	Faecalicoccus_pleomorphus	2055154	34.0	0	0.0			0.0
hmp_ibd	1328	Streptococcus_anginosus	1953654	2.0	0	0.0			0.0
hmp_ibd	133448	Citrobacter_youngae	4936293	2.0	0	0.0			0.0
hmp_ibd	1336	Streptococcus_equi	2154778	12.0	0	0.0			0.0
hmp_ibd	1337051	Murimonas_intestini	5727142	12.0	4	0.3333333333333333	97.56091757091187	32.5	0.005517586258556187
hmp_ibd	13373	Burkholderia_mallei	5834748	4.0	0	0.0			0.0
hmp_ibd	133926	Olsenella_uli	2051896	4.0	0	0.0			0.0
hmp_ibd	1347393	Bacteroides_neonati	5025334	4.0	0	0.0			0.0
hmp_ibd	1351	Enterococcus_faecalis	2870381	2.0	0	0.0			0.0
hmp_ibd	1352	Enterococcus_faecium	2919198	6.0	0	0.0			0.0
hmp_ibd	1354	Enterococcus_hirae	2931746	14.0	0	0.0			0.0
hmp_ibd	1354301	Clostridium_sp._BL8	4776227	2.0	1	0.5	94.05940594059405	8	0.002135576889456887
hmp_ibd	1358418	Sinorhizobium_sp._GL28	7612113	8.0	3	0.375	98.67986798679868	41.333333333333336	0.003481293564612086
hmp_ibd	137732	Granulicatella_elegans	1743361	6.0	2	0.3333333333333333	95.40229885057471	24.0	0.005047721039991143
hmp_ibd	137838	Clostridium_neonatale	4739640	6.0	0	0.0			0.0
hmp_ibd	1384078	Prevotella_sp._DNF00663	2825213	4.0	4	1.0	100.0	42.0	0.010654063959071404
hmp_ibd	1386092	Cellulomonas_carbonis	3904075	2.0	0	0.0			0.0
hmp_ibd	1392486	Prevotella_sp._HUN102	3318148	2.0	1	0.5	93.06930693069307	8	0.0030740039323140502
hmp_ibd	1392487	Eubacterium_sp._AB3007	2301752	4.0	0	0.0			0.0
hmp_ibd	1392489	Leeuwenhoekiella_sp._MAR_2009_132	4281274	4.0	0	0.0			0.0
hmp_ibd	1398	Weizmannia_coagulans	3366995	2.0	0	0.0			0.0
hmp_ibd	1402135	Pseudosulfitobacter_pseudonitzschiae	4933696	2.0	0	0.0			0.0
hmp_ibd	140626	Lachnobacterium_bovis	2717066	2.0	0	0.0			0.0
hmp_ibd	1406512	Candidatus_Methanomassiliicoccus_intestinalis	1931651	16.0	8	0.5	97.14295478055269	34.5	0.03173451104780315
hmp_ibd	1408281	Endomicrobium_proavitum	1588979	2.0	0	0.0			0.0
hmp_ibd	1408310	Prevotella_sp._MA2016	3384011	4.0	1	0.25	95.04950495049505	2	0.003014174599314246
hmp_ibd	1409788	Sunxiuqinia_dokdonensis	4962831	4.0	0	0.0			0.0
hmp_ibd	1410609	Treponema_sp._C6A8	2869490	4.0	0	0.0			0.0
hmp_ibd	1410612	Oribacterium_sp._P6A1	3697107	2.0	0	0.0			0.0
hmp_ibd	1411144	Bacteroides_caecigallinarum	3353010	24.0	1	0.041666666666666664	92.40506329113924	3	0.0023859159382167068
hmp_ibd	1411316	Pedobacter_sp.	4361339	2.0	0	0.0			0.0
hmp_ibd	1423	Bacillus_subtilis	4215606	2.0	0	0.0			0.0
hmp_ibd	1428	Bacillus_thuringiensis	6260142	2.0	0	0.0			0.0
hmp_ibd	1432052	Eisenbergiella_tayi	7555015	24.0	4	0.16666666666666666	96.2871287128713	32.5	0.0036002575772516665
hmp_ibd	1434842	Sphingobacterium_sp._JB170	4401704	2.0	0	0.0			0.0
hmp_ibd	1450156	Defluviitalea_raffinosedens	3092142	4.0	0	0.0			0.0
hmp_ibd	1452	Bacillus_atrophaeus	4292910	12.0	0	0.0			0.0
hmp_ibd	1460447	Terrisporobacter_petrolearius	4124338	2.0	0	0.0			0.0
hmp_ibd	1462569	Bacteroides_caecicola	3299531	2.0	2	1.0	99.50495049504951	42.0	0.004727944668499857
hmp_ibd	1465	Brevibacillus_laterosporus	5400144	4.0	0	0.0			0.0
hmp_ibd	1465754	Alistipes_timonensis	3488964	26.0	10	0.38461538461538464	98.90396039603961	40.2	0.02912039218518735
hmp_ibd	1465757	Peptoniphilus_senegalensis	1851340	2.0	2	1.0	94.05940594059405	23.0	0.010802985945315285
hmp_ibd	1468449	Holdemania_massiliensis	4017176	12.0	4	0.3333333333333333	98.23529411764707	41.0	0.004779476926079415
hmp_ibd	1470345	Bacteroides_timonensis	7017222	6.0	2	0.3333333333333333	95.50561797752809	24.0	0.0012825588245604885
hmp_ibd	1470347	Alistipes_ihumii	2780015	80.0	42	0.525	99.85855728429985	39.76190476190476	0.13395611174759847
hmp_ibd	1470354	Candidatus_Soleaferrea_massiliensis	3098593	2.0	0	0.0			0.0
hmp_ibd	1472416	Butyricimonas_faecihominis	4851713	124.0	61	0.49193548387096775	99.33565829474905	40.32786885245902	0.09658444347388231
hmp_ibd	1472417	Butyricimonas_paravirosa	5608017	4.0	2	0.5	97.5	33.0	0.003601986227930479
hmp_ibd	1473216	Senegalimassilia_anaerobia	2398022	4.0	0	0.0			0.0
hmp_ibd	1491	Clostridium_botulinum	3903260	10.0	0	0.0			0.0
hmp_ibd	1492	Clostridium_butyricum	4705596	4.0	0	0.0			0.0
hmp_ibd	1496	Clostridioides_difficile	4095894	248.0	0	0.0			0.0
hmp_ibd	150055	Streptococcus_lutetiensis	1793521	8.0	0	0.0			0.0
hmp_ibd	1501329	Oribacterium_parvum	2470863	4.0	2	0.5	99.00990099009901	42.0	0.004249527391846492
hmp_ibd	1501391	Alistipes_inops	2304821	4.0	2	0.5	96.55172413793103	40.0	0.002559851719504465
hmp_ibd	1501392	Coprobacter_secundus	4171466	76.0	0	0.0			0.0
hmp_ibd	1502	Clostridium_perfringens	3355233	2.0	1	0.5	96.03960396039604	1	0.003040027324480893
hmp_ibd	1502943	Veillonella_seminalis	2252690	1004.0	606	0.603585657370518	99.71806160971063	41.600660066006604	2.1943543052972223
hmp_ibd	1504536	Robinsoniella_sp._RHS	7237586	6.0	3	0.5	94.96124031007753	1.6666666666666667	0.0019481633793367013
hmp_ibd	1506	Clostridium_sp.	2978365	12.0	0	0.0			0.0
hmp_ibd	1507	Clostridium_sp._ATCC_29733	3084735	2.0	1	0.5	94.05940594059405	23	0.00330660494337439
hmp_ibd	1509	Clostridium_sporogenes	4141984	4.0	0	0.0			0.0
hmp_ibd	1512	-Clostridium-_symbiosum	5299950	48.0	10	0.20833333333333334	98.61386138613861	28.0	0.018132246530627647
hmp_ibd	151276	Bacteroides_coprosuis	2763468	4.0	0	0.0			0.0
hmp_ibd	1513	Clostridium_tetani	2873333	2.0	0	0.0			0.0
hmp_ibd	1514105	Erysipelothrix_larvae	2511486	4.0	0	0.0			0.0
hmp_ibd	1514668	Ruminococcus_sp._HUN007	4207177	6.0	0	0.0			0.0
hmp_ibd	1515	Acetivibrio_thermocellus	3843301	2.0	0	0.0			0.0
hmp_ibd	1519439	Oscillibacter_sp._ER4	2729704	26.0	11	0.4230769230769231	97.99794347805079	34.54545454545455	0.034802308235618216
hmp_ibd	1520	Clostridium_beijerinckii	5950247	6.0	0	0.0			0.0
hmp_ibd	1520806	Butyrivibrio_sp._INlla18	3254604	2.0	0	0.0			0.0
hmp_ibd	1520812	Butyrivibrio_sp._YAB3001	4587896	2.0	0	0.0			0.0
hmp_ibd	1522	-Clostridium-_innocuum	4718906	26.0	5	0.19230769230769232	99.10811348929816	41.6	0.0068236154735864625
hmp_ibd	1526	-Clostridium-_aminophilum	3113820	4.0	0	0.0			0.0
hmp_ibd	1528099	Lawsonella_clevelandensis	1860551	4.0	0	0.0			0.0
hmp_ibd	1531	Enterocloster_clostridioformis	5539047	166.0	81	0.4879518072289157	98.50836196090899	36.20987654320987	0.13366920338462554
hmp_ibd	154046	Hungatella_hathewayi	6931886	62.0	12	0.1935483870967742	99.0924092409241	39.0	0.011973653346289883
hmp_ibd	154288	Turicibacter_sanguinis	2999687	38.0	4	0.10526315789473684	100.0	42.0	0.010334411556939108
hmp_ibd	1547	Thomasclavelia_ramosa	3543719	8.0	2	0.25	98.51485148514851	42.0	0.003865995018228025
hmp_ibd	1547597	Sanguibacteroides_justesenii	3434369	8.0	2	0.25	100.0	40.5	0.005328489745860157
hmp_ibd	1550024	Ruthenibacterium_lactatiformans	4111078	58.0	10	0.1724137931034483	98.59015224103055	31.0	0.017100137725433572
hmp_ibd	1550235	Clostridium_sp._KNHs216	3945418	2.0	0	0.0			0.0
hmp_ibd	155865	Eubacterium_pyruvativorans	2158512	4.0	0	0.0			0.0
hmp_ibd	1559	Clostridium_tertium	3874184	2.0	0	0.0			0.0
hmp_ibd	1574262	Sutterella_sp._KLE1602	2576488	50.0	37	0.74	99.48045595315332	41.891891891891895	0.1298278897475944
hmp_ibd	1579	Lactobacillus_acidophilus	1978847	2.0	0	0.0			0.0
hmp_ibd	1579343	Streptococcus_sp._263_SSPC	1804345	2.0	2	1.0	99.50495049504951	42.0	0.01130604180464379
hmp_ibd	158	Treponema_denticola	2843201	2.0	0	0.0			0.0
hmp_ibd	1580	Levilactobacillus_brevis	2494328	6.0	0	0.0			0.0
hmp_ibd	1583331	Porphyromonas_pasteri	2166795	4.0	1	0.25	95.52238805970148	24	0.003138275655980376
hmp_ibd	1587	Lactobacillus_helveticus	2120944	6.0	0	0.0			0.0
hmp_ibd	158836	Enterobacter_hormaechei	4915930	4.0	1	0.25	96.03960396039604	24	0.0020748871525835396
hmp_ibd	158847	Megamonas_hypermegale	2230342	4.0	0	0.0			0.0
hmp_ibd	1590	Lactiplantibacillus_plantarum	3223643	2.0	0	0.0			0.0
hmp_ibd	159272	uncultured_Prevotella_sp.	2941182	4.0	0	0.0			0.0
hmp_ibd	1602169	Prevotella_pectinovora	3292081	2.0	0	0.0			0.0
hmp_ibd	160404	Anaerotignum_lactatifermentans	2922609	118.0	42	0.3559322033898305	96.42506879403811	29.404761904761905	0.1173608922712549
hmp_ibd	160453	Enterococcus_gilvus	3945324	2.0	0	0.0			0.0
hmp_ibd	1613	Limosilactobacillus_fermentum	1905587	8.0	0	0.0			0.0
hmp_ibd	1619234	Anaerobium_acetethylicum	4609043	2.0	0	0.0			0.0
hmp_ibd	162156	uncultured_Bacteroides_sp.	5299784	52.0	21	0.40384615384615385	97.02451673738803	32.142857142857146	0.009604164999932073
hmp_ibd	1623	Ligilactobacillus_ruminis	2066652	4.0	0	0.0			0.0
hmp_ibd	1628085	Agathobaculum_butyriciproducens	2695431	6.0	0	0.0			0.0
hmp_ibd	1628158	Mariniphaga_sediminis	5826160	2.0	0	0.0			0.0
hmp_ibd	1629	Weissella_viridescens	1593241	4.0	0	0.0			0.0
hmp_ibd	163	Treponema_bryantii	3516600	2.0	0	0.0			0.0
hmp_ibd	1630	Kandleria_vitulina	2126709	4.0	0	0.0			0.0
hmp_ibd	1631346	Rubeoparvulum_massiliense	2843796	2.0	0	0.0			0.0
hmp_ibd	163665	Dysgonomonas_mossii	3954365	2.0	0	0.0			0.0
hmp_ibd	1639	Listeria_monocytogenes	2944528	4.0	0	0.0			0.0
hmp_ibd	1640674	Williamwhitmania_taraxaci	4154490	2.0	0	0.0			0.0
hmp_ibd	1641	Listeria_grayi	2751104	2.0	0	0.0			0.0
hmp_ibd	1650661	Clostridium_phoceensis	3453778	22.0	6	0.2727272727272727	98.33983398339835	38.5	0.015548190995483786
hmp_ibd	1650663	Fournierella_massiliensis	3391003	12.0	0	0.0			0.0
hmp_ibd	165179	Prevotella_copri	3551614	31740.0	9813	0.30916824196597353	97.7180598391241	35.22582288800571	17.225379785077997
hmp_ibd	165185	uncultured_Eubacterium_sp.	2611477	28.0	0	0.0			0.0
hmp_ibd	165186	uncultured_Ruminococcus_sp.	2960314	60.0	7	0.11666666666666667	96.64286566350266	28.285714285714285	0.014255244545004347
hmp_ibd	1652957	Lactococcus_nasutitermitis	2189889	2.0	0	0.0			0.0
hmp_ibd	1653435	Merdimonas_faecis	3318223	10.0	0	0.0			0.0
hmp_ibd	1658008	Dysgonomonas_sp._BGC7	4322346	2.0	0	0.0			0.0
hmp_ibd	1660	Schaalia_odontolytica	2455831	4.0	0	0.0			0.0
hmp_ibd	1662055	Clostridium_guangxiense	4408532	2.0	0	0.0			0.0
hmp_ibd	166486	Roseburia_intestinalis	4493348	1864.0	681	0.365343347639485	98.88255497818183	38.328928046989724	1.1243286742980958
hmp_ibd	1667357	Clostridium_sp._C8	4020958	2.0	0	0.0			0.0
hmp_ibd	1673717	Anaeromassilibacillus_senegalensis	3511751	126.0	0	0.0			0.0
hmp_ibd	1673720	Anaerotruncus_massiliensis	2980348	2.0	0	0.0			0.0
hmp_ibd	1673721	Intestinimonas_massiliensis	3105129	30.0	8	0.26666666666666666	99.62871287128714	42.0	0.02415358588966835
hmp_ibd	1673724	Neofamilia_massiliensis	1920334	2.0	0	0.0			0.0
hmp_ibd	1677858	Propionispora_sp._2-2-37	4121509	2.0	0	0.0			0.0
hmp_ibd	1680	Bifidobacterium_adolescentis	2089645	8.0	3	0.375	96.32653265326532	30.0	0.014500070586152193
hmp_ibd	168384	Marvinbryantia_formatexigens	4577574	12.0	0	0.0			0.0
hmp_ibd	1685	Bifidobacterium_breve	2269415	14.0	0	0.0			0.0
hmp_ibd	1686	Bifidobacterium_catenulatum	2079525	6.0	0	0.0			0.0
hmp_ibd	1689270	Intestinimonas_timonensis	3444574	22.0	13	0.5909090909090909	96.10967250571208	26.46153846153846	0.03570833432523151
hmp_ibd	169435	Anaerotruncus_colihominis	3563916	82.0	24	0.2926829268292683	99.1298747221661	40.833333333333336	0.046044856276073846
hmp_ibd	1703332	Butyribacter_intestini	3610525	6.0	2	0.3333333333333333	100.0	42.0	0.0016341113826936525
hmp_ibd	1712515	Butyricicoccus_faecihominis	2995907	6.0	1	0.16666666666666666	98.01980198019803	42	0.003404645070758205
hmp_ibd	1712675	Turicibacter_sp._H121	2622031	4.0	2	0.5	99.00990099009901	42.0	0.00575889453633462
hmp_ibd	1715075	Neisseria_sp._HMSC078C12	2242214	4.0	2	0.5	99.5	42.0	0.004593673931212632
hmp_ibd	1720194	Clostridium_sp._AT4	3412755	866.0	480	0.5542725173210161	99.31892144033525	40.670833333333334	1.1467274972859172
hmp_ibd	1720200	Anaerotruncus_rubiinfantis	3409026	2.0	0	0.0			0.0
hmp_ibd	1720294	Eisenbergiella_massiliensis	6692195	136.0	39	0.2867647058823529	98.64255191288692	40.69230769230769	0.048055981632334384
hmp_ibd	1720313	Bittarella_massiliensis	2806977	4.0	2	0.5	100.0	42.0	0.00580695887426224
hmp_ibd	172901	Victivallis_vadensis	5199916	8.0	4	0.5	99.36644900497512	42.0	0.005846248285549228
hmp_ibd	1729724	Pseudomonas_sp._TTU2014-080ASC	4522705	4.0	0	0.0			0.0
hmp_ibd	1732	Eubacterium_oxidoreducens	2912287	4.0	0	0.0			0.0
hmp_ibd	1735	Holdemanella_biformis	2517763	26.0	2	0.07692307692307693	100.0	42.0	0.0025419390149112524
hmp_ibd	1736399	Tetrasphaera_sp._Soil756	3470999	4.0	0	0.0			0.0
hmp_ibd	1737424	Blautia_massiliensis	3717343	22.0	9	0.4090909090909091	99.22992299229924	39.77777777777778	0.02348451568768338
hmp_ibd	1739114	Novosphingobium_sp._Fuku2-ISO-50	4422865	2.0	0	0.0			0.0
hmp_ibd	1739298	Bacteroides_sp._HMSC067B03	6513253	12.0	8	0.6666666666666666	100.0	42.0	0.008352201273311507
hmp_ibd	1739517	Bacteroides_sp._HMSC073E02	6622929	8.0	8	1.0	100.0	42.0	0.008455473401572024
hmp_ibd	1742405	Parabacteroides_sp._PFB2-10	3687546	4.0	0	0.0			0.0
hmp_ibd	1742774	Paenibacillus_sp._YN15	7411752	2.0	0	0.0			0.0
hmp_ibd	1745713	Bariatricus_massiliensis	4219447	10.0	4	0.4	99.75247524752476	42.0	0.008650422673871718
hmp_ibd	1747	Cutibacterium_acnes	2494738	6.0	2	0.3333333333333333	99.50495049504951	42.0	0.005812233589258671
hmp_ibd	174709	Allobaculum_stercoricanis	2052877	2.0	0	0.0			0.0
hmp_ibd	1750560	Parabacteroides_massiliensis	5015786	4.0	1	0.25	94.05940594059405	23	0.0020335795825419983
hmp_ibd	1755100	Fusobacterium_gastrosuis	1813656	2.0	0	0.0			0.0
hmp_ibd	1761885	Prevotella_sp._khp7	3080082	2.0	0	0.0			0.0
hmp_ibd	1761887	Prevotella_sp._ne3005	3567607	4.0	0	0.0			0.0
hmp_ibd	1761888	Prevotella_sp._tc2-28	3371121	2.0	0	0.0			0.0
hmp_ibd	1769	Mycobacterium_leprae	3187112	2.0	0	0.0			0.0
hmp_ibd	1773	Mycobacterium_tuberculosis	4411532	4.0	0	0.0			0.0
hmp_ibd	1776045	Clostridium_sp._C105KSO13	3208013	2.0	0	0.0			0.0
hmp_ibd	1776382	Neglectibacter_timonensis	3671597	8.0	0	0.0			0.0
hmp_ibd	1776391	Romboutsia_timonensis	3112481	84.0	42	0.5	99.37375247352936	38.023809523809526	0.08748647782910161
hmp_ibd	1776392	Massilimicrobiota_timonensis	2661126	4.0	0	0.0			0.0
hmp_ibd	1776758	Clostridium_sp._N3C	3036132	2.0	0	0.0			0.0
hmp_ibd	1777881	Streptococcus_sp._DD13	1716726	4.0	0	0.0			0.0
hmp_ibd	1780376	Alistipes_sp._CHKCI003	2869882	52.0	5	0.09615384615384616	96.33883388338833	33.4	0.012787982223659372
hmp_ibd	1796613	Bacteroides_caecimuris	4839927	18.0	6	0.3333333333333333	95.36633663366337	22.666666666666668	0.010640656357007037
hmp_ibd	1796615	Blautia_caecimuris	4093107	8.0	2	0.25	100.0	42.0	0.0033226592903630417
hmp_ibd	1796616	Blautia_pseudococcoides	5128746	2.0	0	0.0			0.0
hmp_ibd	1796620	Acutalibacter_muris	3802913	6.0	0	0.0			0.0
hmp_ibd	1796622	Extibacter_muris	3711428	2.0	0	0.0			0.0
hmp_ibd	1796628	Longibaculum_muris	3167958	16.0	2	0.125	98.00990099009901	42.0	0.0052399684591778045
hmp_ibd	1796635	Longicatena_caecimuris	3103757	14.0	4	0.2857142857142857	98.46153846153845	41.0	0.008699134629418476
hmp_ibd	1796636	Frisingicoccus_caecimuris	2716364	10.0	3	0.3	96.35973597359737	30.0	0.007730922659849712
hmp_ibd	1796652	Turicimonas_muris	2887949	4.0	0	0.0			0.0
hmp_ibd	1798186	Pseudobutyrivibrio_sp._OR37	3558369	2.0	0	0.0			0.0
hmp_ibd	180164	Blautia_schinkii	3494515	6.0	2	0.3333333333333333	97.02970297029702	17.5	0.0058377199697239816
hmp_ibd	180311	Hespellia_stercorisuis	4402942	10.0	3	0.3	93.72937293729372	11.666666666666666	0.006722777633682206
hmp_ibd	180332	Robinsoniella_peoriensis	7464303	2.0	0	0.0			0.0
hmp_ibd	1805476	Blautia_sp._Marseille-P2398	3592616	2.0	0	0.0			0.0
hmp_ibd	1806837	Massilibacillus_massiliensis	4000953	8.0	0	0.0			0.0
hmp_ibd	181070	Proteocatella_sphenisci	2411055	2.0	0	0.0			0.0
hmp_ibd	1811193	Streptococcus_pantholopis	2241302	2.0	0	0.0			0.0
hmp_ibd	1812935	Enterobacter_roggenkampii	4899997	4.0	0	0.0			0.0
hmp_ibd	1816676	Alistipes_provencensis	3805205	28.0	10	0.35714285714285715	98.22318847218496	39.6	0.017870259289578354
hmp_ibd	1816689	Sutterella_massiliensis	2933700	14.0	1	0.07142857142857142	92.64705882352942	8	0.002351978729931486
hmp_ibd	1817964	Shinella_curvata	6076148	2.0	0	0.0			0.0
hmp_ibd	182264	Sporotomaculum_syntrophicum	3352116	2.0	0	0.0			0.0
hmp_ibd	1833852	Desulforamulus_ferrireducens	3240180	2.0	0	0.0			0.0
hmp_ibd	1834438	Pedobacter_quisquiliarum	3773827	20.0	5	0.25	96.69013165052769	34.2	0.002517338500148523
hmp_ibd	1841855	Bacteroides_bouchesdurhonensis	5308568	16.0	8	0.5	98.66210327623831	25.5	0.00923036118214931
hmp_ibd	1841856	Bacteroides_mediterraneensis	4075696	22.0	2	0.09090909090909091	97.01485148514851	40.0	0.0042692094798041855
hmp_ibd	1841857	Culturomica_massiliensis	4410591	2.0	0	0.0			0.0
hmp_ibd	1841864	Marseilla_massiliensis	4084489	8.0	0	0.0			0.0
hmp_ibd	1841865	Mediterranea_massiliensis	3949838	10.0	0	0.0			0.0
hmp_ibd	185007	Pseudobutyrivibrio_xylanivorans	3420924	2.0	0	0.0			0.0
hmp_ibd	1851428	Faecalibacterium_longum	2951594	32.0	21	0.65625	98.06364922206505	30.142857142857142	0.051158797585304755
hmp_ibd	1852366	Holdemania_sp._Marseille-P2844	3680275	2.0	2	1.0	100.0	42.0	0.004238813675608481
hmp_ibd	1852370	Prevotellamassilia_timonensis	3475353	6.0	0	0.0			0.0
hmp_ibd	1852379	Colibacter_massiliensis	1715864	2.0	0	0.0			0.0
hmp_ibd	1852384	Massiliimalia_massiliensis	2842720	2.0	0	0.0			0.0
hmp_ibd	185293	Prevotella_oryzae	3287991	2.0	0	0.0			0.0
hmp_ibd	1855299	Oscillibacter_sp._PC13	2792998	6.0	0	0.0			0.0
hmp_ibd	1855342	Oribacterium_sp._KHPX15	4017748	2.0	0	0.0			0.0
hmp_ibd	1860161	Streptococcus_sp._CCUG_49591	1928655	4.0	2	0.5	100.0	42.0	0.005703456553919701
hmp_ibd	1870988	Pseudoflavonifractor_phocaeensis	3146058	52.0	0	0.0			0.0
hmp_ibd	1870991	Massilioclostridium_coli	2985330	14.0	6	0.42857142857142855	100.0	42.0	0.019595823577292962
hmp_ibd	1870997	Alterileibacterium_massiliense	1450823	2.0	2	1.0	100.0	42.0	0.01151070806018377
hmp_ibd	1871003	Tidjanibacter_massiliensis	2390301	2.0	2	1.0	97.49444332188321	14.5	0.008408982801747561
hmp_ibd	1871006	Bacteroides_congonensis	6373337	22.0	7	0.3181818181818182	99.57567185289959	42.0	0.006291837384403179
hmp_ibd	1871020	Clostridium_sp._Marseille-P3244	2972275	14.0	10	0.7142857142857143	97.42574257425743	32.4	0.030851788613099396
hmp_ibd	1871024	Mordavella_massiliensis	2614310	4.0	2	0.5	97.02970297029702	33.0	0.007803206199723828
hmp_ibd	1871029	Intestinibacillus_massiliensis	2841380	2.0	0	0.0			0.0
hmp_ibd	1871035	Negativibacillus_massiliensis	2876881	12.0	2	0.16666666666666666	98.01980198019803	42.0	0.007091012801711298
hmp_ibd	1871336	Criibacterium_bergeronii	2176288	6.0	0	0.0			0.0
hmp_ibd	1872444	Alistipes_sp.	3229522	10.0	0	0.0			0.0
hmp_ibd	187327	Acidaminococcus_intestini	2305309	16.0	4	0.25	100.0	42.0	0.011148180135504612
hmp_ibd	1882749	Opitutus_sp._GAS368	4150883	2.0	0	0.0			0.0
hmp_ibd	1884669	Porphyromonas_loveana	2275291	4.0	0	0.0			0.0
hmp_ibd	1895907	Dysgonomonas_sp._37-18	4410792	2.0	0	0.0			0.0
hmp_ibd	1896211	Fibrobacter_sp._UWH5	3736655	4.0	0	0.0			0.0
hmp_ibd	1896967	Akkermansia_sp._54_46	2966498	4.0	2	0.5	100.0	42.0	0.006876795467247913
hmp_ibd	1897013	Parabacteroides_sp._merdae-related_45_40	5338609	6.0	4	0.6666666666666666	98.67720643032044	42.0	0.004308238344482617
hmp_ibd	1897051	Bacteroides_sp._43_46	4882528	4.0	2	0.5	99.4949494949495	42.0	0.004137201056501878
hmp_ibd	1903261	Mailhella_massiliensis	3465670	4.0	0	0.0			0.0
hmp_ibd	1903262	Bacteroides_ndongoniae	4949270	4.0	0	0.0			0.0
hmp_ibd	1907654	Collinsella_bouchesdurhonensis	1876212	2.0	0	0.0			0.0
hmp_ibd	1907658	Bacteroides_ilei	3974623	4.0	0	0.0			0.0
hmp_ibd	1907662	Raoultibacter_timonensis	4016902	2.0	0	0.0			0.0
hmp_ibd	1912855	Faecalimonas_umbilicata	2919754	4.0	0	0.0			0.0
hmp_ibd	1917867	Bacilliculturomica_massiliensis	4516356	6.0	0	0.0			0.0
hmp_ibd	1917868	Blautia_marasmi	6170525	14.0	0	0.0			0.0
hmp_ibd	1917870	Lachnoclostridium_pacaense	6263362	10.0	6	0.6	99.66831683168317	42.0	0.008653499510326882
hmp_ibd	1917873	Pygmaiobacter_massiliensis	2804249	4.0	0	0.0			0.0
hmp_ibd	1917883	Bacteroides_togonis	3977103	2.0	0	0.0			0.0
hmp_ibd	1926283	Lachnoclostridium_edouardi	3329949	18.0	2	0.1111111111111111	97.52475247524752	41.0	0.004084146634077579
hmp_ibd	1926599	Carboxydocella_sp._ULO1	2700370	4.0	0	0.0			0.0
hmp_ibd	1936995	Parabacteroides_bouchesdurhonensis	3732097	2.0	0	0.0			0.0
hmp_ibd	1940789	Lactococcus_petauri	2106259	4.0	0	0.0			0.0
hmp_ibd	1943579	Oribacterium_sp._C9	3720024	2.0	0	0.0			0.0
hmp_ibd	1944635	Sutterella_seckii	2783178	2.0	0	0.0			0.0
hmp_ibd	1944639	Anaeromassilibacillus_sp._Marseille-P3371	3545090	6.0	0	0.0			0.0
hmp_ibd	1944642	Marasmitruncus_massiliensis	3761792	2.0	0	0.0			0.0
hmp_ibd	1945593	Oscillibacter_sp.	3726880	26.0	0	0.0			0.0
hmp_ibd	1945634	Butyricicoccus_porcorum	2990647	18.0	0	0.0			0.0
hmp_ibd	195	Campylobacter_coli	1716536	8.0	0	0.0			0.0
hmp_ibd	1955272	Allobacillus_salarius	2595246	44.0	36	0.8181818181818182	99.89159110085767	41.94444444444444	0.02693386291704139
hmp_ibd	1958780	Clostridium_merdae	2748860	2.0	0	0.0			0.0
hmp_ibd	1964360	Fibrobacter_sp._UWB5	3361559	2.0	0	0.0			0.0
hmp_ibd	1965537	Flavonifractor_sp._An10	3882968	76.0	39	0.5131578947368421	97.42896396413464	33.56410256410256	0.08282324242692704
hmp_ibd	1965538	Flavonifractor_sp._An100	3040137	4.0	2	0.5	99.50495049504951	42.0	0.006710223914251233
hmp_ibd	1965542	Eubacterium_sp._An11	3912469	2.0	0	0.0			0.0
hmp_ibd	1965544	Flavonifractor_sp._An112	2958951	4.0	0	0.0			0.0
hmp_ibd	1965545	Tyzzerella_sp._An114	2751690	2.0	0	0.0			0.0
hmp_ibd	1965546	Alistipes_sp._An116	3254240	2.0	0	0.0			0.0
hmp_ibd	1965547	Lachnoclostridium_sp._An118	3467513	2.0	2	1.0	100.0	42.0	0.005883179096949312
hmp_ibd	1965548	Drancourtella_sp._An12	3632099	6.0	2	0.3333333333333333	98.59154929577466	42.0	0.0019823248209919386
hmp_ibd	1965549	Gemmiger_sp._An120	3394994	2.0	0	0.0			0.0
hmp_ibd	1965551	Faecalibacterium_sp._An122	3256715	4.0	2	0.5	100.0	42.0	0.0035618713949485906
hmp_ibd	1965555	Lachnoclostridium_sp._An131	3513548	20.0	10	0.5	99.1069306930693	38.1	0.018699047230890258
hmp_ibd	1965560	Lachnoclostridium_sp._An138	3689697	14.0	10	0.7142857142857143	99.11376431760823	38.4	0.027509033939643282
hmp_ibd	1965562	Lachnoclostridium_sp._An14	4288148	130.0	15	0.11538461538461539	98.22950883323627	37.2	0.030922440176971502
hmp_ibd	1965569	Lachnoclostridium_sp._An169	4853259	4.0	0	0.0			0.0
hmp_ibd	1965570	Anaeromassilibacillus_sp._An172	2814283	4.0	0	0.0			0.0
hmp_ibd	1965571	Erysipelatoclostridium_sp._An173	2931751	4.0	2	0.5	95.04950495049505	23.0	0.0038202425785818783
hmp_ibd	1965576	Pseudoflavonifractor_sp._An184	3590977	16.0	6	0.375	99.17326732673268	39.0	0.014675671829699827
hmp_ibd	1965578	Pseudoflavonifractor_sp._An187	2606860	8.0	2	0.25	97.59036144578313	40.0	0.003222267402161988
hmp_ibd	1965580	Bacteroides_sp._An19	4733083	4.0	1	0.25	92.07920792079209	3	0.0021550435519512336
hmp_ibd	1965582	Gemmiger_sp._An194	3071855	6.0	2	0.3333333333333333	95.54455445544554	24.0	0.005534115379794945
hmp_ibd	1965583	Lachnoclostridium_sp._An196	3252622	10.0	2	0.2	98.33333333333333	42.0	0.0018754100537965988
hmp_ibd	1965586	Mediterranea_sp._An20	3844582	6.0	2	0.3333333333333333	98.51485148514851	4.0	0.005306168524952777
hmp_ibd	1965587	Anaeromassilibacillus_sp._An200	3721138	6.0	0	0.0			0.0
hmp_ibd	1965603	Blautia_sp._An249	3938978	16.0	8	0.5	98.63861386138615	35.5	0.014496145954610561
hmp_ibd	1965604	Anaeromassilibacillus_sp._An250	3598956	4.0	2	0.5	97.1594427244582	41.0	0.004556877049900026
hmp_ibd	1965618	Desulfovibrio_sp._An276	3200405	2.0	0	0.0			0.0
hmp_ibd	1965620	Bacteroides_sp._An279	3937191	6.0	0	0.0			0.0
hmp_ibd	1965632	Bacteroides_sp._An322	3432695	2.0	0	0.0			0.0
hmp_ibd	1965634	Flavonifractor_sp._An4	3212734	4.0	2	0.5	91.8918918918919	3.0	0.002334460307015769
hmp_ibd	1965636	Blautia_sp._An46	3820310	4.0	0	0.0			0.0
hmp_ibd	1965640	Bacteroides_sp._An51A	4486442	6.0	4	0.6666666666666666	98.26732673267327	41.5	0.005104267479664287
hmp_ibd	1965646	Barnesiella_sp._An55	3030180	2.0	0	0.0			0.0
hmp_ibd	1965649	Butyricimonas_sp._An62	5210888	4.0	2	0.5	94.77736163129421	24.0	0.0017271528384413559
hmp_ibd	1965650	Alistipes_sp._An66	3055655	8.0	0	0.0			0.0
hmp_ibd	1965654	Lachnoclostridium_sp._An76	3431056	4.0	0	0.0			0.0
hmp_ibd	1965655	Faecalibacterium_sp._An77	3051386	6.0	2	0.3333333333333333	100.0	42.0	0.0029167073585577175
hmp_ibd	1965660	Flavonifractor_sp._An82	3668665	2.0	1	0.5	93.06930693069307	8	0.0027803029167285647
hmp_ibd	1965661	Pseudoflavonifractor_sp._An85	2984473	2.0	0	0.0			0.0
hmp_ibd	1965664	Flavonifractor_sp._An9	3350225	6.0	4	0.6666666666666666	97.77227722772278	37.0	0.010327664559842995
hmp_ibd	1965666	Flavonifractor_sp._An92	3490035	2.0	1	0.5	99.00990099009901	42	0.002922606793341614
hmp_ibd	197	Campylobacter_jejuni	1641481	2.0	0	0.0			0.0
hmp_ibd	1972867	Agrobacterium_rosae	5464393	2.0	0	0.0			0.0
hmp_ibd	197461	Pseudovibrio_exalbescens	4157019	4.0	0	0.0			0.0
hmp_ibd	1977903	Propionibacterium_sp.	2445559	2.0	0	0.0			0.0
hmp_ibd	1979344	Flavobacterium_sp._MDT1-60	5563897	2.0	0	0.0			0.0
hmp_ibd	1981510	Monoglobus_pectinilyticus	2759678	24.0	10	0.4166666666666667	98.18541026516445	36.4	0.025039153118588474
hmp_ibd	1982626	Faecalibacillus_intestinalis	2869982	16.0	6	0.375	97.8644923315861	33.333333333333336	0.0160279750883455
hmp_ibd	1982628	Faecalibacillus_faecis	2525977	8.0	5	0.625	98.01980198019801	30.2	0.02015061894862859
hmp_ibd	1986206	Candidatus_Nanosynsacchari_sp._TM7_ANC_38.39_G1_1	756930	2.0	0	0.0			0.0
hmp_ibd	2004706	Desulfurobacterium_sp.	1686093	2.0	0	0.0			0.0
hmp_ibd	2014781	Scatolibacter_rhodanostii	2702024	2.0	0	0.0			0.0
hmp_ibd	2020964	Bifidobacterium_margollesii	2789387	4.0	0	0.0			0.0
hmp_ibd	2021312	Veillonella_sp._R32	2247556	2.0	1	0.5	92.07920792079209	3	0.004538262895340539
hmp_ibd	2022527	Prevotella_sp._885	3721400	10.0	6	0.6	97.64947703340808	33.166666666666664	0.01338206051486
hmp_ibd	2023178	Leptospira_levettii	3875926	2.0	0	0.0			0.0
hmp_ibd	2024205	Urinicoccus_timonensis	1978908	6.0	0	0.0			0.0
hmp_ibd	2024219	Prevotella_sp._P4-98	3107872	6.0	5	0.8333333333333334	99.20792079207921	34.4	0.010296434344786401
hmp_ibd	2024222	Prevotella_sp._P5-92	3507759	2.0	0	0.0			0.0
hmp_ibd	2024224	Prevotella_sp._P2-180	4106229	4.0	2	0.5	99.50495049504951	42.0	0.0038721659215791423
hmp_ibd	2024228	Prevotella_sp._P4-51	3152425	6.0	3	0.5	100.0	42.0	0.006947032839797934
hmp_ibd	2024555	Virgibacillus_profundi	4362047	30.0	1	0.03333333333333333	93.44262295081968	8	0.001421351030834835
hmp_ibd	2025493	Blautia_hominis	5878941	2.0	0	0.0			0.0
hmp_ibd	2025659	Bacteroides_sp._KFT8	6031385	2.0	0	0.0			0.0
hmp_ibd	2026191	Bacillus_luti	5315231	4.0	0	0.0			0.0
hmp_ibd	2027459	Veillonella_sp._T11011-6	2053092	2.0	1	0.5	95.04950495049505	23	0.004968116382509892
hmp_ibd	2040291	Dorea_phocaeensis	2467622	6.0	2	0.3333333333333333	94.75697569756974	23.5	0.004133534228500151
hmp_ibd	2041044	Eubacterium_maltosivorans	4337501	2.0	0	0.0			0.0
hmp_ibd	2045012	Clostridium_minihomine	2705425	2.0	0	0.0			0.0
hmp_ibd	204516	Phocaeicola_massiliensis	4646209	104.0	36	0.34615384615384615	98.59720960061408	33.69444444444444	0.058047324173320654
hmp_ibd	2048242	Alistipes_sp._Marseille-P5061	2666117	2.0	0	0.0			0.0
hmp_ibd	2049028	Granulicatella_sp.	1930300	6.0	4	0.6666666666666666	96.03960396039602	32.0	0.018080091177537172
hmp_ibd	2064846	Desertimonas_flava	6220585	2.0	0	0.0			0.0
hmp_ibd	2067550	Clostridium_sp._chh4-2	6089737	12.0	2	0.16666666666666666	99.50495049504951	42.0	0.0033498983617847537
hmp_ibd	2078660	Vallitalea_okinawensis	5859119	2.0	0	0.0			0.0
hmp_ibd	2079004	Clostridium_sp._Cult3	2472187	4.0	0	0.0			0.0
hmp_ibd	2079531	Prevotella_sp._Marseille-P4119	3912650	4.0	4	1.0	97.014701470147	36.25	0.009226483329712598
hmp_ibd	208479	Enterocloster_bolteae	6377378	170.0	40	0.23529411764705882	96.99276829885615	31.6	0.05207469276558485
hmp_ibd	2086273	Subdoligranulum_sp._APC924-74	3508961	50.0	30	0.6	98.62829411973458	32.2	0.054375069999353084
hmp_ibd	2086575	Parabacteroides_pacaensis	5238628	2.0	0	0.0			0.0
hmp_ibd	2086583	Pseudoruminococcus_massiliensis	2428410	2.0	0	0.0			0.0
hmp_ibd	2086584	Massilistercora_timonensis	2132391	232.0	110	0.47413793103448276	97.48157297383625	33.336363636363636	0.45404430988500705
hmp_ibd	2093856	Butyricimonas_faecalis	4976422	2.0	0	0.0			0.0
hmp_ibd	2093857	Dysosmobacter_welbionis	3396268	162.0	49	0.30246913580246915	98.46292180238433	36.97959183673469	0.13108506160291236
hmp_ibd	209880	Allisonella_histaminiformans	1700551	16.0	10	0.625	97.92079207920793	39.8	0.03969301714561927
hmp_ibd	210	Helicobacter_pylori	1696601	8.0	0	0.0			0.0
hmp_ibd	2108523	Lawsonibacter_asaccharolyticus	3126090	18.0	10	0.5555555555555556	98.8895658796649	41.6	0.0237677098228138
hmp_ibd	2126740	Clostridium_fessum	3109172	20.0	4	0.2	97.02970297029704	29.0	0.013058138951463604
hmp_ibd	214851	Subdoligranulum_variabile	3244954	12.0	0	0.0			0.0
hmp_ibd	214853	Anaerofustis_stercorihominis	2284703	6.0	4	0.6666666666666666	99.75247524752476	42.0	0.014487659884019935
hmp_ibd	214856	Alistipes_finegoldii	3563510	138.0	34	0.2463768115942029	98.41265406349856	38.14705882352941	0.07363526410757933
hmp_ibd	2161814	Lactimicrobium_massiliense	2457574	2.0	0	0.0			0.0
hmp_ibd	2162637	Bacteroides_sp._PHL_2737	5539106	2.0	0	0.0			0.0
hmp_ibd	216816	Bifidobacterium_longum	2385164	64.0	17	0.265625	97.89411905124614	28.176470588235293	0.04188391238506031
hmp_ibd	2173	Methanobrevibacter_smithii	1853160	4.0	0	0.0			0.0
hmp_ibd	218205	Garciella_nitratireducens	2163332	2.0	0	0.0			0.0
hmp_ibd	2182327	Candidatus_Nitrotoga_fabula	2304384	2.0	0	0.0			0.0
hmp_ibd	218538	Dialister_invisus	1895960	1502.0	731	0.4866844207723036	97.8853550925632	36.348837209302324	2.9252199413489737
hmp_ibd	2201249	Lactobacillus_corticis	1805525	4.0	0	0.0			0.0
hmp_ibd	220686	Neobacillus_vireti	5309094	2.0	0	0.0			0.0
hmp_ibd	2211183	Evtepia_gabavorous	2494407	12.0	2	0.16666666666666666	100.0	42.0	0.003487802912676239
hmp_ibd	2219695	Luxibacter_massiliensis	4142938	2.0	0	0.0			0.0
hmp_ibd	2267611	Capnocytophaga_felis	2882901	4.0	0	0.0			0.0
hmp_ibd	227942	Limosilactobacillus_gastricus	1848461	2.0	0	0.0			0.0
hmp_ibd	228604	Prevotella_salivae	3099908	12.0	0	0.0			0.0
hmp_ibd	2290935	Parabacteroides_acidifaciens	5101196	2.0	0	0.0			0.0
hmp_ibd	2292003	Butyricicoccus_sp._AF35-5AC	3138006	4.0	0	0.0			0.0
hmp_ibd	2292006	Clostridium_sp._AF32-12BH	3981076	4.0	0	0.0			0.0
hmp_ibd	2292046	Lachnotalea_sp._AF33-28	5162566	14.0	6	0.42857142857142855	100.0	42.0	0.004067744606073801
hmp_ibd	2292053	Parabacteroides_sp._AM08-6	4189784	4.0	2	0.5	97.52475247524752	22.0	0.004868986086156231
hmp_ibd	2292054	Prevotella_sp._AM23-5	3940282	8.0	5	0.625	95.64356435643565	23.2	0.01197883806285946
hmp_ibd	2292065	Roseburia_sp._AM16-25	2635846	12.0	6	0.5	99.83498349834984	42.0	0.017451702413570445
hmp_ibd	2292066	Roseburia_sp._AM23-20	4145911	12.0	6	0.5	97.84818481848185	23.333333333333332	0.012759559961610366
hmp_ibd	2292075	Sutterella_sp._AM11-39	2227305	26.0	1	0.038461538461538464	90.625	8	0.002918325061004218
hmp_ibd	2292194	Bacteroides_sp._AF27-33	7056870	2.0	2	1.0	96.7876787678768	33.0	0.002720752968384
hmp_ibd	2292204	Clostridium_sp._AF19-22AC	5921605	2.0	0	0.0			0.0
hmp_ibd	2292206	Clostridium_sp._AF27-2AA	3575329	166.0	104	0.6265060240963856	99.14022777339359	38.38461538461539	0.21989584734719517
hmp_ibd	2292209	Collinsella_sp._AF05-8-2	2333248	2.0	0	0.0			0.0
hmp_ibd	2292234	Faecalibacterium_sp._AF28-13AC	3389503	4.0	0	0.0			0.0
hmp_ibd	2292236	Odoribacter_sp._AF15-53	5206690	2.0	0	0.0			0.0
hmp_ibd	2292244	Pseudoflavonifractor_sp._AF19-9AC	3124708	2.0	0	0.0			0.0
hmp_ibd	2292280	Bacteroides_sp._OF02-3LB	6810738	6.0	4	0.6666666666666666	99.17600312662846	42.0	0.004360760904324906
hmp_ibd	2292281	Bacteroides_sp._OF04-15BH	3751971	10.0	0	0.0			0.0
hmp_ibd	2292284	Bacteroides_sp._OM08-11	3878769	8.0	3	0.375	96.6996699669967	29.666666666666668	0.005414088851385581
hmp_ibd	2292287	Blautia_sp._OF03-15BH	3728016	2.0	2	1.0	100.0	42.0	0.005472079518972021
hmp_ibd	2292304	Clostridium_sp._AM33-3	3217602	72.0	37	0.5138888888888888	97.4654664978676	34.945945945945944	0.0815824952868627
hmp_ibd	2292305	Clostridium_sp._AM42-4	3653786	2.0	0	0.0			0.0
hmp_ibd	2292307	Clostridium_sp._AM58-1XD	4360356	18.0	4	0.2222222222222222	97.01732673267327	32.5	0.008944223820256877
hmp_ibd	2292310	Clostridium_sp._OF09-36	3906899	4.0	2	0.5	98.51485148514851	41.0	0.0032762556697780005
hmp_ibd	2292348	Eisenbergiella_sp._OF01-20	7234838	2.0	0	0.0			0.0
hmp_ibd	2292356	Faecalibacterium_sp._OF03-6AC	2830308	10.0	5	0.5	98.21782178217822	11.8	0.010811544185297148
hmp_ibd	2292357	Faecalibacterium_sp._OM04-11BH	2961722	12.0	6	0.5	97.65350161389766	25.166666666666668	0.016882070633232965
hmp_ibd	2292363	Parabacteroides_sp._TM07-1AC	6085081	2.0	0	0.0			0.0
hmp_ibd	2292364	Prevotella_sp._AM34-19LB	3560375	10.0	9	0.9	96.14054188924047	27.77777777777778	0.02140223993259137
hmp_ibd	2292365	Prevotella_sp._TF12-30	3900702	4.0	3	0.75	95.04950495049506	22.666666666666668	0.006178375071974224
hmp_ibd	2292367	Roseburia_sp._OF03-24	3926239	4.0	2	0.5	97.5	40.0	0.002063043029219566
hmp_ibd	2292368	Roseburia_sp._OM02-15	3656239	6.0	3	0.5	99.09909909909909	14.666666666666666	0.006892328428201766
hmp_ibd	2292372	Ruminococcus_sp._AM42-11	4698861	6.0	4	0.6666666666666666	98.20729195681716	41.5	0.0056396645910572795
hmp_ibd	2292375	Ruminococcus_sp._OM06-36AC	2957724	4.0	0	0.0			0.0
hmp_ibd	2292910	Alistipes_sp._AF14-19	3668313	4.0	2	0.5	93.54455445544555	13.5	0.003134956041101182
hmp_ibd	2292911	Alistipes_sp._AM16-43	3366396	4.0	4	1.0	99.25742574257426	42.0	0.012119786264004591
hmp_ibd	2292922	Bacteroides_sp._AF25-17LB	4747821	6.0	4	0.6666666666666666	100.0	42.0	0.006234438914188214
hmp_ibd	2292924	Bacteroides_sp._AF25-38AC	5074582	2.0	2	1.0	98.51485148514851	42.0	0.004020035541843644
hmp_ibd	2292925	Bacteroides_sp._AF25-5LB	4668245	4.0	2	0.5	99.50495049504951	42.0	0.004327107938850681
hmp_ibd	2292926	Bacteroides_sp._AF26-10BH	4823286	2.0	1	0.5	98.9795918367347	42	0.002052542602698658
hmp_ibd	2292927	Bacteroides_sp._AF27-10BH	4668250	2.0	0	0.0			0.0
hmp_ibd	2292930	Bacteroides_sp._AF33-23	4824176	4.0	2	0.5	100.0	1.0	0.002611845007313166
hmp_ibd	2292931	Bacteroides_sp._AF34-31BH	4724527	6.0	6	1.0	98.19122500485344	41.0	0.011366217189572628
hmp_ibd	2292936	Bacteroides_sp._AF39-16AC	4917973	2.0	2	1.0	97.52475247524752	41.0	0.0021146923742769636
hmp_ibd	2292950	Bacteroides_sp._AM32-11AC	4692899	6.0	2	0.3333333333333333	95.56882158804115	23.5	0.004368301981355235
hmp_ibd	2292951	Bacteroides_sp._AM37-9	6147705	2.0	2	1.0	100.0	42.0	0.002716460858157638
hmp_ibd	2292952	Bacteroides_sp._AM41-16	4905507	20.0	12	0.6	98.69270050934277	38.416666666666664	0.012210766389692236
hmp_ibd	2292957	Bacteroides_sp._OF03-11BH	6871891	14.0	9	0.6428571428571429	97.77429965218744	32.888888888888886	0.007887203100282004
hmp_ibd	2292959	Blautia_sp._AF17-9LB	4076914	2.0	2	1.0	94.05940594059406	16.0	0.005003784725407502
hmp_ibd	2292960	Blautia_sp._AF19-1	3558929	4.0	2	0.5	100.0	42.0	0.0021073755615804643
hmp_ibd	2292962	Blautia_sp._AF19-13LB	4009812	4.0	2	0.5	98.80952380952381	42.0	0.002119800130280422
hmp_ibd	2292968	Blautia_sp._AF34-10	3555463	2.0	2	1.0	99.00990099009901	42.0	0.005034506054485731
hmp_ibd	2292971	Blautia_sp._AM23-13AC	3443045	6.0	2	0.3333333333333333	100.0	42.0	0.002091172203674364
hmp_ibd	2292975	Blautia_sp._AM29-29	3523408	4.0	2	0.5	99.00990099009901	42.0	0.0030368325212407985
hmp_ibd	2292979	Blautia_sp._AM47-4	3843555	4.0	4	1.0	98.76237623762377	40.25	0.010615172672174588
hmp_ibd	2292980	Blautia_sp._OF03-13	3545221	6.0	4	0.6666666666666666	99.25495049504951	42.0	0.011028931623726701
hmp_ibd	2292982	Blautia_sp._OF11-22	3767213	4.0	4	1.0	98.75990099009901	25.5	0.009237598192616133
hmp_ibd	2292984	Blautia_sp._OM06-15AC	3492076	4.0	2	0.5	96.4740351586179	15.0	0.0057558884743631016
hmp_ibd	2292985	Blautia_sp._OM07-19	4216544	2.0	0	0.0			0.0
hmp_ibd	2292988	Blautia_sp._TF12-12AT	3327287	2.0	1	0.5	97.02970297029702	6	0.0030655606204093608
hmp_ibd	2292993	Clostridium_sp._AF02-29	3052050	40.0	21	0.525	98.06694955209807	39.0	0.06428466112940483
hmp_ibd	2293005	Clostridium_sp._AF23-6LB	2889150	2.0	0	0.0			0.0
hmp_ibd	2293009	Clostridium_sp._AF29-8BH	3145208	2.0	0	0.0			0.0
hmp_ibd	2293011	Clostridium_sp._AF34-10BH	4001893	10.0	6	0.6	97.81917380927281	33.333333333333336	0.010220163307714624
hmp_ibd	2293015	Clostridium_sp._AF36-4	2893834	12.0	6	0.5	99.50495049504951	34.5	0.010643319554611633
hmp_ibd	2293016	Clostridium_sp._AF37-5	3107801	10.0	8	0.8	97.75293935643565	37.25	0.023617985836287457
hmp_ibd	2293024	Clostridium_sp._AM22-11AC	3795623	2.0	1	0.5	93.06930693069307	2	0.0026609597423137123
hmp_ibd	2293025	Clostridium_sp._AM27-28	3250566	4.0	4	1.0	99.25742574257427	42.0	0.012397840868328777
hmp_ibd	2293026	Clostridium_sp._AM27-31LB	3613665	2.0	0	0.0			0.0
hmp_ibd	2293028	Clostridium_sp._AM29-11AC	3547659	12.0	7	0.5833333333333334	98.58557284299857	36.42857142857143	0.009922035911568728
hmp_ibd	2293030	Clostridium_sp._AM34-9AC	3804624	8.0	5	0.625	99.8019801980198	42.0	0.010802644361177347
hmp_ibd	2293033	Clostridium_sp._AM46-21	2976561	4.0	2	0.5	98.91304347826086	42.0	0.00312441102332524
hmp_ibd	2293035	Clostridium_sp._AM49-4BH	3183099	20.0	15	0.75	99.1866772884185	39.0	0.03433760621331602
hmp_ibd	2293043	Clostridium_sp._OM05-5BH	3036263	2.0	2	1.0	98.4795918367347	42.0	0.00658704466642053
hmp_ibd	2293051	Clostridium_sp._TF06-15AC	3226053	2.0	2	1.0	95.51980198019803	23.5	0.0032857488702138496
hmp_ibd	2293093	Coprococcus_sp._OM04-5BH	2644330	4.0	2	0.5	97.5609756097561	41.0	0.003138791300631918
hmp_ibd	2293107	Eubacterium_sp._AF34-35BH	2669882	10.0	5	0.5	99.60396039603961	42.0	0.012509916168579736
hmp_ibd	2293108	Eubacterium_sp._AF36-5BH	2729280	8.0	4	0.5	99.75247524752476	42.0	0.010075917458084184
hmp_ibd	2293109	Faecalibacterium_sp._OF04-11AC	2745360	42.0	21	0.5	98.41403841327244	38.42857142857143	0.055948946586240056
hmp_ibd	2293113	Parabacteroides_sp._AF17-3	6857776	4.0	1	0.25	100.0	42	0.0014873626668470946
hmp_ibd	2293114	Parabacteroides_sp._AF19-14	5216724	6.0	2	0.3333333333333333	100.0	42.0	0.00260700010197971
hmp_ibd	2293117	Parabacteroides_sp._AF39-10AC	5551839	4.0	2	0.5	100.0	42.0	0.003098072548573545
hmp_ibd	2293123	Parabacteroides_sp._OF01-14	4928274	10.0	3	0.3	93.75202226104965	11.333333333333334	0.002211727675855685
hmp_ibd	2293125	Prevotella_sp._AM42-24	3992130	8.0	4	0.5	94.99646393210749	23.75	0.008141017451836489
hmp_ibd	2293127	Roseburia_sp._AF12-17LB	2971866	2.0	1	0.5	99.00990099009901	42	0.0034321870501563666
hmp_ibd	2293128	Roseburia_sp._AF15-21	3184543	4.0	2	0.5	97.2972972972973	40.0	0.0023551259945304554
hmp_ibd	2293138	Roseburia_sp._AM59-24XD	3383570	84.0	56	0.6666666666666666	99.05070588041018	41.67857142857143	0.12705515180711496
hmp_ibd	2293144	Roseburia_sp._TF10-5	3443473	52.0	31	0.5961538461538461	98.41952678129002	38.645161290322584	0.059910445065200164
hmp_ibd	2293151	Ruminococcus_sp._AF17-12	3707059	2.0	2	1.0	100.0	42.0	0.005260234595672742
hmp_ibd	2293174	Ruminococcus_sp._AF31-8BH	4594075	2.0	2	1.0	96.53465346534654	23.5	0.0044187350010611495
hmp_ibd	2293178	Ruminococcus_sp._AF37-20	2873186	2.0	0	0.0			0.0
hmp_ibd	2293202	Ruminococcus_sp._AM31-15AC	2934511	4.0	2	0.5	99.00495049504951	32.0	0.004021112887291955
hmp_ibd	2293231	Ruminococcus_sp._OM04-4AA	3313141	2.0	2	1.0	98.51485148514851	1.0	0.006157299070579851
hmp_ibd	2293317	Candidatus_Syntrophocurvum_alkaliphilum	2360781	4.0	0	0.0			0.0
hmp_ibd	2294119	Flavobacterium_sp._CJ74	4843008	4.0	0	0.0			0.0
hmp_ibd	2302925	Bacteroides_sp._AF32-8BH	7260257	4.0	2	0.5	99.00990099009901	42.0	0.0021211370341297836
hmp_ibd	2302935	Bacteroides_sp._214	3394147	2.0	0	0.0			0.0
hmp_ibd	2302936	Bacteroides_sp._224	4421676	2.0	0	0.0			0.0
hmp_ibd	2302937	Bacteroides_sp._519	5555652	2.0	0	0.0			0.0
hmp_ibd	2302938	Bacteroides_sp._51	6202740	4.0	0	0.0			0.0
hmp_ibd	2302955	Faecalibacterium_sp._AF10-46	2898008	16.0	8	0.5	97.9303456116792	26.75	0.016252543126174947
hmp_ibd	2302956	Faecalibacterium_sp._AF27-11BH	2779402	58.0	44	0.7586206896551724	97.86412128852731	32.75	0.12312000926818072
hmp_ibd	2302957	Faecalibacterium_sp._AM43-5AT	2939397	10.0	7	0.7	97.68757606657675	35.57142857142857	0.020922658626922462
hmp_ibd	2304575	Odoribacter_sp._Z80	2563163	6.0	0	0.0			0.0
hmp_ibd	2304576	Pseudoflavonifractor_sp._60	4378120	2.0	0	0.0			0.0
hmp_ibd	2304577	Pseudoflavonifractor_sp._524-17	3724166	6.0	0	0.0			0.0
hmp_ibd	2305240	Clostridium_sp._AM25-23AC	3757782	2.0	2	1.0	98.9949494949495	42.0	0.005348899962797203
hmp_ibd	2305242	Clostridium_sp._AM34-11AC	3752211	8.0	6	0.75	100.0	42.0	0.012632551847430753
hmp_ibd	2305243	Desulfotomaculum_sp._OF05-3	3720446	32.0	18	0.5625	98.5251966905802	37.94444444444444	0.03668914963421052
hmp_ibd	231438	Desulfoluna_butyratoxydans	6440645	2.0	0	0.0			0.0
hmp_ibd	2315463	Faecalibacterium_sp._BCRC_81149	3164912	18.0	14	0.7777777777777778	98.37270155586987	35.357142857142854	0.03219678777798561
hmp_ibd	2316025	Mediterraneibacter_butyricigenes	3034489	2.0	1	0.5	92.07920792079209	8	0.0033613567226640135
hmp_ibd	2320081	Acutalibacter_sp._1XD8-33	3623976	4.0	0	0.0			0.0
hmp_ibd	2320088	Roseburia_sp._1XD42-69	4699653	4.0	0	0.0			0.0
hmp_ibd	2320852	Acutalibacter_sp._1XD8-36	3197856	2.0	0	0.0			0.0
hmp_ibd	233055	Desulfitobacterium_dichloroeliminans	3624449	2.0	0	0.0			0.0
hmp_ibd	2338368	Alcanivorax_profundi	3737376	10.0	6	0.6	98.01980198019801	35.5	0.012040533251136626
hmp_ibd	2358141	Anaerotignum_faecicola	2520658	2.0	0	0.0			0.0
hmp_ibd	2364790	Dysgonomonas_sp._Marseille-P4677	4729948	2.0	0	0.0			0.0
hmp_ibd	2364792	Intestinibacillus_sp._Marseille-P6563	3281290	4.0	0	0.0			0.0
hmp_ibd	2364793	Lachnoclostridium_sp._Marseille-P6806	3125999	2.0	0	0.0			0.0
hmp_ibd	2364796	Ruminococcus_sp._Marseille-P6503	2642213	4.0	0	0.0			0.0
hmp_ibd	239935	Akkermansia_muciniphila	2878459	124.0	66	0.532258064516129	97.68672969307356	31.954545454545453	0.1907617930288394
hmp_ibd	2447885	Bacteroides_faecalis	5771427	34.0	20	0.5882352941176471	97.94234129295283	9.1	0.022594065557790127
hmp_ibd	244830	Anaerospora_hongkongensis	4632311	2.0	0	0.0			0.0
hmp_ibd	246787	Bacteroides_cellulosilyticus	7271073	120.0	25	0.20833333333333334	98.01583358335833	35.28	0.03046317923090581
hmp_ibd	2478953	Blautia_sp._aa_0143	3616539	2.0	2	1.0	100.0	42.0	0.0056407521113418105
hmp_ibd	2478954	Catenibacterium_sp._co_0103	2540390	6.0	3	0.5	98.34983498349834	35.666666666666664	0.008148355173811895
hmp_ibd	2479843	Agathobaculum_sp._Marseille-P7918	2828178	2.0	0	0.0			0.0
hmp_ibd	2490854	Prevotella_koreensis	2691540	2.0	0	0.0			0.0
hmp_ibd	2494234	Sutterella_megalosphaeroides	2725161	6.0	0	0.0			0.0
hmp_ibd	2497860	Cellulosilyticum_sp._WCF-2	4779774	2.0	0	0.0			0.0
hmp_ibd	2498136	Anaerophilus_nitritogenes	3059311	2.0	0	0.0			0.0
hmp_ibd	2508949	Candidatus_Borkfalkia_ceftriaxoniphila	2608799	36.0	19	0.5277777777777778	98.60262868392103	39.0	0.061790885384424024
hmp_ibd	2509240	Blautia_faecicola	3738517	4.0	3	0.75	98.006467313398	28.333333333333332	0.00813156660782872
hmp_ibd	2509433	Senegalimassilia_faecalis	2748041	2.0	0	0.0			0.0
hmp_ibd	2516960	Bacteroides_muris_-ex_Afrizal_et_al._2022-	4387127	18.0	8	0.4444444444444444	99.01111434672879	41.5	0.006678630456788691
hmp_ibd	2518605	Prevotella_hominis	4105402	96.0	23	0.23958333333333334	97.40092679344662	29.869565217391305	0.04257804716809706
hmp_ibd	2528203	Bacteroides_sp._A1C1	4502190	6.0	4	0.6666666666666666	100.0	21.5	0.009062256368567298
hmp_ibd	252967	Thiospirochaeta_perfilievii	3700583	2.0	0	0.0			0.0
hmp_ibd	253	Chryseobacterium_indologenes	4929686	6.0	0	0.0			0.0
hmp_ibd	2530045	Megasphaera_sp._SW808	2486044	4.0	0	0.0			0.0
hmp_ibd	253257	Lacrimispora_amygdalina	5946122	18.0	0	0.0			0.0
hmp_ibd	2547410	Enterocloster_alcoholdehydrogenati	3806033	64.0	18	0.28125	98.84377326621549	37.666666666666664	0.03263240229393702
hmp_ibd	255519	Atlantibacter_subterranea	4778848	12.0	0	0.0			0.0
hmp_ibd	2565572	Parasutterella_muris	2500219	8.0	0	0.0			0.0
hmp_ibd	2569538	Ferrimonas_sediminicola	3966543	2.0	0	0.0			0.0
hmp_ibd	2570191	Thauera_sp._2A1	5051701	6.0	0	0.0			0.0
hmp_ibd	2571127	Clostridium_sp._HBUAS56010	3946960	2.0	0	0.0			0.0
hmp_ibd	2576304	Flavobacterium_sp._GSA192	3832776	2.0	0	0.0			0.0
hmp_ibd	2580425	Faecalibacterium_sp._Marseille-P9312	2800344	48.0	32	0.6666666666666666	98.50493933068559	38.28125	0.08795348000102844
hmp_ibd	2584588	Akkermansia_sp._BIOML-A32	3144254	4.0	2	0.5	100.0	42.0	0.0043889583983991115
hmp_ibd	2584603	Akkermansia_sp._BIOML-A47	3137614	86.0	60	0.6976744186046512	99.75247524752476	40.4	0.02122632038230324
hmp_ibd	2584627	Clostridium_sp._BIOML-A1	2876826	4.0	0	0.0			0.0
hmp_ibd	2584637	Dorea_sp._BIOML-A1	3012413	2.0	2	1.0	100.0	42.0	0.006340432072229139
hmp_ibd	2584645	Faecalibacterium_sp._BIOML-A1	2942445	4.0	2	0.5	100.0	42.0	0.0067630830822666185
hmp_ibd	2584661	Megasphaera_sp._BIOML-A1	2520039	6.0	0	0.0			0.0
hmp_ibd	258475	Pelotomaculum_propionicicum	3946752	2.0	0	0.0			0.0
hmp_ibd	2585118	Alistipes_communis	3301347	382.0	191	0.5	99.3068268854499	41.49214659685864	0.4622658569365777
hmp_ibd	2585119	Alistipes_dispar	2962376	6.0	2	0.3333333333333333	100.0	42.0	0.0025992649143795387
hmp_ibd	258515	Acetanaerobacterium_elongatum	2916215	8.0	0	0.0			0.0
hmp_ibd	259063	Anaerocolumna_jejuensis	6621268	4.0	0	0.0			0.0
hmp_ibd	2592621	Novosphingobium_sp._BW1	4460758	2.0	0	0.0			0.0
hmp_ibd	2592640	Blautia_sp._MCC283	3812449	2.0	2	1.0	100.0	42.0	0.005350891251266574
hmp_ibd	2592642	Clostridium_sp._MCC328	3645623	4.0	2	0.5	100.0	42.0	0.0051842990896206215
hmp_ibd	2592647	Pseudoflavonifractor_sp._MCC625	3229683	2.0	0	0.0			0.0
hmp_ibd	2592649	Ruminococcus_sp._MCC718	3322567	2.0	2	1.0	100.0	42.0	0.00613983104027699
hmp_ibd	259315	uncultured_Faecalibacterium_sp.	2673385	130.0	50	0.38461538461538464	98.3929387771463	37.14	0.13054610540569353
hmp_ibd	2593411	Selenomonas_sp._mPRGC5	2960121	2.0	0	0.0			0.0
hmp_ibd	2594500	Bacteroides_sp._HF-5092	5832052	2.0	2	1.0	99.50495049504951	42.0	0.003497911198322649
hmp_ibd	2595057	Geobacillus_sp._LEMMJ02	3436274	2.0	0	0.0			0.0
hmp_ibd	2596827	Lactobacillus_sp._LL6	2074205	2.0	0	0.0			0.0
hmp_ibd	2599308	Crassaminicella_thermophila	3083380	2.0	0	0.0			0.0
hmp_ibd	2605782	Desulfovibrio_porci	3311244	6.0	4	0.6666666666666666	100.0	42.0	0.00933184023889511
hmp_ibd	2605790	Roseburia_porci	2982004	4.0	0	0.0			0.0
hmp_ibd	2606633	Oliverpabstia_intestinalis	3233390	2.0	0	0.0			0.0
hmp_ibd	2606634	Velocimicrobium_porci	3095654	2.0	0	0.0			0.0
hmp_ibd	2606635	Waltera_intestinalis	2970649	2.0	0	0.0			0.0
hmp_ibd	2606638	Bullifex_porci	2420487	2.0	0	0.0			0.0
hmp_ibd	2606640	Victivallis_lenta	5545070	12.0	10	0.8333333333333334	99.05668686271613	34.1	0.017474982281558214
hmp_ibd	2606708	Mogibacterium_kristiansenii	1802987	4.0	0	0.0			0.0
hmp_ibd	2610895	Flintibacter_sp._KGMB00164	2917795	10.0	6	0.6	98.1848184818482	38.833333333333336	0.016690685946065438
hmp_ibd	261299	Intestinibacter_bartlettii	3006269	32.0	3	0.09375	99.00990099009901	42.0	0.010178729847528614
hmp_ibd	264641	Desulfitibacter_alkalitolerans	4361351	2.0	0	0.0			0.0
hmp_ibd	2650157	Bacteroides_zhangwenhongii	5320612	20.0	0	0.0			0.0
hmp_ibd	2652274	Eisenbergiella_porci	6105837	14.0	4	0.2857142857142857	100.0	39.0	0.006338197367535359
hmp_ibd	2652276	Holdemanella_porci	2070150	4.0	0	0.0			0.0
hmp_ibd	2652291	Inconstantimicrobium_porci	3206647	2.0	0	0.0			0.0
hmp_ibd	2652292	Hornefia_porci	2814507	2.0	0	0.0			0.0
hmp_ibd	2652309	Anaerovibrio_slackiae	3015068	2.0	0	0.0			0.0
hmp_ibd	2653130	Arthrobacter_sp._8AJ	4332777	2.0	0	0.0			0.0
hmp_ibd	2653165	Pseudomonas_sp._8O	5224806	2.0	2	1.0	94.05940594059405	23.0	0.003904451189192479
hmp_ibd	2663009	Fusobacterium_pseudoperiodonticum	2413057	10.0	6	0.6	97.75085387347457	36.333333333333336	0.0180683672205008
hmp_ibd	2665596	Salmonella_sp._S104-04179	4943357	2.0	0	0.0			0.0
hmp_ibd	2672567	Bacillus_aquiflavi	3806094	2.0	0	0.0			0.0
hmp_ibd	2676122	Galactobacter_valiniphilus	3416165	4.0	0	0.0			0.0
hmp_ibd	2681861	Sporofaciens_musculi	5763728	6.0	0	0.0			0.0
hmp_ibd	2682456	Veillonella_nakazawae	2097818	4.0	0	0.0			0.0
hmp_ibd	2683272	Spartinivicinus_ruber	6687090	2.0	0	0.0			0.0
hmp_ibd	2691580	Prevotella_sp._Rep29	2730135	4.0	0	0.0			0.0
hmp_ibd	2692629	Copranaerobaculum_intestinale	2299421	16.0	8	0.5	98.38737623762376	41.75	0.024962805854169375
hmp_ibd	2696063	Anaerocolumna_sedimenticola	5500435	6.0	0	0.0			0.0
hmp_ibd	2697504	Bacteroides_sp._Marseille-P8574	4794406	2.0	2	1.0	99.00990099009901	42.0	0.0037543754116776927
hmp_ibd	270498	Christensenella_hongkongensis	3152139	6.0	2	0.3333333333333333	100.0	42.0	0.005297989714286077
hmp_ibd	2709398	Parabacteroides_sp._ZJ-118	3176705	2.0	0	0.0			0.0
hmp_ibd	2714353	Vescimonas_fastidiosa	2504406	34.0	11	0.3235294117647059	97.54465291675088	36.36363636363637	0.02886912106104202
hmp_ibd	2714355	Vescimonas_coprocola	2557760	172.0	110	0.6395348837209303	97.90986591901802	35.9	0.3465141373701989
hmp_ibd	2714358	Pusillibacter_faecalis	3407680	52.0	24	0.46153846153846156	99.62951368666279	41.916666666666664	0.053966334867123676
hmp_ibd	2715212	Bacteroides_faecium	6782182	4.0	0	0.0			0.0
hmp_ibd	2722793	Tepidanaerobacter_sp._GT38	2521808	2.0	0	0.0			0.0
hmp_ibd	2723058	Bacteroides_sp._GM023	7037196	2.0	0	0.0			0.0
hmp_ibd	2724191	Ferrimonas_lipolytica	4133133	2.0	0	0.0			0.0
hmp_ibd	2736254	Bacillus_sp._WMMC1349	4514885	2.0	0	0.0			0.0
hmp_ibd	2739389	Phocaeicola_faecicola	4547551	12.0	6	0.5	97.70016654443221	34.5	0.012270340673474581
hmp_ibd	2746063	Bacteroides_sp._L10-4	4482024	2.0	2	1.0	100.0	37.0	0.004127599495228049
hmp_ibd	2754	Synergistes_jonesii	2741240	2.0	0	0.0			0.0
hmp_ibd	2755405	Bacteroides_sp._CACC_737	4634436	8.0	4	0.5	100.0	36.25	0.005739641242213724
hmp_ibd	2758403	Faecalibacterium_sp._Marseille-Q3530	2909601	32.0	13	0.40625	99.20068334800564	41.84615384615385	0.03127576598990721
hmp_ibd	2758418	Anaerostipes_sp._Marseille-Q3525	2796141	6.0	4	0.6666666666666666	99.75247524752476	42.0	0.014520011687536503
hmp_ibd	2758579	Klebsiella_sp._Kps	5476082	2.0	1	0.5	92.0	3	0.0018443843609354277
hmp_ibd	2762213	Phocaeicola_faecium	3486467	4.0	2	0.5	99.50495049504951	42.0	0.005851195493891094
hmp_ibd	2763014	Agathobaculum_sp._M2	2563169	4.0	2	0.5	99.00990099009901	42.0	0.00421353410563252
hmp_ibd	2763016	Anaerofilum_hominis	3136292	8.0	0	0.0			0.0
hmp_ibd	2763020	Bacteroides_sp._NSJ-48	4514061	8.0	8	1.0	98.93805142000303	42.0	0.01681412812099792
hmp_ibd	2763027	Blautia_sp._M29	3618389	6.0	4	0.6666666666666666	98.05810184599024	41.0	0.007600067322778175
hmp_ibd	2763028	Blautia_intestinalis	3481912	2.0	0	0.0			0.0
hmp_ibd	2763038	Clostridium_sp._BX14	3098902	4.0	0	0.0			0.0
hmp_ibd	2763040	Dorea_sp._NSJ-36	3019761	2.0	2	1.0	94.55445544554455	23.0	0.0035102115697235644
hmp_ibd	2763042	Dysosmobacter_sp._BX15	3671022	78.0	40	0.5128205128205128	99.29505989538474	40.6	0.08163939088351964
hmp_ibd	2763045	Eubacterium_sp._BX4	2929446	2.0	1	0.5	98.01980198019803	42	0.0034818870189107427
hmp_ibd	2763047	Flintibacter_sp._BX5	2849896	6.0	3	0.5	95.7095709570957	29.0	0.007649401943088449
hmp_ibd	2763048	Flintibacter_sp._NSJ-23	2728146	4.0	2	0.5	97.52475247524752	11.0	0.003995387343639233
hmp_ibd	2763050	Hungatella_sp._L12	7159456	2.0	0	0.0			0.0
hmp_ibd	2763051	Lachnospira_sp._NSJ-43	2936761	42.0	26	0.6190476190476191	99.29008950006073	41.07692307692308	0.060372635022053214
hmp_ibd	2763052	Lawsonibacter_faecis	4054796	12.0	10	0.8333333333333334	99.86111111111111	42.0	0.02424289656002423
hmp_ibd	2763054	Mediterraneibacter_sp._NSJ-55	3598112	54.0	31	0.5740740740740741	97.04401210200649	33.45161290322581	0.06445046735621349
hmp_ibd	2763057	Parabacteroides_sp._N37	5208984	2.0	0	0.0			0.0
hmp_ibd	2763061	Roseburia_lenta	2558168	6.0	4	0.6666666666666666	100.0	40.0	0.015636189648217006
hmp_ibd	2763062	Roseburia_sp._NSJ-69	3959994	4.0	4	1.0	99.25742574257426	41.5	0.006742434458234028
hmp_ibd	2763064	Roseburia_sp._BX1005	3504022	44.0	24	0.5454545454545454	98.44355905178354	39.0	0.05125538595362701
hmp_ibd	2763069	Ruminococcus_sp._M6-2020-	3705135	6.0	0	0.0			0.0
hmp_ibd	2763644	Zhenpiania_hominis	3442329	4.0	0	0.0			0.0
hmp_ibd	2763656	Guopingia_tenuis	2203091	24.0	10	0.4166666666666667	98.3601442851052	41.4	0.030684161480392772
hmp_ibd	2763657	Congzhengia_minquanensis	2802181	2.0	0	0.0			0.0
hmp_ibd	2763658	Ligaoa_zhengdingensis	2951177	6.0	0	0.0			0.0
hmp_ibd	2763659	Fumia_xinanensis	2834305	2.0	0	0.0			0.0
hmp_ibd	2763660	Feifania_hominis	2356956	6.0	0	0.0			0.0
hmp_ibd	2763661	Bianquea_renquensis	3939669	6.0	0	0.0			0.0
hmp_ibd	2763662	Yeguia_hominis	2977335	14.0	4	0.2857142857142857	99.05803080308031	42.0	0.007422745508987063
hmp_ibd	2763663	Enterocloster_hominis	2775296	4.0	2	0.5	100.0	42.0	0.004756249423484918
hmp_ibd	2763664	Jutongia_hominis	2741145	4.0	0	0.0			0.0
hmp_ibd	2763666	Zhenhengia_yiwuensis	3949687	30.0	14	0.4666666666666667	98.23196605374822	38.857142857142854	0.02000158493571769
hmp_ibd	2763669	Qiania_dongpingensis	3084832	2.0	0	0.0			0.0
hmp_ibd	2763670	Wujia_chipingensis	2942917	6.0	4	0.6666666666666666	99.50495049504951	42.0	0.007203736972534393
hmp_ibd	2763671	Jingyaoa_shaoxingensis	3649426	4.0	2	0.5	100.0	42.0	0.005535117029362974
hmp_ibd	2763675	Jilunia_laotingensis	4738048	12.0	0	0.0			0.0
hmp_ibd	2763676	Qingrenia_yutianensis	2635915	2.0	2	1.0	98.01980198019803	41.0	0.004021373982089711
hmp_ibd	2763677	Zongyangia_hominis	2561368	10.0	0	0.0			0.0
hmp_ibd	2763678	Youxingia_wuxianensis	2660737	8.0	2	0.25	96.03960396039604	25.0	0.004961031473610507
hmp_ibd	2764322	Hydrogeniiclostridium_mannosilyticum	3014016	12.0	4	0.3333333333333333	98.94492574257426	41.5	0.007000626406760946
hmp_ibd	2764712	Lentihominibacter_faecis	2097162	6.0	4	0.6666666666666666	99.11144960649912	42.0	0.01263612443864613
hmp_ibd	2766595	Alloprevotella_sp._Lung230	2486202	4.0	0	0.0			0.0
hmp_ibd	2771369	Alicyclobacillaceae_bacterium_TP075	4090762	2.0	0	0.0			0.0
hmp_ibd	2773458	Anaerovorax_sp._IOR16	3379226	2.0	0	0.0			0.0
hmp_ibd	2774330	Aerococcaceae_bacterium_zg-1292	2424983	2.0	0	0.0			0.0
hmp_ibd	2779351	Sellimonas_monacensis	3008920	2.0	0	0.0			0.0
hmp_ibd	2779354	Gemmiger_gallinarum	2955389	2.0	2	1.0	98.51485148514851	42.0	0.005616857882329534
hmp_ibd	2779355	Ructibacterium_gallinarum	3008341	10.0	0	0.0			0.0
hmp_ibd	2779358	Gallalistipes_aquisgranensis	2988498	12.0	0	0.0			0.0
hmp_ibd	2779518	Blautia_liquoris	3518434	2.0	0	0.0			0.0
hmp_ibd	2780102	Oscillibacter_sp._CU971	3552447	6.0	0	0.0			0.0
hmp_ibd	278064	uncultured_Dialister_sp.	2345410	6.0	0	0.0			0.0
hmp_ibd	2780922	Solibaculum_mannosilyticum	2541474	2.0	0	0.0			0.0
hmp_ibd	2784518	Bacteroides_sp._FSHCM14E1	5121660	2.0	2	1.0	100.0	42.0	0.003983083609610946
hmp_ibd	2785025	Anaeromicropila_herbilytica	5089009	4.0	0	0.0			0.0
hmp_ibd	2785133	Flavonifractor_sp._AGMB03687	3327744	2.0	2	1.0	100.0	42.0	0.004657810216170475
hmp_ibd	2785794	Bacteroides_sp._HF-5613	4438358	2.0	2	1.0	100.0	42.0	0.004596294395359725
hmp_ibd	2786956	Phocaeicola_faecalis	4318148	6.0	2	0.3333333333333333	95.58823529411765	23.5	0.00275581105603606
hmp_ibd	2787078	Anaeromassilibacillus_sp._D41t1_190614_C2	3107887	10.0	8	0.8	98.24798886138613	31.75	0.021236293340137526
hmp_ibd	2787103	Clostridium_sp._1001270J_160509_D11	2978124	88.0	48	0.5454545454545454	98.91676398280698	40.666666666666664	0.08968733336825466
hmp_ibd	2787112	Romboutsia_sp._1001713B170207_170306_H8	3401524	2.0	0	0.0			0.0
hmp_ibd	2787114	Ruminococcus_sp._D54t1_190329_F1	4332946	2.0	2	1.0	100.0	42.0	0.004546560238692104
hmp_ibd	2787120	Holdemania_sp._1001302B_160321_E10	3764649	6.0	4	0.6666666666666666	100.0	42.0	0.008101684911395457
hmp_ibd	2787128	Alistipes_sp._D31t1_170403_E11	3754900	22.0	6	0.2727272727272727	95.36623560315216	23.166666666666668	0.011984340461796585
hmp_ibd	2787132	Anaeromassilibacillus_sp._1001302B_160321_C8	3007086	4.0	0	0.0			0.0
hmp_ibd	2796143	Alicyclobacillus_sp._ALC3	5073212	4.0	0	0.0			0.0
hmp_ibd	28026	Bifidobacterium_pseudocatenulatum	2313752	36.0	6	0.16666666666666666	98.1848184818482	36.0	0.022214999706105062
hmp_ibd	28037	Streptococcus_mitis	1906344	12.0	4	0.3333333333333333	96.2871287128713	32.0	0.015107451750575972
hmp_ibd	2803863	Clostridium_paridis	4080554	2.0	0	0.0			0.0
hmp_ibd	28051	Lachnospira_multipara	2871860	4.0	0	0.0			0.0
hmp_ibd	28052	Lachnospira_pectinoschiza	2704308	108.0	0	0.0			0.0
hmp_ibd	28111	Bacteroides_eggerthii	4206509	120.0	6	0.05	97.35808580858087	18.333333333333332	0.013265156451584912
hmp_ibd	28112	Tannerella_forsythia	3405521	2.0	0	0.0			0.0
hmp_ibd	28113	Bacteroides_heparinolyticus	3608975	16.0	0	0.0			0.0
hmp_ibd	28116	Bacteroides_ovatus	6472489	2338.0	511	0.218562874251497	98.36409163031969	33.43835616438356	0.6607349970003812
hmp_ibd	28117	Alistipes_putredinis	2550678	992.0	391	0.3941532258064516	99.07810744631908	39.74424552429667	1.1125277279217525
hmp_ibd	28118	Odoribacter_splanchnicus	4392177	304.0	125	0.41118421052631576	99.08686500471008	35.84	0.23405249833966163
hmp_ibd	28119	Bacteroides_zoogleoformans	3361794	2.0	0	0.0			0.0
hmp_ibd	28123	Porphyromonas_asaccharolytica	2186370	16.0	9	0.5625	94.78236362962139	21.77777777777778	0.03503524106166843
hmp_ibd	28124	Porphyromonas_endodontalis	2102930	2.0	0	0.0			0.0
hmp_ibd	28125	Prevotella_bivia	2521238	28.0	2	0.07142857142857142	98.83720930232558	42.0	0.0034506857345478685
hmp_ibd	28127	Hoylesella_buccalis	3307707	38.0	13	0.34210526315789475	96.5199750744305	30.76923076923077	0.03476728742902561
hmp_ibd	28128	Prevotella_corporis	2800206	4.0	2	0.5	100.0	42.0	0.004713938903066418
hmp_ibd	28130	Prevotella_disiens	3051352	12.0	6	0.5	99.66996699669967	42.0	0.017434894433680546
hmp_ibd	28131	Prevotella_intermedia	2674170	36.0	2	0.05555555555555555	96.7032967032967	1.0	0.006880639600324587
hmp_ibd	28133	Prevotella_nigrescens	2887107	4.0	0	0.0			0.0
hmp_ibd	28137	Prevotella_veroralis	2990547	4.0	0	0.0			0.0
hmp_ibd	2815577	Alkalibacter_rhizosphaerae	2449552	2.0	0	0.0			0.0
hmp_ibd	2816908	Sedimentibacter_sp._zth1	3133930	2.0	0	0.0			0.0
hmp_ibd	2817017	Faecalibacterium_sp._Marseille-P9590	2907134	26.0	20	0.7692307692307693	98.54166123372653	37.2	0.05256035669494423
hmp_ibd	2817018	Faecalibacterium_sp._Marseille-Q4896	2884496	36.0	21	0.5833333333333334	98.99522065709508	39.285714285714285	0.051586134978172965
hmp_ibd	2817019	Faecalibacterium_sp._Marseille-Q0746	2860703	8.0	8	1.0	99.25742574257427	26.5	0.025098725732800645
hmp_ibd	2817020	Faecalibacterium_sp._Marseille-Q4164	2937381	2.0	0	0.0			0.0
hmp_ibd	2817021	Faecalibacterium_sp._Marseille-Q4137	3284209	16.0	12	0.75	99.46256038647344	41.833333333333336	0.030479180831670578
hmp_ibd	2817862	Proteiniclasticum_aestuarii	3184189	2.0	0	0.0			0.0
hmp_ibd	2818044	Sinanaerobacter_chloroacetimidivorans	4778346	2.0	0	0.0			0.0
hmp_ibd	28189	Capnocytophaga_cynodegmi	2640475	2.0	0	0.0			0.0
hmp_ibd	281920	Porphyromonas_uenonis	2254407	14.0	3	0.21428571428571427	93.3993399339934	11.333333333333334	0.00993609405932469
hmp_ibd	2823317	Phascolarctobacterium_sp._Marseille-Q4147	2385942	10.0	3	0.3	94.36963696369635	23.0	0.009891271455886187
hmp_ibd	282402	Prevotella_multiformis	3025491	2.0	0	0.0			0.0
hmp_ibd	28251	Ornithobacterium_rhinotracheale	2399175	4.0	0	0.0			0.0
hmp_ibd	2829812	Proteiniphilum_propionicum	3906720	2.0	0	0.0			0.0
hmp_ibd	2833580	Lederbergia_citri	4823521	2.0	0	0.0			0.0
hmp_ibd	2834113	Alistipes_montrealensis	3484450	2.0	0	0.0			0.0
hmp_ibd	283786	Bizionia_paragorgiae	3143625	2.0	0	0.0			0.0
hmp_ibd	2838470	Candidatus_Bacteroides_intestinigallinarum	7220215	16.0	0	0.0			0.0
hmp_ibd	2841264	Candidatus_Minimicrobia_vallesae	706973	2.0	2	1.0	94.01980198019803	13.5	0.02871396786015873
hmp_ibd	2841504	Dysosmobacter_acutus	3161374	4.0	0	0.0			0.0
hmp_ibd	2841507	Alkaliphilus_flagellatus	3599251	2.0	0	0.0			0.0
hmp_ibd	2841513	Eubacterium_sp._MSJ-13	2367872	6.0	1	0.16666666666666666	94.05940594059405	23	0.004307665279204281
hmp_ibd	2841514	Roseburia_sp._MSJ-14	3404698	6.0	2	0.3333333333333333	94.55445544554456	16.0	0.004141336470958658
hmp_ibd	2841515	Falcatimonas_sp._MSJ-15	3671430	2.0	2	1.0	100.0	42.0	0.004821009797272452
hmp_ibd	2841516	Lachnoclostridium_sp._MSJ-17	2039394	4.0	0	0.0			0.0
hmp_ibd	2841517	Blautia_sp._MSJ-19	3565090	8.0	0	0.0			0.0
hmp_ibd	2841521	Anaerotignum_sp._MSJ-24	2292124	28.0	4	0.14285714285714285	95.86520376175548	28.0	0.007722095314215112
hmp_ibd	2841525	Pseudoflavonifractor_sp._MSJ-30	2456461	2.0	0	0.0			0.0
hmp_ibd	2841526	Oscillibacter_sp._MSJ-31	2703736	26.0	10	0.38461538461538464	96.52917736218066	29.0	0.028553083585083752
hmp_ibd	2841528	Eubacterium_sp._MSJ-33	2908239	6.0	2	0.3333333333333333	97.02970297029702	33.0	0.007014554168347237
hmp_ibd	2841530	Blautia_sp._MSJ-36	3681209	8.0	0	0.0			0.0
hmp_ibd	2841531	Pseudoflavonifractor_sp._MSJ-37	2579358	6.0	0	0.0			0.0
hmp_ibd	2841532	Intestinimonas_sp._MSJ-38	3060516	8.0	2	0.25	96.53465346534654	32.5	0.00519520237763828
hmp_ibd	2841533	Kineothrix_sp._MSJ-39	2991170	4.0	0	0.0			0.0
hmp_ibd	2841536	Ruminococcus_sp._MSJ-25	1878734	2.0	2	1.0	100.0	42.0	0.008835737257110374
hmp_ibd	2847299	Bacteroides_sp._DH3716P	6640706	16.0	7	0.4375	99.10714285714286	36.142857142857146	0.00777025816230985
hmp_ibd	2849174	Bacteroides_sp._MSK.20.82	6877329	2.0	0	0.0			0.0
hmp_ibd	2849180	Parabacteroides_sp._MSK.9.14	5060818	4.0	2	0.5	99.00990099009901	42.0	0.0024106774833633614
hmp_ibd	2850324	Bacteroides_sp._MSK.20.12	6129424	4.0	2	0.5	98.51485148514851	14.0	0.003311893580865021
hmp_ibd	2854755	Prevotella_lacticifex	4192550	44.0	18	0.4090909090909091	99.11881188118812	41.888888888888886	0.03463286066952093
hmp_ibd	2854784	Acidovorax_sp._sic0104	5821448	2.0	0	0.0			0.0
hmp_ibd	287	Pseudomonas_aeruginosa	6264404	8.0	0	0.0			0.0
hmp_ibd	2880704	Duncaniella_muricolitica	4055027	4.0	0	0.0			0.0
hmp_ibd	2881258	Ruminococcus_sp._CLA-AA-H200	3813516	6.0	0	0.0			0.0
hmp_ibd	2881261	Roseburia_sp._CLA-AA-H209	3172806	4.0	2	0.5	99.50495049504951	42.0	0.006429639883434412
hmp_ibd	2881265	Faecalibacterium_sp._CLA-AA-H223	2808211	12.0	4	0.3333333333333333	98.26732673267327	41.5	0.014528822798571761
hmp_ibd	2881276	Fusicatenibacter_sp._CLA-AA-H277	3901120	30.0	14	0.4666666666666667	97.21705304629174	35.0	0.024377614633746204
hmp_ibd	2883186	Blautia_sp._MSK20_18	3967928	6.0	4	0.6666666666666666	97.25490196078432	36.5	0.005922486496730788
hmp_ibd	2883214	Lacrimispora_sp._210928-DFI.3.58	4706493	18.0	6	0.3333333333333333	99.00330033003301	41.666666666666664	0.011600994625934852
hmp_ibd	2885264	Blautia_sp._DFI.1.216	4167967	2.0	2	1.0	100.0	42.0	0.004390629772260673
hmp_ibd	2885351	Hominisplanchenecus_faecis	3266661	2.0	2	1.0	96.9690846635684	33.0	0.006153071898185945
hmp_ibd	2886688	Sphingobacterium_sp._FBM7-1	3572354	2.0	0	0.0			0.0
hmp_ibd	28901	Salmonella_enterica	4951383	20.0	0	0.0			0.0
hmp_ibd	2896850	Phocaeicola_oris	2975682	10.0	4	0.4	97.41013290518241	33.5	0.005242495669900211
hmp_ibd	2897707	Merdimmobilis_hominis	2580742	34.0	9	0.2647058823529412	99.33993399339934	37.44444444444444	0.02913890656253124
hmp_ibd	2897708	Mediterraneibacter_sp._NSJ-151	3431392	6.0	0	0.0			0.0
hmp_ibd	2897778	Lientehia_hominis	3049388	2.0	0	0.0			0.0
hmp_ibd	290052	Acetivibrio_ethanolgignens	3660245	14.0	3	0.21428571428571427	97.02970297029702	23.666666666666668	0.006556938128458614
hmp_ibd	290053	Bacteroides_helcogenes	3998906	4.0	0	0.0			0.0
hmp_ibd	290054	Eubacterium_coprostanoligenes	1823434	6.0	0	0.0			0.0
hmp_ibd	290055	Faecalicatena_fissicatena	3118757	14.0	0	0.0			0.0
hmp_ibd	2902631	Candidatus_Nanosynbacter_sp._TM7-087	741912	2.0	2	1.0	95.54455445544555	25.0	0.027496522498625175
hmp_ibd	2903098	Flavobacterium_soyae	5360377	2.0	0	0.0			0.0
hmp_ibd	2903556	Faecalibacterium_gallinarum	2813415	32.0	9	0.28125	97.32586984188615	18.22222222222222	0.028435193528149952
hmp_ibd	2914163	Lawsonibacter_sp._OA9	3000443	8.0	4	0.5	99.49474328876187	42.0	0.006399055072867573
hmp_ibd	2914164	Ruminococcus_sp._OA3	4056304	2.0	0	0.0			0.0
hmp_ibd	291644	Bacteroides_salyersiae	5561372	72.0	15	0.20833333333333334	97.9157829134686	37.8	0.02055248237305471
hmp_ibd	291645	Bacteroides_nordii	5678582	74.0	9	0.12162162162162163	97.26424579330244	32.44444444444444	0.011446519571259162
hmp_ibd	2918199	Corynebacterium_sp._ACRPH	2341876	4.0	2	0.5	100.0	42.0	0.004398183336777865
hmp_ibd	292	Burkholderia_cepacia	8366868	2.0	0	0.0			0.0
hmp_ibd	2923362	Bombilactobacillus_folatiphilus	1637944	2.0	0	0.0			0.0
hmp_ibd	2924040	Parabacteroides_sp._AGMB00274	4308683	10.0	4	0.4	99.12747524752476	42.0	0.0035277601067425944
hmp_ibd	2925782	Tepidibacter_sp._8C15b	3666533	22.0	0	0.0			0.0
hmp_ibd	292800	Flavonifractor_plautii	3985392	624.0	172	0.27564102564102566	98.76846099849202	39.122093023255815	0.3351740556512383
hmp_ibd	2929488	Faecalibacterium_sp._IP-1-18	3038545	6.0	4	0.6666666666666666	100.0	39.5	0.006680829146844954
hmp_ibd	2929489	Faecalibacterium_sp._IP-3-29	3002063	34.0	17	0.5	98.73058071306035	37.470588235294116	0.03624174442708231
hmp_ibd	2929490	Faecalibacterium_sp._I2-3-92	2963404	14.0	10	0.7142857142857143	98.90693069306931	38.3	0.026624786900469866
hmp_ibd	2929491	Faecalibacterium_sp._HTF-F	2919330	276.0	147	0.532608695652174	98.36086089361524	39.625850340136054	0.3262392398255764
hmp_ibd	2929492	Faecalibacterium_sp._I3-3-33	2994777	6.0	2	0.3333333333333333	97.52475247524752	41.0	0.006811859447297745
hmp_ibd	2929493	Faecalibacterium_sp._I3-3-89	2816187	12.0	6	0.5	96.53200607327813	32.666666666666664	0.014913782358912955
hmp_ibd	2929494	Faecalibacterium_sp._I4-1-79	3227950	14.0	9	0.6428571428571429	98.12981298129813	34.77777777777778	0.020508372186681948
hmp_ibd	2929495	Faecalibacterium_sp._I4-3-84	3119411	16.0	9	0.5625	98.82460526024883	30.555555555555557	0.021318127043855394
hmp_ibd	2931401	Cuneatibacter_sp._NSJ-177	4284754	4.0	0	0.0			0.0
hmp_ibd	29322	-Eubacterium-_cellulosolvens	1085264	2.0	0	0.0			0.0
hmp_ibd	293386	Bacillus_stratosphericus	3069546	2.0	0	0.0			0.0
hmp_ibd	29347	-Clostridium-_scindens	3658040	40.0	8	0.2	96.88586358635864	32.75	0.01888989732206318
hmp_ibd	29348	Thomasclavelia_spiroformis	2528470	36.0	12	0.3333333333333333	99.83498349834984	42.0	0.030690496624440868
hmp_ibd	2935520	Faecalibacterium_hattorii	2790636	26.0	16	0.6153846153846154	97.42840062791564	34.9375	0.03135485960906403
hmp_ibd	29363	Clostridium_paraputrificum	3561289	2.0	0	0.0			0.0
hmp_ibd	29364	-Clostridium-_polysaccharolyticum	3458343	2.0	0	0.0			0.0
hmp_ibd	2937417	Bacteroides_muris_-ex_Fokt_et_al._2023-	4249514	6.0	2	0.3333333333333333	100.0	42.0	0.004777016854162617
hmp_ibd	2939421	Bacteroides_sp._ET71	3628556	4.0	1	0.25	98.0	42	0.002783476402183127
hmp_ibd	2941233	Acetatifactor_aquisgranensis	5880648	6.0	1	0.16666666666666666	92.07920792079209	3	0.0017345027282707618
hmp_ibd	2941326	Alistipes_muris	1949043	6.0	0	0.0			0.0
hmp_ibd	2941333	Mediterraneibacter_agrestimuris	4042800	6.0	0	0.0			0.0
hmp_ibd	2941335	Odoribacter_lunatus	2631876	2.0	0	0.0			0.0
hmp_ibd	2941505	Anaerotardibacter_muris	1752169	2.0	0	0.0			0.0
hmp_ibd	2941510	Pumilibacter_muris	2293417	4.0	0	0.0			0.0
hmp_ibd	2941511	Pumilibacter_intestinalis	2344908	2.0	0	0.0			0.0
hmp_ibd	2941517	Hominisplanchenecus_murintestinalis	3320873	4.0	0	0.0			0.0
hmp_ibd	2941519	Vermiculatibacterium_agrestimuris	2242112	6.0	0	0.0			0.0
hmp_ibd	29466	Veillonella_parvula	2132142	32.0	12	0.375	96.81258949074925	33.666666666666664	0.04812062236004919
hmp_ibd	2949650	Parabacteroides_sp._W1-Q-101	7293727	4.0	2	0.5	99.00495049504951	42.0	0.0014121724051366332
hmp_ibd	2949651	Parabacteroides_sp._TA-V-105	7396255	6.0	4	0.6666666666666666	100.0	42.0	0.0036234553838395242
hmp_ibd	2949656	Barnesiella_sp._B2-R-119	3339361	2.0	2	1.0	100.0	42.0	0.0060490614821218786
hmp_ibd	2949662	Coprococcus_sp._B2-R-112	3311086	4.0	2	0.5	96.25509609784507	32.0	0.003412777559990891
hmp_ibd	2949745	Dorea_sp._MB18-49	3009721	2.0	2	1.0	99.50495049504951	42.0	0.005947395123999866
hmp_ibd	2951142	Turicibacter_sp._TA25	2264273	2.0	0	0.0			0.0
hmp_ibd	2951805	Parabacteroides_sp._AD58	3770817	2.0	0	0.0			0.0
hmp_ibd	29546	Lawsonia_intracellularis	1719192	4.0	0	0.0			0.0
hmp_ibd	2963704	Flavonifractor_sp._DFI.6.63	3639294	2.0	2	1.0	99.50495049504951	42.0	0.004149156402313196
hmp_ibd	2965272	Bacteroides_sp._SL.2.06	5754745	10.0	4	0.4	97.33333333333334	32.5	0.004257356320740537
hmp_ibd	2965276	Blautia_sp._DFI.9.10	3357975	2.0	1	0.5	97.0	40	0.0030077650965239467
hmp_ibd	2965279	Clostridium_sp._DFI.5.61	3736670	38.0	21	0.5526315789473685	98.77221890082971	38.333333333333336	0.04447810483665938
hmp_ibd	2972459	Bacteroides_sp._ET336	3919301	22.0	10	0.45454545454545453	99.3069306930693	41.6	0.016584589956219233
hmp_ibd	2972461	Bacteroides_sp._ET225	3743539	6.0	4	0.6666666666666666	99.75247524752476	42.0	0.010711789031715711
hmp_ibd	2972763	Bacteroides_sp._BFG-606	6616729	10.0	6	0.6	98.84970555879117	39.0	0.0033097924971689186
hmp_ibd	2972765	Bacteroides_sp._BFG-638	6742890	4.0	2	0.5	99.00980392156863	1.0	0.0030254089863545157
hmp_ibd	2981722	Porcipelethomonas_ammoniilytica	2657141	2.0	0	0.0			0.0
hmp_ibd	2981724	Alitiscatomonas_aceti	3399574	20.0	12	0.6	98.45255708613688	38.833333333333336	0.023473529330439637
hmp_ibd	2981725	Brotonthovivens_ammoniilytica	3452403	2.0	0	0.0			0.0
hmp_ibd	2981769	Brotolimicola_acetigignens	4097696	28.0	22	0.7857142857142857	99.86498649864986	42.0	0.04658715531850093
hmp_ibd	2981770	Gallintestinimicrobium_propionicum	3795992	4.0	4	1.0	99.25742574257427	33.0	0.008166508253968923
hmp_ibd	2981772	Muricoprocola_aceti	3270962	4.0	2	0.5	97.50990099009901	41.0	0.0036380734475056574
hmp_ibd	2981780	Bacteroides_cellulolyticus	3614006	8.0	1	0.125	90.0990099009901	2	0.0028223528129173
hmp_ibd	2981786	Coprococcus_aceti	3235561	2.0	0	0.0			0.0
hmp_ibd	2981789	Dorea_amylophila	3411049	6.0	0	0.0			0.0
hmp_ibd	2983399	Acutalibacter_sp._LFL-21	2981203	20.0	4	0.2	97.02970297029704	32.75	0.007815636841905768
hmp_ibd	2986996	Ruminococcus_sp._1001136sp1	4479269	6.0	1	0.16666666666666666	99.00990099009901	12	0.0022771572772253687
hmp_ibd	2994035	Sellimonas_catena	3677942	6.0	0	0.0			0.0
hmp_ibd	2994968	Bacteroides_sp._LFL-34	6734678	8.0	3	0.375	98.03921568627452	30.666666666666668	0.002850915812159097
hmp_ibd	2997294	Gemmiger_qucibialis	3494751	132.0	77	0.5833333333333334	98.81460925622585	37.02597402597402	0.16290144848660176
hmp_ibd	299767	Enterobacter_ludwigii	4952770	2.0	1	0.5	99.00990099009901	42	0.0020594535986932566
hmp_ibd	2997947	Coprococcus_sp._AF51-11b1	3335027	2.0	2	1.0	95.54455445544554	23.5	0.004677623299601472
hmp_ibd	2997948	Coprococcus_sp._AF99-45	3272082	2.0	2	1.0	100.0	42.0	0.005562207793080981
hmp_ibd	2997952	Coprococcus_sp._TM115-187	3259301	2.0	2	1.0	98.01980198019803	24.0	0.006259010751078221
hmp_ibd	2998082	Fournierella_sp._CML151	3203970	4.0	2	0.5	98.0	33.0	0.006179833144505098
hmp_ibd	3002516	Butyricicoccus_sp._AM78-15b2TA	3187134	2.0	2	1.0	96.53465346534654	32.5	0.00577321192017656
hmp_ibd	3002517	Butyricicoccus_sp._OF27-2pH9A	2902140	6.0	4	0.6666666666666666	96.29674431464713	25.0	0.006753636971338392
hmp_ibd	301301	Roseburia_hominis	3592125	838.0	357	0.42601431980906923	98.80465468082716	38.80112044817927	0.7490830636461704
hmp_ibd	301302	Roseburia_faecis	3385415	618.0	168	0.27184466019417475	98.30181600865387	35.035714285714285	0.394515886530898
hmp_ibd	3014267	Agathobaculum_massiliense	3218823	2.0	2	1.0	100.0	42.0	0.006151316801203421
hmp_ibd	3031725	Faecalibacterium_sp._DFI.5.82	3480573	18.0	14	0.7777777777777778	98.58557284299857	36.357142857142854	0.0334140384356254
hmp_ibd	3031819	Robertmurraya_sp._DFI.2.37	5416197	36.0	16	0.4444444444444444	99.31847643739515	39.6875	0.011410220123086364
hmp_ibd	303241	Liquorilactobacillus_oeni	2117633	2.0	0	0.0			0.0
hmp_ibd	3032598	Paraflavitalea_sp._CAU_1676	8836677	2.0	0	0.0			0.0
hmp_ibd	3032872	Petralouisia_muris	5871761	6.0	2	0.3333333333333333	100.0	42.0	0.0019244652498628604
hmp_ibd	3034143	Paraflavitalea_sp._H1-2-19X	8760788	2.0	0	0.0			0.0
hmp_ibd	3035284	Prevotella_sp._B2-R-102	3414194	12.0	1	0.08333333333333333	95.04950495049505	23	0.002987527949495547
hmp_ibd	3036126	Tepidibacter_sp._SWIR-1	4161809	2.0	0	0.0			0.0
hmp_ibd	3038145	Palleniella_muris	3580472	6.0	0	0.0			0.0
hmp_ibd	304766	Sedimentibacter_sp._B4	4106353	2.0	0	0.0			0.0
hmp_ibd	310297	Phocaeicola_plebeius	4421924	2924.0	1097	0.3751709986320109	97.77469803648756	36.04102096627165	1.7978825506725127
hmp_ibd	310298	Phocaeicola_coprocola	3924966	156.0	20	0.1282051282051282	97.96946718806323	22.5	0.038446192909696544
hmp_ibd	310300	Bacteroides_pyogenes	3397546	40.0	2	0.05	100.0	42.0	0.002089743597290515
hmp_ibd	310514	Hallella_multisaccharivorax	3388644	6.0	0	0.0			0.0
hmp_ibd	315405	Streptococcus_gallolyticus	2258003	4.0	0	0.0			0.0
hmp_ibd	316330	Microbispora_sp._ATCC_PTA-5024	8538433	2.0	0	0.0			0.0
hmp_ibd	31971	Amedibacillus_dolichus	2191053	4.0	0	0.0			0.0
hmp_ibd	328812	Parabacteroides_goldsteinii	7053599	172.0	62	0.36046511627906974	98.23327424579755	34.03225806451613	0.0704179525941296
hmp_ibd	328813	Alistipes_onderdonkii	3507492	134.0	32	0.23880597014925373	97.92757474276839	33.0	0.07905933926577738
hmp_ibd	328814	Alistipes_shahii	3809618	162.0	36	0.2222222222222222	98.8474506414227	35.111111111111114	0.07751433345810525
hmp_ibd	329854	Bacteroides_intestinalis	6052596	514.0	221	0.42996108949416345	99.22969083369205	39.80995475113122	0.2984504500217758
hmp_ibd	33025	Phascolarctobacterium_faecium	2454371	1048.0	508	0.4847328244274809	99.13908246779414	40.375984251968504	1.61850021858961
hmp_ibd	33035	Blautia_producta	6197116	22.0	0	0.0			0.0
hmp_ibd	33038	-Ruminococcus-_gnavus	3549191	116.0	8	0.06896551724137931	97.95929592959295	39.25	0.01628540137738431
hmp_ibd	33039	-Ruminococcus-_torques	2979783	396.0	17	0.04292929292929293	99.35760046592895	33.64705882352941	0.045305312500943856
hmp_ibd	33043	Coprococcus_eutactus	3112919	24.0	0	0.0			0.0
hmp_ibd	331680	Treponema_zioleckii	3876957	2.0	0	0.0			0.0
hmp_ibd	333367	Enterocloster_asparagiformis	6353279	30.0	17	0.5666666666666667	99.20190254319549	40.8235294117647	0.024239451785448115
hmp_ibd	334542	Rhodococcus_qingshengii	6726107	2.0	0	0.0			0.0
hmp_ibd	338188	Bacteroides_finegoldii	4892401	156.0	25	0.16025641025641027	98.11824592722795	16.92	0.039183214949060796
hmp_ibd	338193	Clostridium_aestuarii	3582181	2.0	0	0.0			0.0
hmp_ibd	33871	Coriobacterium_glomerans	2115681	2.0	0	0.0			0.0
hmp_ibd	33945	Enterococcus_avium	4537641	2.0	0	0.0			0.0
hmp_ibd	34012	Azospirillum_sp.	6072898	2.0	0	0.0			0.0
hmp_ibd	34038	Rahnella_aquatilis	5448900	2.0	1	0.5	96.15384615384616	40	0.0014498339114316651
hmp_ibd	341220	Lactonifactor_longoviformis	4899275	4.0	0	0.0			0.0
hmp_ibd	341225	Thomasclavelia_saccharogumia	3143441	24.0	8	0.3333333333333333	99.1053792879288	39.75	0.0202326049701585
hmp_ibd	342942	Mediterraneibacter_glycyrrhizinilyticus	3271904	16.0	0	0.0			0.0
hmp_ibd	342949	Pyrococcus_sp._NA2	1861320	2.0	0	0.0			0.0
hmp_ibd	349096	Pectinatus_haikarae	3071721	2.0	0	0.0			0.0
hmp_ibd	349931	Clostridium_cavendishii	4987666	2.0	0	0.0			0.0
hmp_ibd	350893	Flavobacterium_daejeonense	4244138	2.0	0	0.0			0.0
hmp_ibd	351091	Oscillibacter_valericigenes	2493294	166.0	2	0.012048192771084338	95.04950495049505	23.5	0.008181947255317665
hmp_ibd	35701	Heliomicrobium_modesticaldum	3075407	8.0	0	0.0			0.0
hmp_ibd	357276	Phocaeicola_dorei	5625488	1174.0	301	0.2563884156729131	98.41739996606653	37.053156146179404	0.3768739707559593
hmp_ibd	35833	Bilophila_wadsworthia	4461530	368.0	162	0.44021739130434784	97.36375652101503	34.617283950617285	0.29702814953614565
hmp_ibd	358743	Enterocloster_citroniae	6184194	12.0	0	0.0			0.0
hmp_ibd	360807	Roseburia_inulinivorans	4227688	842.0	295	0.3503562945368171	98.20051212956335	35.938983050847455	0.5475333089859044
hmp_ibd	363265	Prevotella_stercorea	3097322	64.0	2	0.03125	95.54455445544555	4.5	0.006554048949382725
hmp_ibd	367791	Flammeovirga_yaeyamensis	7433553	2.0	0	0.0			0.0
hmp_ibd	371601	Bacteroides_xylanisolvens	6558523	1006.0	458	0.4552683896620278	98.8661872717928	35.277292576419214	0.3789115323678822
hmp_ibd	37658	Anaeromicropila_populeti	4222819	2.0	0	0.0			0.0
hmp_ibd	376804	Phocaeicola_barnesiae	3619906	18.0	3	0.16666666666666666	98.01980198019801	35.666666666666664	0.005746005559260379
hmp_ibd	376805	Phocaeicola_salanitronis	4308663	6.0	0	0.0			0.0
hmp_ibd	376806	Bacteroides_gallinarum	4917576	2.0	0	0.0			0.0
hmp_ibd	38027	Methanosarcina_siciliae	5017558	2.0	0	0.0			0.0
hmp_ibd	386414	Hoylesella_timonensis	3217068	8.0	6	0.75	98.57535039218207	30.166666666666668	0.015075839242440634
hmp_ibd	387090	Phocaeicola_coprophilus	4113613	38.0	10	0.2631578947368421	99.3069306930693	40.0	0.019909505342383935
hmp_ibd	387661	Parabacteroides_johnsonii	4749455	72.0	5	0.06944444444444445	96.82574257425742	23.4	0.010359083305347667
hmp_ibd	388280	Cyclobacterium_lianum	5675162	2.0	0	0.0			0.0
hmp_ibd	390641	Wenxinia_marina	4174507	2.0	0	0.0			0.0
hmp_ibd	392838	Bacteroides_propionicifaciens	2634691	2.0	0	0.0			0.0
hmp_ibd	393921	Porphyromonas_crevioricanis	2133352	18.0	0	0.0			0.0
hmp_ibd	39480	Andreesenia_angusta	2343503	4.0	0	0.0			0.0
hmp_ibd	39482	Faecalicatena_contorta	5055003	2.0	0	0.0			0.0
hmp_ibd	39483	Faecalitalea_cylindroides	1882013	10.0	2	0.2	98.85710553814002	1.0	0.004728979024055625
hmp_ibd	39484	Agathobaculum_desmolans	2646896	2.0	0	0.0			0.0
hmp_ibd	39485	Lachnospira_eligens	2831389	122.0	13	0.10655737704918032	97.10223500982578	34.38461538461539	0.027866181580842475
hmp_ibd	39486	Dorea_formicigenerans	3188304	138.0	22	0.15942028985507245	97.0965634818088	35.77272727272727	0.05062252533008145
hmp_ibd	39488	Anaerobutyricum_hallii	3455681	164.0	40	0.24390243902439024	99.13363412822466	33.15	0.09835977337028505
hmp_ibd	39490	Eubacterium_ramulus	3378009	86.0	33	0.38372093023255816	98.85082881189645	34.84848484848485	0.078715006383938
hmp_ibd	39491	-Eubacterium-_rectale	3451485	4566.0	1570	0.34384581690757776	97.93929050966224	36.05477707006369	3.2680425961578856
hmp_ibd	39496	Eubacterium_ventriosum	2761423	746.0	335	0.44906166219839144	98.9647193987945	40.62686567164179	0.8486928659607746
hmp_ibd	396504	Ruminiclostridium_sufflavum	4401411	2.0	0	0.0			0.0
hmp_ibd	39777	Veillonella_atypica	2071607	12.0	1	0.08333333333333333	95.04950495049505	23	0.004923713812513667
hmp_ibd	39778	Veillonella_dispar	2116915	6.0	2	0.3333333333333333	99.43181818181819	42.0	0.004204231157131959
hmp_ibd	397865	Barnesiella_viscericola	3076856	12.0	1	0.08333333333333333	92.07920792079209	3	0.003315072268575455
hmp_ibd	40214	Acinetobacter_johnsonii	3540498	4.0	0	0.0			0.0
hmp_ibd	40518	Ruminococcus_bromii	2085998	108.0	24	0.2222222222222222	97.11462175629327	32.416666666666664	0.10455427090534124
hmp_ibd	40519	Ruminococcus_callidus	3228728	42.0	11	0.2619047619047619	97.97670034383118	31.09090909090909	0.020503430453107232
hmp_ibd	40520	Blautia_obeum	3649956	222.0	31	0.13963963963963963	98.64539449336638	38.83870967741935	0.07071318119999255
hmp_ibd	40543	Sneathia_sanguinegens	1305941	4.0	2	0.5	95.51980198019803	23.5	0.008959057109011816
hmp_ibd	40545	Sutterella_wadsworthensis	3026517	374.0	137	0.3663101604278075	97.82749555037095	34.13138686131387	0.38113118148683783
hmp_ibd	407975	Hoylesella_pleuritidis	2399924	4.0	0	0.0			0.0
hmp_ibd	410072	Coprococcus_comes	3373066	154.0	14	0.09090909090909091	97.37475176089038	34.57142857142857	0.03169223489845737
hmp_ibd	411483	Faecalibacterium_duncaniae	3102523	272.0	167	0.6139705882352942	98.82362149514724	35.77245508982036	0.4210766527758215
hmp_ibd	411486	Clostridium_sp._M62-1	3842594	24.0	13	0.5416666666666666	96.64703657548317	13.923076923076923	0.021261678959577826
hmp_ibd	411489	Clostridium_sp._L2-50	2954616	28.0	16	0.5714285714285714	97.09944670937682	27.1875	0.04227283680857343
hmp_ibd	418240	Blautia_wexlerae	4685728	94.0	24	0.2553191489361702	97.6227310231023	21.708333333333332	0.038009035095507036
hmp_ibd	419005	Prevotella_amnii	2415558	10.0	2	0.2	97.22222222222221	40.0	0.0030220760586166843
hmp_ibd	41978	Ruminococcus_sp.	2547031	4.0	0	0.0			0.0
hmp_ibd	420336	Epulopiscium_sp._-N.t._morphotype_B-	3282271	2.0	0	0.0			0.0
hmp_ibd	428988	Flavobacterium_lindanitolerans	3722747	2.0	0	0.0			0.0
hmp_ibd	43305	Butyrivibrio_proteoclasticus	4404886	8.0	0	0.0			0.0
hmp_ibd	433323	Aminicella_lysinilytica	2286758	2.0	0	0.0			0.0
hmp_ibd	43654	Pseudoalteromonas_aurantia	5602374	2.0	0	0.0			0.0
hmp_ibd	437897	Megamonas_funiformis	2568766	8.0	0	0.0			0.0
hmp_ibd	437898	Sutterella_parvirubra	2376899	12.0	0	0.0			0.0
hmp_ibd	43997	Catonella_morbi	3479204	2.0	0	0.0			0.0
hmp_ibd	44008	Enterococcus_cecorum	2421598	2.0	0	0.0			0.0
hmp_ibd	446660	Adlercreutzia_equolifaciens	2862526	12.0	2	0.16666666666666666	94.55445544554455	23.0	0.006532691755463531
hmp_ibd	446692	Acetobacter_senegalensis	3969909	4.0	0	0.0			0.0
hmp_ibd	45254	Dysgonomonas_capnocytophagoides	4784336	2.0	0	0.0			0.0
hmp_ibd	454154	Paraprevotella_clara	4233768	652.0	260	0.3987730061349693	98.18437220766839	38.01538461538462	0.5100184988879882
hmp_ibd	454155	Paraprevotella_xylaniphila	4125322	68.0	26	0.38235294117647056	97.40315117733243	33.23076923076923	0.05529265351892531
hmp_ibd	457387	Bacteroides_sp._1_1_30	6480532	32.0	16	0.5	97.98438860026113	17.6875	0.019026215748953943
hmp_ibd	457388	Parabacteroides_sp._2_1_7	5166302	2.0	2	1.0	100.0	21.5	0.003948665796153612
hmp_ibd	457389	Bacteroides_sp._3_1_13	6302216	4.0	2	0.5	99.48979591836735	3.5	0.003189354347740541
hmp_ibd	457390	Bacteroides_sp._3_1_23	6520178	28.0	23	0.8214285714285714	98.9133494551501	37.82608695652174	0.0282660994837871
hmp_ibd	457392	Bacteroides_sp._3_2_5	5116282	2.0	0	0.0			0.0
hmp_ibd	457393	Bacteroides_sp._4_1_36	4638757	14.0	13	0.9285714285714286	99.62143273150845	35.53846153846154	0.027356466398218315
hmp_ibd	457416	Veillonella_sp._3_1_44	2163458	4.0	2	0.5	100.0	42.0	0.009429348755557076
hmp_ibd	45851	Butyrivibrio_crossotus	2521323	34.0	18	0.5294117647058824	99.77997799779979	37.05555555555556	0.053424333177462785
hmp_ibd	460384	Enterocloster_lavalensis	6495707	22.0	10	0.45454545454545453	98.41584158415841	34.2	0.007758970655542191
hmp_ibd	46228	-Ruminococcus-_lactaris	2733858	404.0	190	0.47029702970297027	99.38982554916215	40.421052631578945	0.5211682538010387
hmp_ibd	46503	Parabacteroides_merdae	4403124	716.0	300	0.41899441340782123	99.16304555713913	37.733333333333334	0.5658936700397263
hmp_ibd	46506	Bacteroides_stercoris	4009829	3490.0	1358	0.3891117478510029	98.69174630350928	38.986745213549334	2.5301328311007776
hmp_ibd	469585	Bacteroides_sp._1_1_14	6446424	30.0	23	0.7666666666666667	99.4834266035299	33.608695652173914	0.027798357663101278
hmp_ibd	469588	Bacteroides_sp._2_1_22	6003748	46.0	32	0.6956521739130435	98.91516383781236	40.125	0.03198002314554175
hmp_ibd	469590	Bacteroides_sp._2_2_4	7101224	118.0	90	0.7627118644067796	99.38256556937067	39.922222222222224	0.09025204668941579
hmp_ibd	469591	Parabacteroides_sp._20_3	5094618	10.0	3	0.3	94.05940594059405	16.333333333333332	0.004023854192797183
hmp_ibd	470	Acinetobacter_baumannii	3999136	2.0	0	0.0			0.0
hmp_ibd	471825	Haloplasma_contractile	3404505	2.0	0	0.0			0.0
hmp_ibd	471827	Candidatus_Desulforudis_audaxviator	2212508	2.0	0	0.0			0.0
hmp_ibd	472963	Anaerobacillus_alkalidiazotrophicus	4609363	2.0	0	0.0			0.0
hmp_ibd	474960	Hydrogenoanaerobacterium_saccharovorans	3176247	104.0	0	0.0			0.0
hmp_ibd	47500	Aneurinibacillus_migulanus	6348994	4.0	2	0.5	98.01980198019803	1.0	0.002898096926851719
hmp_ibd	47678	Bacteroides_caccae	5499725	792.0	332	0.41919191919191917	99.25105437989689	37.153614457831324	0.4528771893140111
hmp_ibd	47679	Sporomusa_sphaeroides	5015343	2.0	0	0.0			0.0
hmp_ibd	47715	Lacticaseibacillus_rhamnosus	2988387	16.0	0	0.0			0.0
hmp_ibd	477666	Bacteroides_graminisolvens	3773938	4.0	0	0.0			0.0
hmp_ibd	47770	Lactobacillus_crispatus	2039404	2.0	0	0.0			0.0
hmp_ibd	486	Neisseria_lactamica	2200224	2.0	0	0.0			0.0
hmp_ibd	487173	Dialister_succinatiphilus	2486895	4.0	0	0.0			0.0
hmp_ibd	487174	Barnesiella_intestinihominis	3443906	288.0	118	0.4097222222222222	97.88861127073753	36.101694915254235	0.28197633733324895
hmp_ibd	487175	Parasutterella_excrementihominis	2831696	284.0	59	0.20774647887323944	98.44406213873062	38.28813559322034	0.1790446432102881
hmp_ibd	501571	Butyricicoccus_pullicaecorum	2997778	36.0	21	0.5833333333333334	96.92340598692678	33.80952380952381	0.04730170146021487
hmp_ibd	51201	Streptomyces_griseocarneus	7375626	6.0	0	0.0			0.0
hmp_ibd	516123	Sporosalibacterium_faouarense	4119796	2.0	0	0.0			0.0
hmp_ibd	516703	Pontibacillus_litoralis	3204236	16.0	8	0.5	94.88261395129513	18.375	0.01057974506247355
hmp_ibd	520	Bordetella_pertussis	4088701	4.0	0	0.0			0.0
hmp_ibd	520762	Thermotalea_metallivorans	3094505	8.0	4	0.5	95.71752355958486	31.5	0.003522372721970073
hmp_ibd	52442	Nitrosomonas_nitrosa	3420013	2.0	0	0.0			0.0
hmp_ibd	53422	Thermobrachium_celere	2644756	2.0	0	0.0			0.0
hmp_ibd	53442	Eubacterium_callanderi	4316707	10.0	0	0.0			0.0
hmp_ibd	53443	Blautia_hydrogenotrophica	3597785	8.0	2	0.25	100.0	42.0	0.005670155387273002
hmp_ibd	536633	Blautia_glucerasea	2895849	24.0	0	0.0			0.0
hmp_ibd	539206	Pedobacter_xinjiangensis	5509061	2.0	0	0.0			0.0
hmp_ibd	544644	Butyricimonas_synergistica	4770838	32.0	0	0.0			0.0
hmp_ibd	544645	Butyricimonas_virosa	4813254	34.0	8	0.23529411764705882	97.51237623762376	32.75	0.01229937169324536
hmp_ibd	546	Citrobacter_freundii	5171093	2.0	2	1.0	97.52475247524752	41.0	0.003519565399423294
hmp_ibd	549	Pantoea_agglomerans	4692018	2.0	0	0.0			0.0
hmp_ibd	55211	Erwinia_persicina	4802925	2.0	0	0.0			0.0
hmp_ibd	554131	Thiomonas_sp._CB2	3913946	2.0	2	1.0	96.03960396039604	24.0	0.005212131184231974
hmp_ibd	556258	Bacteroides_sp._D1	5974559	6.0	5	0.8333333333333334	99.60590176664725	25.6	0.007431510844566102
hmp_ibd	556259	Bacteroides_sp._D2	6920457	12.0	9	0.75	98.5763282210574	33.111111111111114	0.011661079607892947
hmp_ibd	557451	Symbiobacterium_terraclitae	3897060	2.0	0	0.0			0.0
hmp_ibd	562	Escherichia_coli	5594605	856.0	392	0.45794392523364486	98.04185639434435	35.785714285714285	0.5853317615810231
hmp_ibd	563193	Parabacteroides_sp._D13	5370710	32.0	16	0.5	98.90218188485515	39.625	0.023181292603771195
hmp_ibd	571	Klebsiella_oxytoca	5857964	2.0	0	0.0			0.0
hmp_ibd	572010	Slackia_isoflavoniconvertens	2318650	8.0	4	0.5	98.63242574257426	41.5	0.011903478317124188
hmp_ibd	573	Klebsiella_pneumoniae	5682322	30.0	0	0.0			0.0
hmp_ibd	574930	Parabacteroides_gordonii	6867216	2.0	0	0.0			0.0
hmp_ibd	575	Raoultella_planticola	5823931	8.0	2	0.25	96.51485148514851	32.0	0.0019059291739548425
hmp_ibd	57732	Enterococcus_asini	2572706	2.0	0	0.0			0.0
hmp_ibd	582	Morganella_morganii	3889903	8.0	2	0.25	95.54455445544554	23.5	0.0027507112645225344
hmp_ibd	584	Proteus_mirabilis	4099895	4.0	2	0.5	97.52475247524752	32.5	0.004975737183513237
hmp_ibd	585543	Bacteroides_sp._D20	4487454	26.0	23	0.8846153846153846	99.56909169177788	41.82608695652174	0.03886390813142597
hmp_ibd	585544	Bacteroides_sp._D22	6344045	16.0	11	0.6875	99.3975397539754	41.81818181818182	0.010324643031378245
hmp_ibd	592978	Mediterraneibacter_faecis	3288691	210.0	45	0.21428571428571427	97.82578149648621	35.71111111111111	0.12260197142267243
hmp_ibd	59620	uncultured_Clostridium_sp.	3849243	334.0	0	0.0			0.0
hmp_ibd	60133	Prevotella_pallens	3108714	2.0	2	1.0	96.56862745098039	22.5	0.0065943666738078836
hmp_ibd	61171	Holdemania_filiformis	3744856	30.0	8	0.26666666666666666	95.96931500215238	28.25	0.020214395426686634
hmp_ibd	618	Serratia_odorifera	5001108	2.0	0	0.0			0.0
hmp_ibd	621	Shigella_boydii	4825405	4.0	3	0.75	98.67986798679868	41.333333333333336	0.006341436625526769
hmp_ibd	622	Shigella_dysenteriae	5192674	4.0	3	0.75	99.33326665999932	42.0	0.004333027646257015
hmp_ibd	623	Shigella_flexneri	4828820	10.0	8	0.8	99.06691511847814	41.75	0.012777448734887611
hmp_ibd	624	Shigella_sonnei	4994001	100.0	69	0.69	98.89923631538413	40.130434782608695	0.11519821481813881
hmp_ibd	626929	Bacteroides_clarus	3897457	84.0	0	0.0			0.0
hmp_ibd	626930	Bacteroides_fluxus	4330716	32.0	0	0.0			0.0
hmp_ibd	626931	Bacteroides_oleiciplenus	7087734	4.0	2	0.5	97.02970297029702	33.0	0.002878211851629872
hmp_ibd	626932	Alistipes_indistinctus	2857445	14.0	4	0.2857142857142857	98.86144960649912	42.0	0.009868956357865156
hmp_ibd	626933	Odoribacter_laneus	3773011	26.0	8	0.3076923076923077	99.50495049504951	42.0	0.019851519118285102
hmp_ibd	626935	Collinsella_tanakaei	2492085	24.0	4	0.16666666666666666	99.50495049504951	42.0	0.010874428440442441
hmp_ibd	626938	Succinatimonas_hippei	2306546	4.0	0	0.0			0.0
hmp_ibd	626940	Phascolarctobacterium_succinatutens	2345971	76.0	18	0.23684210526315788	96.84644345299697	33.166666666666664	0.06462142967666692
hmp_ibd	626947	Parasutterella_secunda	1880404	4.0	0	0.0			0.0
hmp_ibd	642589	Caproiciproducens_galactitolivorans	2408423	2.0	0	0.0			0.0
hmp_ibd	645466	Anaerostipes_butyraticus	3173732	2.0	0	0.0			0.0
hmp_ibd	645887	Alkalibaculum_bacchi	3098941	2.0	0	0.0			0.0
hmp_ibd	647910	Listeria_rocourtiae	3278980	4.0	0	0.0			0.0
hmp_ibd	649756	Anaerostipes_hadrus	2946270	184.0	43	0.23369565217391305	98.25533956733345	38.41860465116279	0.09988901220865706
hmp_ibd	652706	Oribacterium_sp._oral_taxon_078	2676554	10.0	0	0.0			0.0
hmp_ibd	652721	Prevotella_sp._oral_taxon_317	4099098	12.0	0	0.0			0.0
hmp_ibd	655355	Sunxiuqinia_elliptica	5094324	2.0	0	0.0			0.0
hmp_ibd	65555	Desulfocapsa_sulfexigens	4023512	2.0	0	0.0			0.0
hmp_ibd	657323	Ruminococcus_sp._SR1-5	3545606	6.0	6	1.0	97.12128633563594	32.5	0.0162172559500407
hmp_ibd	66219	Lachnoclostridium_phytofermentans	4847594	2.0	0	0.0			0.0
hmp_ibd	666	Vibrio_cholerae	4138412	4.0	0	0.0			0.0
hmp_ibd	667126	Methanocaldococcus_villosus	1249385	2.0	0	0.0			0.0
hmp_ibd	670	Vibrio_parahaemolyticus	5165770	96.0	0	0.0			0.0
hmp_ibd	671211	Fusobacterium_sp._oral_taxon_203	2126947	2.0	0	0.0			0.0
hmp_ibd	671228	Veillonella_sp._oral_taxon_158	1978772	6.0	4	0.6666666666666666	96.55164045816346	27.5	0.015817891096093942
hmp_ibd	671267	Phocaeicola_sartorii	5630518	78.0	23	0.2948717948717949	95.63864916181782	23.73913043478261	0.029286825830234446
hmp_ibd	672	Vibrio_vulnificus	5007160	2.0	0	0.0			0.0
hmp_ibd	673271	Catenibacillus_scindens	3872981	8.0	0	0.0			0.0
hmp_ibd	674529	Bacteroides_faecis	6352228	352.0	94	0.26704545454545453	98.83877840947582	34.340425531914896	0.125105710941106
hmp_ibd	681398	Paludibacter_jiangxiensis	3664884	2.0	0	0.0			0.0
hmp_ibd	691816	Bacteroides_rodentium	4268282	22.0	4	0.18181818181818182	98.01980198019803	36.75	0.009558881067370899
hmp_ibd	693988	Bilophila_sp._4_1_30	4618310	4.0	4	1.0	99.75247524752476	16.0	0.007621835693143163
hmp_ibd	700500	Catenisphaera_adipataccumulans	1998595	2.0	0	0.0			0.0
hmp_ibd	706562	Lactobacillus_rogosae	2817405	4.0	2	0.5	100.0	42.0	0.0071342245790008895
hmp_ibd	712213	Capnocytophaga_sp._oral_taxon_332	2656035	2.0	0	0.0			0.0
hmp_ibd	712368	Leptotrichia_sp._oral_taxon_498	2152181	2.0	0	0.0			0.0
hmp_ibd	712414	Oribacterium_sp._oral_taxon_108	2518361	2.0	0	0.0			0.0
hmp_ibd	712710	Tannerella_serpentiformis	2973544	2.0	0	0.0			0.0
hmp_ibd	712888	Actinobaculum_sp._oral_taxon_183	2366015	8.0	2	0.25	100.0	42.0	0.007945849878382006
hmp_ibd	71453	Tetragenococcus_solitarius	2513646	2.0	0	0.0			0.0
hmp_ibd	726	Haemophilus_haemolyticus	1934644	4.0	0	0.0			0.0
hmp_ibd	727	Haemophilus_influenzae	1890662	2.0	1	0.5	96.03960396039604	1	0.00539493574208399
hmp_ibd	729	Haemophilus_parainfluenzae	2141704	24.0	7	0.2916666666666667	94.04667609618105	18.285714285714285	0.028902219914610047
hmp_ibd	732242	Phocaeicola_paurosaccharolyticus	2903850	4.0	0	0.0			0.0
hmp_ibd	734	Haemophilus_paracuniculus	2047249	2.0	0	0.0			0.0
hmp_ibd	74426	Collinsella_aerofaciens	2455328	28.0	5	0.17857142857142858	96.42376237623762	27.6	0.02007878377145538
hmp_ibd	745368	Gemmiger_formicilis	3241569	174.0	17	0.09770114942528736	97.03264101826873	27.11764705882353	0.043250660405501164
hmp_ibd	747377	Clostridium_sp._DMHC_10	3988828	2.0	0	0.0			0.0
hmp_ibd	747656	Streptococcus_danieliae	1698092	2.0	0	0.0			0.0
hmp_ibd	76122	Alloprevotella_tannerae	2585719	2.0	0	0.0			0.0
hmp_ibd	76489	Clostridium_acetireducens	2424212	2.0	0	0.0			0.0
hmp_ibd	76517	Campylobacter_hominis	1714951	4.0	2	0.5	98.50990099009901	42.0	0.011837072895960293
hmp_ibd	765821	uncultured_Blautia_sp.	3060889	118.0	0	0.0			0.0
hmp_ibd	77095	Prevotella_bryantii	3465067	6.0	0	0.0			0.0
hmp_ibd	78120	Succinispira_mobilis	2085243	4.0	0	0.0			0.0
hmp_ibd	78343	Bifidobacterium_boum	2171356	2.0	2	1.0	96.51980198019803	32.0	0.00488174210032809
hmp_ibd	78345	Bifidobacterium_merycicum	2274683	2.0	0	0.0			0.0
hmp_ibd	796942	Stomatobaculum_longum	2313632	6.0	2	0.3333333333333333	93.53465346534654	15.5	0.0054027606810417555
hmp_ibd	81028	Treponema_brennaborense	3055580	4.0	0	0.0			0.0
hmp_ibd	813	Chlamydia_trachomatis	1042519	50.0	0	0.0			0.0
hmp_ibd	817	Bacteroides_fragilis	5241700	5402.0	1192	0.22065901517956313	98.60317572979079	37.16694630872483	1.8445924032279606
hmp_ibd	818	Bacteroides_thetaiotaomicron	6304193	1370.0	233	0.17007299270072992	98.15482815482639	34.06866952789699	0.28761809798653054
hmp_ibd	820	Bacteroides_uniformis	4709701	2106.0	653	0.3100664767331434	98.9451160823433	38.07656967840735	1.0959082115828584
hmp_ibd	821	Phocaeicola_vulgatus	5163189	8774.0	3882	0.4424435833143378	98.95500242339948	36.70350334878928	5.308540903693435
hmp_ibd	823	Parabacteroides_distasonis	5348976	626.0	78	0.12460063897763578	98.58956273898887	36.717948717948715	0.1253697904047429
hmp_ibd	83554	Chlamydia_psittaci	1179220	2.0	0	0.0			0.0
hmp_ibd	839	Prevotella_ruminicola	3619559	4.0	0	0.0			0.0
hmp_ibd	84030	Lacrimispora_saccharolytica	4662871	8.0	2	0.25	99.00990099009901	42.0	0.003195456189973945
hmp_ibd	84035	Propionispira_arboris	4261607	2.0	1	0.5	96.03960396039604	15	0.0023934633109059565
hmp_ibd	84112	Eggerthella_lenta	3467966	12.0	6	0.5	99.83498349834984	42.0	0.012947070415338557
hmp_ibd	84590	Taylorella_asinigenitalis	1638559	4.0	0	0.0			0.0
hmp_ibd	847	Oxalobacter_formigenes	2468871	40.0	20	0.5	98.38917963224894	35.55	0.06735872388634319
hmp_ibd	853	Faecalibacterium_prausnitzii	3127383	4342.0	765	0.17618608935974206	97.33049469870399	27.56339869281046	1.7776844089770907
hmp_ibd	85831	Bacteroides_acidifaciens	4849831	46.0	10	0.21739130434782608	97.02970297029702	27.1	0.016124273196323747
hmp_ibd	86668	Neobacillus_niacini	5999678	2.0	0	0.0			0.0
hmp_ibd	86956	Pectinatus_cerevisiiphilus	2637495	2.0	0	0.0			0.0
hmp_ibd	871324	Bacteroides_stercorirosoris	6268181	10.0	7	0.7	98.16124469589816	33.714285714285715	0.008519217935793494
hmp_ibd	871325	Bacteroides_faecichinchillae	4806522	28.0	23	0.8214285714285714	99.18077433297901	41.91304347826087	0.008134780200735584
hmp_ibd	871664	Blautia_stercoris	3425373	6.0	6	1.0	98.16996699669967	35.5	0.016582135726532554
hmp_ibd	871665	Blautia_faecis	4104676	26.0	6	0.23076923076923078	97.54416618132403	35.666666666666664	0.010573307125824305
hmp_ibd	876091	uncultured_Oscillibacter_sp.	3020033	36.0	24	0.6666666666666666	99.71038770543721	41.916666666666664	0.06162184320502458
hmp_ibd	879566	Acetatifactor_muris	6016758	2.0	0	0.0			0.0
hmp_ibd	88058	Treponema_primitia	4059867	4.0	0	0.0			0.0
hmp_ibd	88431	Dorea_longicatena	2919963	294.0	54	0.1836734693877551	98.76927147676831	34.592592592592595	0.1385976466140153
hmp_ibd	89014	Blautia_luti	3741599	22.0	3	0.13636363636363635	98.67986798679868	36.0	0.007296345760195039
hmp_ibd	89152	Peptacetobacter_hiranonis	2521899	2.0	0	0.0			0.0
hmp_ibd	892	Desulfuromonas_sp.	3696576	2.0	0	0.0			0.0
hmp_ibd	901	Desulfovibrio_piger	2582155	134.0	60	0.44776119402985076	98.34801893124636	39.233333333333334	0.19181652534414084
hmp_ibd	90426	Methanothrix_sp.	2088083	2.0	0	0.0			0.0
hmp_ibd	905	Acidaminococcus_fermentans	2329769	2.0	0	0.0			0.0
hmp_ibd	905011	uncultured_Anaerotruncus_sp.	2790038	6.0	0	0.0			0.0
hmp_ibd	908612	Alistipes_sp._HGB5	3464615	32.0	25	0.78125	99.24554455445546	39.64	0.06153641890946036
hmp_ibd	910311	Eggerthella_sp._HGA1	3362931	2.0	2	1.0	99.00990099009901	42.0	0.006066136950178282
hmp_ibd	911092	Caldanaerobacter_subterraneus	2689445	2.0	0	0.0			0.0
hmp_ibd	930138	Aliicoccus_persicus	2061411	2.0	0	0.0			0.0
hmp_ibd	936576	Streptococcus_sp._ACS2	2128555	4.0	2	0.5	99.0	42.0	0.005073864664056132
hmp_ibd	936596	Lachnoanaerobaculum_sp._MSX33	2871049	2.0	1	0.5	94.05940594059405	23	0.003552708435139909
hmp_ibd	93974	Bacteroides_sp._AR20	6065363	2.0	0	0.0			0.0
hmp_ibd	93975	Bacteroides_sp._AR29	4442069	28.0	20	0.7142857142857143	98.88644419997556	19.25	0.031224188548174284
hmp_ibd	943346	Sporomusa_sp._KB1	6057612	2.0	0	0.0			0.0
hmp_ibd	94868	Lacrimispora_algidixylanolytica	4639933	4.0	0	0.0			0.0
hmp_ibd	95486	Burkholderia_cenocepacia	7780598	2.0	0	0.0			0.0
hmp_ibd	97138	Clostridium_sp._MD294	2924599	2.0	0	0.0			0.0
hmp_ibd	982	Saccharicrinis_fermentans	5982061	4.0	0	0.0			0.0
hmp_ibd	989	Marinilabilia_salmonicolor	4982627	2.0	0	0.0			0.0
hmp_ibd	99481	Tetrasphaera_japonica	5162321	2.0	0	0.0			0.0
hmp_ibd	99656	-Clostridium-_fimetarium	4568183	2.0	0	0.0			0.0
CD	100176	Papillibacter_cinnamivorans	2890610	2.0	0	0.0			0.0
CD	100884	Coprobacillus_cateniformis	3861289	10.0	3	0.3	98.67326732673268	42.0	0.005257311742270522
CD	100886	Catenibacterium_mitsuokai	2650196	70.0	0	0.0			0.0
CD	1034346	Dielma_fastidiosa	3618065	78.0	42	0.5384615384615384	99.89402889868818	42.0	0.09587998004458184
CD	103892	Veillonella_ratti	2236286	2.0	0	0.0			0.0
CD	105841	Anaerostipes_caccae	3284789	8.0	0	0.0			0.0
CD	105843	Anaerobutyricum_soehngenii	3194235	10.0	2	0.2	98.01980198019803	42.0	0.006386505689155619
CD	106588	Pseudoflavonifractor_capillosus	4241076	26.0	1	0.038461538461538464	93.06930693069307	3	0.0024050500391881685
CD	109327	Anaerovorax_odorimutans	3263520	6.0	0	0.0			0.0
CD	1096246	Hungatella_effluvii	6863335	2.0	0	0.0			0.0
CD	1099853	Coprobacter_fastidiosus	3444538	2.0	0	0.0			0.0
CD	1110546	Veillonella_tobetsuensis	2041114	4.0	0	0.0			0.0
CD	1115758	Romboutsia_ilealis	2588193	8.0	2	0.25	97.5047504750475	41.0	0.004365980434998472
CD	112903	Propionispora_vibrioides	4433598	4.0	0	0.0			0.0
CD	1131567	Undibacterium_squillarum	4185104	4.0	2	0.5	97.02970297029702	33.0	0.004874430838516797
CD	1133319	Bacteroides_reticulotermitis	5382020	2.0	0	0.0			0.0
CD	1134687	Klebsiella_michiganensis	6041841	2.0	0	0.0			0.0
CD	1150298	Fusicatenibacter_saccharivorans	3782803	176.0	40	0.22727272727272727	98.22441987327952	38.125	0.07991428578226252
CD	1160721	Ruminococcus_bicirculans	2968500	2.0	1	0.5	93.93939393939394	2	0.00336870473303015
CD	116085	Coprococcus_catus	3599035	66.0	7	0.10606060606060606	98.69592924755584	37.142857142857146	0.008919057469571704
CD	1177574	Prevotella_jejuni	3913006	4.0	2	0.5	96.53465346534654	32.0	0.004906713662079742
CD	1193534	uncultured_Flavonifractor_sp.	2635928	60.0	0	0.0			0.0
CD	1203555	Acidaminococcus_sp._HPA0509	2287856	8.0	6	0.75	100.0	19.333333333333332	0.022728703205096824
CD	1217282	Parabacteroides_faecis	6660562	4.0	0	0.0			0.0
CD	1226322	Oscillibacter_sp._KLE_1728	3590714	12.0	9	0.75	98.23872387238724	37.77777777777778	0.022168292991310363
CD	1226323	Oscillibacter_sp._KLE_1745	3594235	14.0	8	0.5714285714285714	99.3774502450245	42.0	0.01847402854849502
CD	1226324	Blautia_sp._KLE_1732	3573774	24.0	16	0.6666666666666666	98.65810643564356	37.125	0.030220153820582945
CD	1226325	Clostridium_sp._KLE_1755	6640751	26.0	14	0.5384615384615384	99.00990099009901	40.714285714285715	0.017151674562109014
CD	1227265	Capnocytophaga_sp._oral_taxon_863	2724306	2.0	2	1.0	100.0	42.0	0.006643893894445045
CD	1227276	Prevotella_sp._F0091	3193725	4.0	3	0.75	98.34983498349834	36.0	0.007702604325669868
CD	1235790	Eubacterium_sp._14-2	3996868	2.0	0	0.0			0.0
CD	1235797	Oscillibacter_sp._1-3	4467686	6.0	0	0.0			0.0
CD	1261634	Roseburia_sp._499	3381825	2.0	2	1.0	98.51485148514851	41.0	0.006032245902730035
CD	1261635	Roseburia_sp._831b	3368602	10.0	2	0.2	96.03960396039605	25.0	0.006055924683295919
CD	1261637	Anaerostipes_sp._992a	2798165	2.0	0	0.0			0.0
CD	1262694	Alistipes_sp._CAG-29	3127447	24.0	11	0.4583333333333333	98.36583535234509	34.72727272727273	0.023565547233893973
CD	1262744	Bacteroides_sp._CAG-633	3641748	6.0	0	0.0			0.0
CD	1262755	Blautia_sp._CAG-237	2898194	2.0	0	0.0			0.0
CD	1262756	Blautia_sp._CAG-257	2866244	2.0	1	0.5	97.02970297029702	40	0.0035586642309587044
CD	1262780	Clostridium_sp._CAG-221	3093482	10.0	6	0.6	100.0	42.0	0.014385084509947044
CD	1262805	Clostridium_sp._CAG-43	2618944	16.0	8	0.5	97.38372093023256	33.5	0.01718249798392024
CD	1262880	Eubacterium_sp._CAG-156	2450450	6.0	4	0.6666666666666666	100.0	42.0	0.011385663857658797
CD	1262910	Oscillibacter_sp._CAG-155	2277379	12.0	2	0.16666666666666666	94.55445544554456	13.5	0.007376901253590203
CD	1262912	Parabacteroides_sp._CAG-2	4561326	2.0	2	1.0	99.00990099009901	42.0	0.004472383688427444
CD	1264	Ruminococcus_albus	4482087	2.0	0	0.0			0.0
CD	1265	Ruminococcus_flavefaciens	3587803	6.0	0	0.0			0.0
CD	1280	Staphylococcus_aureus	2821361	14.0	0	0.0			0.0
CD	1280674	Prevotella_sp._AGR2160	2908381	2.0	0	0.0			0.0
CD	1282	Staphylococcus_epidermidis	2491058	4.0	2	0.5	98.21428571428571	1.0	0.004576368755765623
CD	1284775	Prevotella_sp._S7-1-8	2838933	2.0	0	0.0			0.0
CD	1288121	Alistipes_senegalensis	3674467	8.0	0	0.0			0.0
CD	1297617	Intestinimonas_butyriciproducens	3224506	26.0	2	0.07692307692307693	99.50495049504951	42.0	0.00632655048556275
CD	1297750	Bacteroides_luti	4118748	4.0	0	0.0			0.0
CD	1304	Streptococcus_salivarius	2210574	4.0	2	0.5	98.68421052631578	42.0	0.003483258194477995
CD	1305	Streptococcus_sanguinis	2296927	4.0	1	0.25	94.05940594059405	23	0.0044407157911418174
CD	1307	Streptococcus_suis	2170808	4.0	0	0.0			0.0
CD	1308	Streptococcus_thermophilus	1791634	4.0	2	0.5	100.0	42.0	0.004297752777632039
CD	1311	Streptococcus_agalactiae	2079123	8.0	0	0.0			0.0
CD	1313	Streptococcus_pneumoniae	2110968	4.0	0	0.0			0.0
CD	1318	Streptococcus_parasanguinis	2153652	2.0	0	0.0			0.0
CD	1322	Blautia_hansenii	3065949	4.0	0	0.0			0.0
CD	1323	Faecalicoccus_pleomorphus	2055154	30.0	0	0.0			0.0
CD	1328	Streptococcus_anginosus	1953654	2.0	0	0.0			0.0
CD	1336	Streptococcus_equi	2154778	8.0	0	0.0			0.0
CD	1337051	Murimonas_intestini	5727142	8.0	4	0.5	97.56091757091187	32.5	0.005517586258556187
CD	133926	Olsenella_uli	2051896	4.0	0	0.0			0.0
CD	1347393	Bacteroides_neonati	5025334	2.0	0	0.0			0.0
CD	1351	Enterococcus_faecalis	2870381	2.0	0	0.0			0.0
CD	1352	Enterococcus_faecium	2919198	6.0	0	0.0			0.0
CD	1354	Enterococcus_hirae	2931746	8.0	0	0.0			0.0
CD	1354301	Clostridium_sp._BL8	4776227	2.0	1	0.5	94.05940594059405	8	0.002135576889456887
CD	137732	Granulicatella_elegans	1743361	6.0	2	0.3333333333333333	95.40229885057471	24.0	0.005047721039991143
CD	137838	Clostridium_neonatale	4739640	2.0	0	0.0			0.0
CD	1384078	Prevotella_sp._DNF00663	2825213	4.0	4	1.0	100.0	42.0	0.010654063959071404
CD	1392486	Prevotella_sp._HUN102	3318148	2.0	1	0.5	93.06930693069307	8	0.0030740039323140502
CD	1398	Weizmannia_coagulans	3366995	2.0	0	0.0			0.0
CD	1402135	Pseudosulfitobacter_pseudonitzschiae	4933696	2.0	0	0.0			0.0
CD	140626	Lachnobacterium_bovis	2717066	2.0	0	0.0			0.0
CD	1408281	Endomicrobium_proavitum	1588979	2.0	0	0.0			0.0
CD	1408310	Prevotella_sp._MA2016	3384011	2.0	0	0.0			0.0
CD	1409788	Sunxiuqinia_dokdonensis	4962831	4.0	0	0.0			0.0
CD	1410609	Treponema_sp._C6A8	2869490	4.0	0	0.0			0.0
CD	1411144	Bacteroides_caecigallinarum	3353010	8.0	0	0.0			0.0
CD	1428	Bacillus_thuringiensis	6260142	2.0	0	0.0			0.0
CD	1432052	Eisenbergiella_tayi	7555015	16.0	2	0.125	94.05940594059405	23.0	0.0021839797803181065
CD	1450156	Defluviitalea_raffinosedens	3092142	2.0	0	0.0			0.0
CD	1452	Bacillus_atrophaeus	4292910	12.0	0	0.0			0.0
CD	1465	Brevibacillus_laterosporus	5400144	4.0	0	0.0			0.0
CD	1465757	Peptoniphilus_senegalensis	1851340	2.0	2	1.0	94.05940594059405	23.0	0.010802985945315285
CD	1468449	Holdemania_massiliensis	4017176	4.0	0	0.0			0.0
CD	1470347	Alistipes_ihumii	2780015	4.0	2	0.5	99.50495049504951	42.0	0.007338089902392613
CD	1491	Clostridium_botulinum	3903260	4.0	0	0.0			0.0
CD	1496	Clostridioides_difficile	4095894	160.0	0	0.0			0.0
CD	150055	Streptococcus_lutetiensis	1793521	8.0	0	0.0			0.0
CD	1501329	Oribacterium_parvum	2470863	4.0	2	0.5	99.00990099009901	42.0	0.004249527391846492
CD	1501392	Coprobacter_secundus	4171466	38.0	0	0.0			0.0
CD	1502	Clostridium_perfringens	3355233	2.0	1	0.5	96.03960396039604	1	0.003040027324480893
CD	1502943	Veillonella_seminalis	2252690	1004.0	606	0.603585657370518	99.71806160971063	41.600660066006604	2.1943543052972223
CD	1504536	Robinsoniella_sp._RHS	7237586	4.0	2	0.5	92.44186046511628	2.0	0.0011882414937798322
CD	1507	Clostridium_sp._ATCC_29733	3084735	2.0	1	0.5	94.05940594059405	23	0.00330660494337439
CD	1509	Clostridium_sporogenes	4141984	4.0	0	0.0			0.0
CD	1512	-Clostridium-_symbiosum	5299950	22.0	3	0.13636363636363635	98.34983498349834	29.0	0.00550948593854659
CD	1515	Acetivibrio_thermocellus	3843301	2.0	0	0.0			0.0
CD	1519439	Oscillibacter_sp._ER4	2729704	16.0	5	0.3125	96.64725296059018	26.0	0.018719978429895694
CD	1520	Clostridium_beijerinckii	5950247	6.0	0	0.0			0.0
CD	1522	-Clostridium-_innocuum	4718906	6.0	3	0.5	98.5135224821636	41.333333333333336	0.004471375356915353
CD	1526	-Clostridium-_aminophilum	3113820	2.0	0	0.0			0.0
CD	1528099	Lawsonella_clevelandensis	1860551	4.0	0	0.0			0.0
CD	1531	Enterocloster_clostridioformis	5539047	140.0	75	0.5357142857142857	98.49464147883782	36.2	0.12543674029124505
CD	154046	Hungatella_hathewayi	6931886	40.0	4	0.1	100.0	42.0	0.0033612785899825815
CD	154288	Turicibacter_sanguinis	2999687	12.0	2	0.16666666666666666	100.0	42.0	0.003533702016243695
CD	1547	Thomasclavelia_ramosa	3543719	6.0	2	0.3333333333333333	98.51485148514851	42.0	0.003865995018228025
CD	1550024	Ruthenibacterium_lactatiformans	4111078	52.0	10	0.19230769230769232	98.59015224103055	31.0	0.017100137725433572
CD	1550235	Clostridium_sp._KNHs216	3945418	2.0	0	0.0			0.0
CD	155865	Eubacterium_pyruvativorans	2158512	2.0	0	0.0			0.0
CD	1559	Clostridium_tertium	3874184	2.0	0	0.0			0.0
CD	1574262	Sutterella_sp._KLE1602	2576488	48.0	36	0.75	99.46602417407425	41.888888888888886	0.12586901239206238
CD	1579343	Streptococcus_sp._263_SSPC	1804345	2.0	2	1.0	99.50495049504951	42.0	0.01130604180464379
CD	1580	Levilactobacillus_brevis	2494328	6.0	0	0.0			0.0
CD	1583331	Porphyromonas_pasteri	2166795	4.0	1	0.25	95.52238805970148	24	0.003138275655980376
CD	1587	Lactobacillus_helveticus	2120944	4.0	0	0.0			0.0
CD	158836	Enterobacter_hormaechei	4915930	2.0	1	0.5	96.03960396039604	24	0.0020748871525835396
CD	158847	Megamonas_hypermegale	2230342	2.0	0	0.0			0.0
CD	1590	Lactiplantibacillus_plantarum	3223643	2.0	0	0.0			0.0
CD	160404	Anaerotignum_lactatifermentans	2922609	114.0	40	0.3508771929824561	96.56378255120032	30.475	0.11517106804228687
CD	1613	Limosilactobacillus_fermentum	1905587	2.0	0	0.0			0.0
CD	1619234	Anaerobium_acetethylicum	4609043	2.0	0	0.0			0.0
CD	162156	uncultured_Bacteroides_sp.	5299784	22.0	12	0.5454545454545454	97.19471947194718	34.166666666666664	0.009019235500918528
CD	1623	Ligilactobacillus_ruminis	2066652	2.0	0	0.0			0.0
CD	1628085	Agathobaculum_butyriciproducens	2695431	6.0	0	0.0			0.0
CD	1629	Weissella_viridescens	1593241	2.0	0	0.0			0.0
CD	163	Treponema_bryantii	3516600	2.0	0	0.0			0.0
CD	1630	Kandleria_vitulina	2126709	4.0	0	0.0			0.0
CD	163665	Dysgonomonas_mossii	3954365	2.0	0	0.0			0.0
CD	1639	Listeria_monocytogenes	2944528	4.0	0	0.0			0.0
CD	1641	Listeria_grayi	2751104	2.0	0	0.0			0.0
CD	1650661	Clostridium_phoceensis	3453778	10.0	2	0.2	96.00960096009601	31.5	0.005848667748766713
CD	1650663	Fournierella_massiliensis	3391003	2.0	0	0.0			0.0
CD	165179	Prevotella_copri	3551614	20.0	0	0.0			0.0
CD	165185	uncultured_Eubacterium_sp.	2611477	26.0	0	0.0			0.0
CD	165186	uncultured_Ruminococcus_sp.	2960314	38.0	3	0.07894736842105263	94.14688456797485	16.666666666666668	0.006283117263911869
CD	1652957	Lactococcus_nasutitermitis	2189889	2.0	0	0.0			0.0
CD	1653435	Merdimonas_faecis	3318223	10.0	0	0.0			0.0
CD	1658008	Dysgonomonas_sp._BGC7	4322346	2.0	0	0.0			0.0
CD	1660	Schaalia_odontolytica	2455831	4.0	0	0.0			0.0
CD	1662055	Clostridium_guangxiense	4408532	2.0	0	0.0			0.0
CD	166486	Roseburia_intestinalis	4493348	1624.0	593	0.36514778325123154	98.93536061315696	38.359190556492415	0.9915768820932633
CD	1667357	Clostridium_sp._C8	4020958	2.0	0	0.0			0.0
CD	1673717	Anaeromassilibacillus_senegalensis	3511751	114.0	0	0.0			0.0
CD	1673720	Anaerotruncus_massiliensis	2980348	2.0	0	0.0			0.0
CD	1673721	Intestinimonas_massiliensis	3105129	18.0	8	0.4444444444444444	99.62871287128714	42.0	0.02415358588966835
CD	1673724	Neofamilia_massiliensis	1920334	2.0	0	0.0			0.0
CD	1677858	Propionispora_sp._2-2-37	4121509	2.0	0	0.0			0.0
CD	1680	Bifidobacterium_adolescentis	2089645	6.0	1	0.16666666666666666	99.00990099009901	42	0.004881211880486877
CD	1685	Bifidobacterium_breve	2269415	6.0	0	0.0			0.0
CD	1686	Bifidobacterium_catenulatum	2079525	6.0	0	0.0			0.0
CD	1689270	Intestinimonas_timonensis	3444574	20.0	13	0.65	96.10967250571208	26.46153846153846	0.03570833432523151
CD	169435	Anaerotruncus_colihominis	3563916	54.0	18	0.3333333333333333	99.2248714667385	41.55555555555556	0.03611196223480014
CD	1715075	Neisseria_sp._HMSC078C12	2242214	4.0	2	0.5	99.5	42.0	0.004593673931212632
CD	1720194	Clostridium_sp._AT4	3412755	860.0	477	0.5546511627906977	99.32717503014824	40.666666666666664	1.137790436172535
CD	1720200	Anaerotruncus_rubiinfantis	3409026	2.0	0	0.0			0.0
CD	1720294	Eisenbergiella_massiliensis	6692195	132.0	39	0.29545454545454547	98.64255191288692	40.69230769230769	0.048055981632334384
CD	1720313	Bittarella_massiliensis	2806977	4.0	2	0.5	100.0	42.0	0.00580695887426224
CD	1732	Eubacterium_oxidoreducens	2912287	4.0	0	0.0			0.0
CD	1735	Holdemanella_biformis	2517763	16.0	0	0.0			0.0
CD	1736399	Tetrasphaera_sp._Soil756	3470999	4.0	0	0.0			0.0
CD	1737424	Blautia_massiliensis	3717343	20.0	9	0.45	99.22992299229924	39.77777777777778	0.02348451568768338
CD	1739298	Bacteroides_sp._HMSC067B03	6513253	6.0	4	0.6666666666666666	100.0	42.0	0.004298927125969159
CD	1739517	Bacteroides_sp._HMSC073E02	6622929	6.0	6	1.0	100.0	42.0	0.00739853922637552
CD	1745713	Bariatricus_massiliensis	4219447	10.0	4	0.4	99.75247524752476	42.0	0.008650422673871718
CD	1747	Cutibacterium_acnes	2494738	6.0	2	0.3333333333333333	99.50495049504951	42.0	0.005812233589258671
CD	174709	Allobaculum_stercoricanis	2052877	2.0	0	0.0			0.0
CD	1755100	Fusobacterium_gastrosuis	1813656	2.0	0	0.0			0.0
CD	1761887	Prevotella_sp._ne3005	3567607	4.0	0	0.0			0.0
CD	1769	Mycobacterium_leprae	3187112	2.0	0	0.0			0.0
CD	1776382	Neglectibacter_timonensis	3671597	8.0	0	0.0			0.0
CD	1776391	Romboutsia_timonensis	3112481	68.0	34	0.5	99.22640011435979	37.088235294117645	0.07367113245028643
CD	1776392	Massilimicrobiota_timonensis	2661126	4.0	0	0.0			0.0
CD	1777881	Streptococcus_sp._DD13	1716726	4.0	0	0.0			0.0
CD	1780376	Alistipes_sp._CHKCI003	2869882	2.0	0	0.0			0.0
CD	1796613	Bacteroides_caecimuris	4839927	10.0	4	0.4	93.54455445544554	13.0	0.007768712214047856
CD	1796615	Blautia_caecimuris	4093107	8.0	2	0.25	100.0	42.0	0.0033226592903630417
CD	1796616	Blautia_pseudococcoides	5128746	2.0	0	0.0			0.0
CD	1796620	Acutalibacter_muris	3802913	2.0	0	0.0			0.0
CD	1796622	Extibacter_muris	3711428	2.0	0	0.0			0.0
CD	1796628	Longibaculum_muris	3167958	16.0	2	0.125	98.00990099009901	42.0	0.0052399684591778045
CD	1796635	Longicatena_caecimuris	3103757	10.0	4	0.4	98.46153846153845	41.0	0.008699134629418476
CD	1796636	Frisingicoccus_caecimuris	2716364	10.0	3	0.3	96.35973597359737	30.0	0.007730922659849712
CD	1796652	Turicimonas_muris	2887949	4.0	0	0.0			0.0
CD	1798186	Pseudobutyrivibrio_sp._OR37	3558369	2.0	0	0.0			0.0
CD	180164	Blautia_schinkii	3494515	6.0	2	0.3333333333333333	97.02970297029702	17.5	0.0058377199697239816
CD	180311	Hespellia_stercorisuis	4402942	10.0	3	0.3	93.72937293729372	11.666666666666666	0.006722777633682206
CD	1806837	Massilibacillus_massiliensis	4000953	8.0	0	0.0			0.0
CD	181070	Proteocatella_sphenisci	2411055	2.0	0	0.0			0.0
CD	1812935	Enterobacter_roggenkampii	4899997	4.0	0	0.0			0.0
CD	1834438	Pedobacter_quisquiliarum	3773827	8.0	1	0.125	90.0990099009901	3	0.002517338500148523
CD	1841855	Bacteroides_bouchesdurhonensis	5308568	4.0	0	0.0			0.0
CD	1841864	Marseilla_massiliensis	4084489	2.0	0	0.0			0.0
CD	1841865	Mediterranea_massiliensis	3949838	10.0	0	0.0			0.0
CD	185007	Pseudobutyrivibrio_xylanivorans	3420924	2.0	0	0.0			0.0
CD	1851428	Faecalibacterium_longum	2951594	32.0	21	0.65625	98.06364922206505	30.142857142857142	0.051158797585304755
CD	1852366	Holdemania_sp._Marseille-P2844	3680275	2.0	2	1.0	100.0	42.0	0.004238813675608481
CD	1852370	Prevotellamassilia_timonensis	3475353	2.0	0	0.0			0.0
CD	1855342	Oribacterium_sp._KHPX15	4017748	2.0	0	0.0			0.0
CD	1860161	Streptococcus_sp._CCUG_49591	1928655	4.0	2	0.5	100.0	42.0	0.005703456553919701
CD	1870988	Pseudoflavonifractor_phocaeensis	3146058	36.0	0	0.0			0.0
CD	1870991	Massilioclostridium_coli	2985330	12.0	6	0.5	100.0	42.0	0.019595823577292962
CD	1870997	Alterileibacterium_massiliense	1450823	2.0	2	1.0	100.0	42.0	0.01151070806018377
CD	1871006	Bacteroides_congonensis	6373337	6.0	2	0.3333333333333333	99.50495049504951	42.0	0.0019299152076847656
CD	1871020	Clostridium_sp._Marseille-P3244	2972275	8.0	6	0.75	96.03960396039604	26.0	0.01816790169146529
CD	1871024	Mordavella_massiliensis	2614310	4.0	2	0.5	97.02970297029702	33.0	0.007803206199723828
CD	1871035	Negativibacillus_massiliensis	2876881	12.0	2	0.16666666666666666	98.01980198019803	42.0	0.007091012801711298
CD	1871336	Criibacterium_bergeronii	2176288	4.0	0	0.0			0.0
CD	187327	Acidaminococcus_intestini	2305309	16.0	4	0.25	100.0	42.0	0.011148180135504612
CD	1882749	Opitutus_sp._GAS368	4150883	2.0	0	0.0			0.0
CD	1895907	Dysgonomonas_sp._37-18	4410792	2.0	0	0.0			0.0
CD	1896967	Akkermansia_sp._54_46	2966498	4.0	2	0.5	100.0	42.0	0.006876795467247913
CD	1903261	Mailhella_massiliensis	3465670	4.0	0	0.0			0.0
CD	1907662	Raoultibacter_timonensis	4016902	2.0	0	0.0			0.0
CD	1917867	Bacilliculturomica_massiliensis	4516356	2.0	0	0.0			0.0
CD	1917868	Blautia_marasmi	6170525	10.0	0	0.0			0.0
CD	1917870	Lachnoclostridium_pacaense	6263362	10.0	6	0.6	99.66831683168317	42.0	0.008653499510326882
CD	1917873	Pygmaiobacter_massiliensis	2804249	4.0	0	0.0			0.0
CD	1926283	Lachnoclostridium_edouardi	3329949	16.0	2	0.125	97.52475247524752	41.0	0.004084146634077579
CD	1926599	Carboxydocella_sp._ULO1	2700370	2.0	0	0.0			0.0
CD	1940789	Lactococcus_petauri	2106259	4.0	0	0.0			0.0
CD	1943579	Oribacterium_sp._C9	3720024	2.0	0	0.0			0.0
CD	1944639	Anaeromassilibacillus_sp._Marseille-P3371	3545090	6.0	0	0.0			0.0
CD	1944642	Marasmitruncus_massiliensis	3761792	2.0	0	0.0			0.0
CD	1945593	Oscillibacter_sp.	3726880	10.0	0	0.0			0.0
CD	1945634	Butyricicoccus_porcorum	2990647	12.0	0	0.0			0.0
CD	195	Campylobacter_coli	1716536	6.0	0	0.0			0.0
CD	1955272	Allobacillus_salarius	2595246	36.0	28	0.7777777777777778	99.89597780859916	41.92857142857143	0.02693386291704139
CD	1965537	Flavonifractor_sp._An10	3882968	74.0	39	0.527027027027027	97.42896396413464	33.56410256410256	0.08282324242692704
CD	1965538	Flavonifractor_sp._An100	3040137	4.0	2	0.5	99.50495049504951	42.0	0.006710223914251233
CD	1965542	Eubacterium_sp._An11	3912469	2.0	0	0.0			0.0
CD	1965544	Flavonifractor_sp._An112	2958951	4.0	0	0.0			0.0
CD	1965545	Tyzzerella_sp._An114	2751690	2.0	0	0.0			0.0
CD	1965547	Lachnoclostridium_sp._An118	3467513	2.0	2	1.0	100.0	42.0	0.005883179096949312
CD	1965549	Gemmiger_sp._An120	3394994	2.0	0	0.0			0.0
CD	1965551	Faecalibacterium_sp._An122	3256715	4.0	2	0.5	100.0	42.0	0.0035618713949485906
CD	1965555	Lachnoclostridium_sp._An131	3513548	20.0	10	0.5	99.1069306930693	38.1	0.018699047230890258
CD	1965560	Lachnoclostridium_sp._An138	3689697	14.0	10	0.7142857142857143	99.11376431760823	38.4	0.027509033939643282
CD	1965562	Lachnoclostridium_sp._An14	4288148	130.0	15	0.11538461538461539	98.22950883323627	37.2	0.030922440176971502
CD	1965569	Lachnoclostridium_sp._An169	4853259	4.0	0	0.0			0.0
CD	1965570	Anaeromassilibacillus_sp._An172	2814283	2.0	0	0.0			0.0
CD	1965571	Erysipelatoclostridium_sp._An173	2931751	4.0	2	0.5	95.04950495049505	23.0	0.0038202425785818783
CD	1965576	Pseudoflavonifractor_sp._An184	3590977	16.0	6	0.375	99.17326732673268	39.0	0.014675671829699827
CD	1965578	Pseudoflavonifractor_sp._An187	2606860	4.0	0	0.0			0.0
CD	1965580	Bacteroides_sp._An19	4733083	2.0	1	0.5	92.07920792079209	3	0.0021550435519512336
CD	1965582	Gemmiger_sp._An194	3071855	6.0	2	0.3333333333333333	95.54455445544554	24.0	0.005534115379794945
CD	1965583	Lachnoclostridium_sp._An196	3252622	4.0	2	0.5	98.33333333333333	42.0	0.0018754100537965988
CD	1965586	Mediterranea_sp._An20	3844582	4.0	2	0.5	98.51485148514851	4.0	0.005306168524952777
CD	1965587	Anaeromassilibacillus_sp._An200	3721138	6.0	0	0.0			0.0
CD	1965603	Blautia_sp._An249	3938978	14.0	6	0.42857142857142855	100.0	42.0	0.00931713759254304
CD	1965618	Desulfovibrio_sp._An276	3200405	2.0	0	0.0			0.0
CD	1965620	Bacteroides_sp._An279	3937191	4.0	0	0.0			0.0
CD	1965634	Flavonifractor_sp._An4	3212734	4.0	2	0.5	91.8918918918919	3.0	0.002334460307015769
CD	1965636	Blautia_sp._An46	3820310	4.0	0	0.0			0.0
CD	1965640	Bacteroides_sp._An51A	4486442	6.0	4	0.6666666666666666	98.26732673267327	41.5	0.005104267479664287
CD	1965654	Lachnoclostridium_sp._An76	3431056	4.0	0	0.0			0.0
CD	1965655	Faecalibacterium_sp._An77	3051386	2.0	0	0.0			0.0
CD	1965660	Flavonifractor_sp._An82	3668665	2.0	1	0.5	93.06930693069307	8	0.0027803029167285647
CD	1965661	Pseudoflavonifractor_sp._An85	2984473	2.0	0	0.0			0.0
CD	1965664	Flavonifractor_sp._An9	3350225	2.0	2	1.0	96.53465346534654	32.0	0.005342924728936116
CD	1965666	Flavonifractor_sp._An92	3490035	2.0	1	0.5	99.00990099009901	42	0.002922606793341614
CD	197	Campylobacter_jejuni	1641481	2.0	0	0.0			0.0
CD	1972867	Agrobacterium_rosae	5464393	2.0	0	0.0			0.0
CD	1977903	Propionibacterium_sp.	2445559	2.0	0	0.0			0.0
CD	1981510	Monoglobus_pectinilyticus	2759678	10.0	2	0.2	95.40229885057471	24.0	0.003188777821180587
CD	1982626	Faecalibacillus_intestinalis	2869982	12.0	4	0.3333333333333333	98.28188701223064	33.75	0.009512254780692004
CD	1982628	Faecalibacillus_faecis	2525977	6.0	3	0.5	98.34983498349834	28.666666666666668	0.012074535912243065
CD	1986206	Candidatus_Nanosynsacchari_sp._TM7_ANC_38.39_G1_1	756930	2.0	0	0.0			0.0
CD	2004706	Desulfurobacterium_sp.	1686093	2.0	0	0.0			0.0
CD	2021312	Veillonella_sp._R32	2247556	2.0	1	0.5	92.07920792079209	3	0.004538262895340539
CD	2024205	Urinicoccus_timonensis	1978908	4.0	0	0.0			0.0
CD	2024219	Prevotella_sp._P4-98	3107872	4.0	4	1.0	100.0	42.0	0.007014445897385736
CD	2024228	Prevotella_sp._P4-51	3152425	2.0	1	0.5	100.0	42	0.003235604336344243
CD	2024555	Virgibacillus_profundi	4362047	22.0	1	0.045454545454545456	93.44262295081968	8	0.001421351030834835
CD	2026191	Bacillus_luti	5315231	2.0	0	0.0			0.0
CD	2040291	Dorea_phocaeensis	2467622	6.0	2	0.3333333333333333	94.75697569756974	23.5	0.004133534228500151
CD	2045012	Clostridium_minihomine	2705425	2.0	0	0.0			0.0
CD	204516	Phocaeicola_massiliensis	4646209	10.0	0	0.0			0.0
CD	2049028	Granulicatella_sp.	1930300	6.0	4	0.6666666666666666	96.03960396039602	32.0	0.018080091177537172
CD	2064846	Desertimonas_flava	6220585	2.0	0	0.0			0.0
CD	2067550	Clostridium_sp._chh4-2	6089737	8.0	2	0.25	99.50495049504951	42.0	0.0033498983617847537
CD	2079004	Clostridium_sp._Cult3	2472187	4.0	0	0.0			0.0
CD	208479	Enterocloster_bolteae	6377378	154.0	40	0.2597402597402597	96.99276829885615	31.6	0.05207469276558485
CD	2086273	Subdoligranulum_sp._APC924-74	3508961	40.0	24	0.6	98.36828844174742	29.75	0.043146675041415394
CD	2086583	Pseudoruminococcus_massiliensis	2428410	2.0	0	0.0			0.0
CD	2086584	Massilistercora_timonensis	2132391	232.0	110	0.47413793103448276	97.48157297383625	33.336363636363636	0.45404430988500705
CD	2093857	Dysosmobacter_welbionis	3396268	138.0	44	0.3188405797101449	98.46827182718275	36.45454545454545	0.11606857880473508
CD	209880	Allisonella_histaminiformans	1700551	16.0	10	0.625	97.92079207920793	39.8	0.03969301714561927
CD	210	Helicobacter_pylori	1696601	8.0	0	0.0			0.0
CD	2108523	Lawsonibacter_asaccharolyticus	3126090	6.0	4	0.6666666666666666	99.75247524752476	42.0	0.010236429533378758
CD	2126740	Clostridium_fessum	3109172	20.0	4	0.2	97.02970297029704	29.0	0.013058138951463604
CD	214851	Subdoligranulum_variabile	3244954	8.0	0	0.0			0.0
CD	214853	Anaerofustis_stercorihominis	2284703	4.0	2	0.5	99.50495049504951	42.0	0.008928950502537966
CD	214856	Alistipes_finegoldii	3563510	92.0	26	0.2826086956521739	98.34312797184086	38.42307692307692	0.060137336502493324
CD	2161814	Lactimicrobium_massiliense	2457574	2.0	0	0.0			0.0
CD	2162637	Bacteroides_sp._PHL_2737	5539106	2.0	0	0.0			0.0
CD	216816	Bifidobacterium_longum	2385164	28.0	5	0.17857142857142858	97.50312962330716	26.2	0.011361902158509855
CD	2182327	Candidatus_Nitrotoga_fabula	2304384	2.0	0	0.0			0.0
CD	218538	Dialister_invisus	1895960	856.0	411	0.48014018691588783	97.98277920931724	36.98053527980535	1.673242051520074
CD	2211183	Evtepia_gabavorous	2494407	6.0	0	0.0			0.0
CD	2219695	Luxibacter_massiliensis	4142938	2.0	0	0.0			0.0
CD	2267611	Capnocytophaga_felis	2882901	4.0	0	0.0			0.0
CD	227942	Limosilactobacillus_gastricus	1848461	2.0	0	0.0			0.0
CD	228604	Prevotella_salivae	3099908	6.0	0	0.0			0.0
CD	2290935	Parabacteroides_acidifaciens	5101196	2.0	0	0.0			0.0
CD	2292046	Lachnotalea_sp._AF33-28	5162566	14.0	6	0.42857142857142855	100.0	42.0	0.004067744606073801
CD	2292053	Parabacteroides_sp._AM08-6	4189784	2.0	2	1.0	97.52475247524752	22.0	0.004868986086156231
CD	2292066	Roseburia_sp._AM23-20	4145911	10.0	5	0.5	98.01188118811882	27.8	0.010299304543681715
CD	2292194	Bacteroides_sp._AF27-33	7056870	2.0	2	1.0	96.7876787678768	33.0	0.002720752968384
CD	2292206	Clostridium_sp._AF27-2AA	3575329	26.0	16	0.6153846153846154	99.31868811881188	39.75	0.037646885083862214
CD	2292209	Collinsella_sp._AF05-8-2	2333248	2.0	0	0.0			0.0
CD	2292234	Faecalibacterium_sp._AF28-13AC	3389503	4.0	0	0.0			0.0
CD	2292244	Pseudoflavonifractor_sp._AF19-9AC	3124708	2.0	0	0.0			0.0
CD	2292280	Bacteroides_sp._OF02-3LB	6810738	4.0	3	0.75	99.2313705054716	42.0	0.004125837757963969
CD	2292284	Bacteroides_sp._OM08-11	3878769	2.0	1	0.5	99.00990099009901	42	0.0026297002992444253
CD	2292304	Clostridium_sp._AM33-3	3217602	8.0	4	0.5	95.75117175583105	27.75	0.009416950884540722
CD	2292305	Clostridium_sp._AM42-4	3653786	2.0	0	0.0			0.0
CD	2292307	Clostridium_sp._AM58-1XD	4360356	16.0	4	0.25	97.01732673267327	32.5	0.008944223820256877
CD	2292310	Clostridium_sp._OF09-36	3906899	2.0	2	1.0	98.51485148514851	41.0	0.0032762556697780005
CD	2292348	Eisenbergiella_sp._OF01-20	7234838	2.0	0	0.0			0.0
CD	2292356	Faecalibacterium_sp._OF03-6AC	2830308	2.0	2	1.0	98.01980198019803	17.0	0.007207696123531432
CD	2292357	Faecalibacterium_sp._OM04-11BH	2961722	8.0	5	0.625	98.17430094657819	25.6	0.01343812822405344
CD	2292367	Roseburia_sp._OF03-24	3926239	4.0	2	0.5	97.5	40.0	0.002063043029219566
CD	2292368	Roseburia_sp._OM02-15	3656239	2.0	1	0.5	100.0	42	0.002789751982843572
CD	2292372	Ruminococcus_sp._AM42-11	4698861	2.0	2	1.0	97.87451571244081	41.0	0.004149941868891205
CD	2292911	Alistipes_sp._AM16-43	3366396	2.0	2	1.0	99.00990099009901	42.0	0.006059893132002296
CD	2292922	Bacteroides_sp._AF25-17LB	4747821	6.0	4	0.6666666666666666	100.0	42.0	0.006234438914188214
CD	2292925	Bacteroides_sp._AF25-5LB	4668245	4.0	2	0.5	99.50495049504951	42.0	0.004327107938850681
CD	2292926	Bacteroides_sp._AF26-10BH	4823286	2.0	1	0.5	98.9795918367347	42	0.002052542602698658
CD	2292927	Bacteroides_sp._AF27-10BH	4668250	2.0	0	0.0			0.0
CD	2292931	Bacteroides_sp._AF34-31BH	4724527	4.0	4	1.0	97.28683750728014	40.5	0.007048324625936099
CD	2292936	Bacteroides_sp._AF39-16AC	4917973	2.0	2	1.0	97.52475247524752	41.0	0.0021146923742769636
CD	2292950	Bacteroides_sp._AM32-11AC	4692899	2.0	2	1.0	95.56882158804115	23.5	0.004368301981355235
CD	2292951	Bacteroides_sp._AM37-9	6147705	2.0	2	1.0	100.0	42.0	0.002716460858157638
CD	2292952	Bacteroides_sp._AM41-16	4905507	14.0	8	0.5714285714285714	98.78162502143991	37.125	0.011864217093156732
CD	2292957	Bacteroides_sp._OF03-11BH	6871891	10.0	7	0.7	97.13838526709813	30.285714285714285	0.007887203100282004
CD	2292960	Blautia_sp._AF19-1	3558929	4.0	2	0.5	100.0	42.0	0.0021073755615804643
CD	2292968	Blautia_sp._AF34-10	3555463	2.0	2	1.0	99.00990099009901	42.0	0.005034506054485731
CD	2292979	Blautia_sp._AM47-4	3843555	2.0	2	1.0	100.0	39.5	0.005307586336087294
CD	2292980	Blautia_sp._OF03-13	3545221	6.0	4	0.6666666666666666	99.25495049504951	42.0	0.011028931623726701
CD	2292988	Blautia_sp._TF12-12AT	3327287	2.0	1	0.5	97.02970297029702	6	0.0030655606204093608
CD	2292993	Clostridium_sp._AF02-29	3052050	30.0	16	0.5333333333333333	97.95792079207921	38.3125	0.04786946478596354
CD	2293011	Clostridium_sp._AF34-10BH	4001893	2.0	2	1.0	98.51485148514851	42.0	0.003248462665043768
CD	2293015	Clostridium_sp._AF36-4	2893834	8.0	4	0.5	99.75247524752476	42.0	0.006911246464033528
CD	2293025	Clostridium_sp._AM27-28	3250566	4.0	4	1.0	99.25742574257427	42.0	0.012397840868328777
CD	2293026	Clostridium_sp._AM27-31LB	3613665	2.0	0	0.0			0.0
CD	2293028	Clostridium_sp._AM29-11AC	3547659	6.0	3	0.5	96.6996699669967	29.0	0.008005278974106586
CD	2293030	Clostridium_sp._AM34-9AC	3804624	6.0	4	0.6666666666666666	100.0	42.0	0.008121696125556691
CD	2293043	Clostridium_sp._OM05-5BH	3036263	2.0	2	1.0	98.4795918367347	42.0	0.00658704466642053
CD	2293051	Clostridium_sp._TF06-15AC	3226053	2.0	2	1.0	95.51980198019803	23.5	0.0032857488702138496
CD	2293093	Coprococcus_sp._OM04-5BH	2644330	4.0	2	0.5	97.5609756097561	41.0	0.003138791300631918
CD	2293109	Faecalibacterium_sp._OF04-11AC	2745360	8.0	4	0.5	99.25742574257426	42.0	0.013040184165282513
CD	2293117	Parabacteroides_sp._AF39-10AC	5551839	4.0	2	0.5	100.0	42.0	0.003098072548573545
CD	2293123	Parabacteroides_sp._OF01-14	4928274	10.0	3	0.3	93.75202226104965	11.333333333333334	0.002211727675855685
CD	2293127	Roseburia_sp._AF12-17LB	2971866	2.0	1	0.5	99.00990099009901	42	0.0034321870501563666
CD	2293144	Roseburia_sp._TF10-5	3443473	4.0	3	0.75	99.00990099009901	41.333333333333336	0.008886377212773267
CD	2293151	Ruminococcus_sp._AF17-12	3707059	2.0	2	1.0	100.0	42.0	0.005260234595672742
CD	2293231	Ruminococcus_sp._OM04-4AA	3313141	2.0	2	1.0	98.51485148514851	1.0	0.006157299070579851
CD	2293317	Candidatus_Syntrophocurvum_alkaliphilum	2360781	2.0	0	0.0			0.0
CD	2302925	Bacteroides_sp._AF32-8BH	7260257	4.0	2	0.5	99.00990099009901	42.0	0.0021211370341297836
CD	2302936	Bacteroides_sp._224	4421676	2.0	0	0.0			0.0
CD	2302938	Bacteroides_sp._51	6202740	2.0	0	0.0			0.0
CD	2302955	Faecalibacterium_sp._AF10-46	2898008	12.0	6	0.5	97.24046081557226	21.666666666666668	0.012042754885424747
CD	2302956	Faecalibacterium_sp._AF27-11BH	2779402	38.0	30	0.7894736842105263	98.32825977513006	35.3	0.09124264859851149
CD	2302957	Faecalibacterium_sp._AM43-5AT	2939397	6.0	6	1.0	97.6897689768977	34.5	0.017962867894333427
CD	2304575	Odoribacter_sp._Z80	2563163	2.0	0	0.0			0.0
CD	2304576	Pseudoflavonifractor_sp._60	4378120	2.0	0	0.0			0.0
CD	2304577	Pseudoflavonifractor_sp._524-17	3724166	6.0	0	0.0			0.0
CD	2305240	Clostridium_sp._AM25-23AC	3757782	2.0	2	1.0	98.9949494949495	42.0	0.005348899962797203
CD	2305242	Clostridium_sp._AM34-11AC	3752211	8.0	6	0.75	100.0	42.0	0.012632551847430753
CD	2305243	Desulfotomaculum_sp._OF05-3	3720446	28.0	16	0.5714285714285714	98.62734882359203	37.5625	0.034162570831561594
CD	231438	Desulfoluna_butyratoxydans	6440645	2.0	0	0.0			0.0
CD	2315463	Faecalibacterium_sp._BCRC_81149	3164912	8.0	6	0.75	98.34818481848185	36.166666666666664	0.014471176449771746
CD	2316025	Mediterraneibacter_butyricigenes	3034489	2.0	1	0.5	92.07920792079209	8	0.0033613567226640135
CD	2320081	Acutalibacter_sp._1XD8-33	3623976	4.0	0	0.0			0.0
CD	2320088	Roseburia_sp._1XD42-69	4699653	4.0	0	0.0			0.0
CD	2320852	Acutalibacter_sp._1XD8-36	3197856	2.0	0	0.0			0.0
CD	233055	Desulfitobacterium_dichloroeliminans	3624449	2.0	0	0.0			0.0
CD	2358141	Anaerotignum_faecicola	2520658	2.0	0	0.0			0.0
CD	2364792	Intestinibacillus_sp._Marseille-P6563	3281290	4.0	0	0.0			0.0
CD	239935	Akkermansia_muciniphila	2878459	120.0	66	0.55	97.68672969307356	31.954545454545453	0.1907617930288394
CD	2447885	Bacteroides_faecalis	5771427	4.0	3	0.75	97.6897689768977	3.3333333333333335	0.005284654904237721
CD	244830	Anaerospora_hongkongensis	4632311	2.0	0	0.0			0.0
CD	246787	Bacteroides_cellulosilyticus	7271073	52.0	9	0.17307692307692307	99.8899889988999	42.0	0.01032859936903398
CD	2478953	Blautia_sp._aa_0143	3616539	2.0	2	1.0	100.0	42.0	0.0056407521113418105
CD	2478954	Catenibacterium_sp._co_0103	2540390	2.0	1	0.5	95.04950495049505	23	0.004015131534921804
CD	2479843	Agathobaculum_sp._Marseille-P7918	2828178	2.0	0	0.0			0.0
CD	2490854	Prevotella_koreensis	2691540	2.0	0	0.0			0.0
CD	2498136	Anaerophilus_nitritogenes	3059311	2.0	0	0.0			0.0
CD	2508949	Candidatus_Borkfalkia_ceftriaxoniphila	2608799	24.0	15	0.625	98.75804913824716	39.46666666666667	0.04615150496454499
CD	2509240	Blautia_faecicola	3738517	4.0	3	0.75	98.006467313398	28.333333333333332	0.00813156660782872
CD	2509433	Senegalimassilia_faecalis	2748041	2.0	0	0.0			0.0
CD	2516960	Bacteroides_muris_-ex_Afrizal_et_al._2022-	4387127	14.0	6	0.42857142857142855	98.68148579563838	41.333333333333336	0.006678630456788691
CD	2528203	Bacteroides_sp._A1C1	4502190	6.0	4	0.6666666666666666	100.0	21.5	0.009062256368567298
CD	252967	Thiospirochaeta_perfilievii	3700583	2.0	0	0.0			0.0
CD	253	Chryseobacterium_indologenes	4929686	6.0	0	0.0			0.0
CD	2530045	Megasphaera_sp._SW808	2486044	4.0	0	0.0			0.0
CD	253257	Lacrimispora_amygdalina	5946122	16.0	0	0.0			0.0
CD	2547410	Enterocloster_alcoholdehydrogenati	3806033	24.0	0	0.0			0.0
CD	2565572	Parasutterella_muris	2500219	2.0	0	0.0			0.0
CD	2569538	Ferrimonas_sediminicola	3966543	2.0	0	0.0			0.0
CD	2571127	Clostridium_sp._HBUAS56010	3946960	2.0	0	0.0			0.0
CD	2580425	Faecalibacterium_sp._Marseille-P9312	2800344	34.0	24	0.7058823529411765	98.54810544345575	37.875	0.06949146247746706
CD	2584588	Akkermansia_sp._BIOML-A32	3144254	4.0	2	0.5	100.0	42.0	0.0043889583983991115
CD	2584603	Akkermansia_sp._BIOML-A47	3137614	74.0	54	0.7297297297297297	99.72497249724974	40.22222222222222	0.02122632038230324
CD	2584627	Clostridium_sp._BIOML-A1	2876826	4.0	0	0.0			0.0
CD	2584637	Dorea_sp._BIOML-A1	3012413	2.0	2	1.0	100.0	42.0	0.006340432072229139
CD	258475	Pelotomaculum_propionicicum	3946752	2.0	0	0.0			0.0
CD	2585118	Alistipes_communis	3301347	172.0	94	0.5465116279069767	99.35730900352054	41.51063829787234	0.2155180900402169
CD	258515	Acetanaerobacterium_elongatum	2916215	8.0	0	0.0			0.0
CD	259063	Anaerocolumna_jejuensis	6621268	4.0	0	0.0			0.0
CD	2592621	Novosphingobium_sp._BW1	4460758	2.0	0	0.0			0.0
CD	2592640	Blautia_sp._MCC283	3812449	2.0	2	1.0	100.0	42.0	0.005350891251266574
CD	2592642	Clostridium_sp._MCC328	3645623	4.0	2	0.5	100.0	42.0	0.0051842990896206215
CD	2592647	Pseudoflavonifractor_sp._MCC625	3229683	2.0	0	0.0			0.0
CD	259315	uncultured_Faecalibacterium_sp.	2673385	82.0	26	0.3170731707317073	98.45095602677678	37.69230769230769	0.07443746411384818
CD	2593411	Selenomonas_sp._mPRGC5	2960121	2.0	0	0.0			0.0
CD	2594500	Bacteroides_sp._HF-5092	5832052	2.0	2	1.0	99.50495049504951	42.0	0.003497911198322649
CD	2596827	Lactobacillus_sp._LL6	2074205	2.0	0	0.0			0.0
CD	2605782	Desulfovibrio_porci	3311244	6.0	4	0.6666666666666666	100.0	42.0	0.00933184023889511
CD	2606634	Velocimicrobium_porci	3095654	2.0	0	0.0			0.0
CD	2606635	Waltera_intestinalis	2970649	2.0	0	0.0			0.0
CD	2606708	Mogibacterium_kristiansenii	1802987	4.0	0	0.0			0.0
CD	261299	Intestinibacter_bartlettii	3006269	20.0	1	0.05	100.0	42	0.003392909949176205
CD	264641	Desulfitibacter_alkalitolerans	4361351	2.0	0	0.0			0.0
CD	2650157	Bacteroides_zhangwenhongii	5320612	18.0	0	0.0			0.0
CD	2652274	Eisenbergiella_porci	6105837	10.0	4	0.4	100.0	39.0	0.006338197367535359
CD	2652291	Inconstantimicrobium_porci	3206647	2.0	0	0.0			0.0
CD	2653130	Arthrobacter_sp._8AJ	4332777	2.0	0	0.0			0.0
CD	2653165	Pseudomonas_sp._8O	5224806	2.0	2	1.0	94.05940594059405	23.0	0.003904451189192479
CD	2663009	Fusobacterium_pseudoperiodonticum	2413057	2.0	2	1.0	98.21044546850999	42.0	0.006837799521519798
CD	2665596	Salmonella_sp._S104-04179	4943357	2.0	0	0.0			0.0
CD	2672567	Bacillus_aquiflavi	3806094	2.0	0	0.0			0.0
CD	2676122	Galactobacter_valiniphilus	3416165	4.0	0	0.0			0.0
CD	2681861	Sporofaciens_musculi	5763728	2.0	0	0.0			0.0
CD	2683272	Spartinivicinus_ruber	6687090	2.0	0	0.0			0.0
CD	2692629	Copranaerobaculum_intestinale	2299421	16.0	8	0.5	98.38737623762376	41.75	0.024962805854169375
CD	2696063	Anaerocolumna_sedimenticola	5500435	6.0	0	0.0			0.0
CD	2697504	Bacteroides_sp._Marseille-P8574	4794406	2.0	2	1.0	99.00990099009901	42.0	0.0037543754116776927
CD	270498	Christensenella_hongkongensis	3152139	4.0	2	0.5	100.0	42.0	0.005297989714286077
CD	2709398	Parabacteroides_sp._ZJ-118	3176705	2.0	0	0.0			0.0
CD	2714353	Vescimonas_fastidiosa	2504406	26.0	10	0.38461538461538464	97.69515781238637	37.6	0.024796299002637752
CD	2714355	Vescimonas_coprocola	2557760	146.0	94	0.6438356164383562	98.06902915361094	37.212765957446805	0.30561897910671837
CD	2714358	Pusillibacter_faecalis	3407680	26.0	16	0.6153846153846154	99.81435643564356	42.0	0.0375622124143112
CD	2715212	Bacteroides_faecium	6782182	4.0	0	0.0			0.0
CD	2722793	Tepidanaerobacter_sp._GT38	2521808	2.0	0	0.0			0.0
CD	2723058	Bacteroides_sp._GM023	7037196	2.0	0	0.0			0.0
CD	2724191	Ferrimonas_lipolytica	4133133	2.0	0	0.0			0.0
CD	2736254	Bacillus_sp._WMMC1349	4514885	2.0	0	0.0			0.0
CD	2746063	Bacteroides_sp._L10-4	4482024	2.0	2	1.0	100.0	37.0	0.004127599495228049
CD	2755405	Bacteroides_sp._CACC_737	4634436	4.0	2	0.5	100.0	30.5	0.0029129758184167393
CD	2758403	Faecalibacterium_sp._Marseille-Q3530	2909601	10.0	3	0.3	99.00990099009903	42.0	0.01051690592627649
CD	2758418	Anaerostipes_sp._Marseille-Q3525	2796141	6.0	4	0.6666666666666666	99.75247524752476	42.0	0.014520011687536503
CD	2763016	Anaerofilum_hominis	3136292	4.0	0	0.0			0.0
CD	2763027	Blautia_sp._M29	3618389	6.0	4	0.6666666666666666	98.05810184599024	41.0	0.007600067322778175
CD	2763038	Clostridium_sp._BX14	3098902	2.0	0	0.0			0.0
CD	2763040	Dorea_sp._NSJ-36	3019761	2.0	2	1.0	94.55445544554455	23.0	0.0035102115697235644
CD	2763042	Dysosmobacter_sp._BX15	3671022	18.0	5	0.2777777777777778	99.8019801980198	42.0	0.012939176065956565
CD	2763050	Hungatella_sp._L12	7159456	2.0	0	0.0			0.0
CD	2763052	Lawsonibacter_faecis	4054796	12.0	10	0.8333333333333334	99.86111111111111	42.0	0.02424289656002423
CD	2763054	Mediterraneibacter_sp._NSJ-55	3598112	30.0	18	0.6	97.60114900378927	36.611111111111114	0.04243892352433721
CD	2763057	Parabacteroides_sp._N37	5208984	2.0	0	0.0			0.0
CD	2763062	Roseburia_sp._NSJ-69	3959994	2.0	2	1.0	98.51485148514851	41.0	0.0033585909473600214
CD	2763064	Roseburia_sp._BX1005	3504022	4.0	2	0.5	100.0	42.0	0.005821881255311754
CD	2763069	Ruminococcus_sp._M6-2020-	3705135	2.0	0	0.0			0.0
CD	2763644	Zhenpiania_hominis	3442329	4.0	0	0.0			0.0
CD	2763656	Guopingia_tenuis	2203091	16.0	6	0.375	99.00990099009903	42.0	0.023648591910184372
CD	2763658	Ligaoa_zhengdingensis	2951177	2.0	0	0.0			0.0
CD	2763659	Fumia_xinanensis	2834305	2.0	0	0.0			0.0
CD	2763660	Feifania_hominis	2356956	2.0	0	0.0			0.0
CD	2763661	Bianquea_renquensis	3939669	2.0	0	0.0			0.0
CD	2763662	Yeguia_hominis	2977335	14.0	4	0.2857142857142857	99.05803080308031	42.0	0.007422745508987063
CD	2763670	Wujia_chipingensis	2942917	6.0	4	0.6666666666666666	99.50495049504951	42.0	0.007203736972534393
CD	2763671	Jingyaoa_shaoxingensis	3649426	4.0	2	0.5	100.0	42.0	0.005535117029362974
CD	2763675	Jilunia_laotingensis	4738048	6.0	0	0.0			0.0
CD	2763676	Qingrenia_yutianensis	2635915	2.0	2	1.0	98.01980198019803	41.0	0.004021373982089711
CD	2763677	Zongyangia_hominis	2561368	10.0	0	0.0			0.0
CD	2763678	Youxingia_wuxianensis	2660737	6.0	2	0.3333333333333333	96.03960396039604	25.0	0.004961031473610507
CD	2764322	Hydrogeniiclostridium_mannosilyticum	3014016	4.0	0	0.0			0.0
CD	2764712	Lentihominibacter_faecis	2097162	6.0	4	0.6666666666666666	99.11144960649912	42.0	0.01263612443864613
CD	2774330	Aerococcaceae_bacterium_zg-1292	2424983	2.0	0	0.0			0.0
CD	2779354	Gemmiger_gallinarum	2955389	2.0	2	1.0	98.51485148514851	42.0	0.005616857882329534
CD	2779355	Ructibacterium_gallinarum	3008341	6.0	0	0.0			0.0
CD	2779518	Blautia_liquoris	3518434	2.0	0	0.0			0.0
CD	2780102	Oscillibacter_sp._CU971	3552447	6.0	0	0.0			0.0
CD	278064	uncultured_Dialister_sp.	2345410	6.0	0	0.0			0.0
CD	2780922	Solibaculum_mannosilyticum	2541474	2.0	0	0.0			0.0
CD	2784518	Bacteroides_sp._FSHCM14E1	5121660	2.0	2	1.0	100.0	42.0	0.003983083609610946
CD	2785025	Anaeromicropila_herbilytica	5089009	2.0	0	0.0			0.0
CD	2785133	Flavonifractor_sp._AGMB03687	3327744	2.0	2	1.0	100.0	42.0	0.004657810216170475
CD	2785794	Bacteroides_sp._HF-5613	4438358	2.0	2	1.0	100.0	42.0	0.004596294395359725
CD	2787078	Anaeromassilibacillus_sp._D41t1_190614_C2	3107887	10.0	8	0.8	98.24798886138613	31.75	0.021236293340137526
CD	2787103	Clostridium_sp._1001270J_160509_D11	2978124	4.0	2	0.5	100.0	42.0	0.003055614877016538
CD	2787112	Romboutsia_sp._1001713B170207_170306_H8	3401524	2.0	0	0.0			0.0
CD	2787114	Ruminococcus_sp._D54t1_190329_F1	4332946	2.0	2	1.0	100.0	42.0	0.004546560238692104
CD	2787120	Holdemania_sp._1001302B_160321_E10	3764649	6.0	4	0.6666666666666666	100.0	42.0	0.008101684911395457
CD	28026	Bifidobacterium_pseudocatenulatum	2313752	26.0	2	0.07692307692307693	99.00990099009901	42.0	0.008816848132384111
CD	28037	Streptococcus_mitis	1906344	6.0	0	0.0			0.0
CD	28051	Lachnospira_multipara	2871860	2.0	0	0.0			0.0
CD	28052	Lachnospira_pectinoschiza	2704308	64.0	0	0.0			0.0
CD	28111	Bacteroides_eggerthii	4206509	50.0	0	0.0			0.0
CD	28113	Bacteroides_heparinolyticus	3608975	4.0	0	0.0			0.0
CD	28116	Bacteroides_ovatus	6472489	1812.0	409	0.22571743929359822	98.29484105844087	33.66992665036675	0.5491241468313041
CD	28117	Alistipes_putredinis	2550678	304.0	121	0.3980263157894737	99.18203703626979	40.05785123966942	0.3480643185850978
CD	28118	Odoribacter_splanchnicus	4392177	224.0	86	0.38392857142857145	99.00992531816252	36.24418604651163	0.16634120164100855
CD	28123	Porphyromonas_asaccharolytica	2186370	6.0	3	0.5	94.36303630363038	17.666666666666668	0.01395006334700897
CD	28124	Porphyromonas_endodontalis	2102930	2.0	0	0.0			0.0
CD	28125	Prevotella_bivia	2521238	10.0	0	0.0			0.0
CD	28127	Hoylesella_buccalis	3307707	28.0	11	0.39285714285714285	96.0690614515997	28.727272727272727	0.030716142632947842
CD	28131	Prevotella_intermedia	2674170	14.0	2	0.14285714285714285	96.7032967032967	1.0	0.006880639600324587
CD	28133	Prevotella_nigrescens	2887107	2.0	0	0.0			0.0
CD	28137	Prevotella_veroralis	2990547	4.0	0	0.0			0.0
CD	2817017	Faecalibacterium_sp._Marseille-P9590	2907134	12.0	12	1.0	98.55953439944521	38.416666666666664	0.03646202755015765
CD	2817018	Faecalibacterium_sp._Marseille-Q4896	2884496	22.0	15	0.6818181818181818	98.59330891993308	38.2	0.04076968732145928
CD	2817019	Faecalibacterium_sp._Marseille-Q0746	2860703	6.0	6	1.0	99.00990099009901	21.333333333333332	0.01796761145774308
CD	2817020	Faecalibacterium_sp._Marseille-Q4164	2937381	2.0	0	0.0			0.0
CD	2817021	Faecalibacterium_sp._Marseille-Q4137	3284209	14.0	10	0.7142857142857143	99.35507246376812	41.8	0.026185909605631066
CD	2818044	Sinanaerobacter_chloroacetimidivorans	4778346	2.0	0	0.0			0.0
CD	28189	Capnocytophaga_cynodegmi	2640475	2.0	0	0.0			0.0
CD	281920	Porphyromonas_uenonis	2254407	6.0	1	0.16666666666666666	93.06930693069307	8	0.004524471402013922
CD	28251	Ornithobacterium_rhinotracheale	2399175	2.0	0	0.0			0.0
CD	2838470	Candidatus_Bacteroides_intestinigallinarum	7220215	12.0	0	0.0			0.0
CD	2841264	Candidatus_Minimicrobia_vallesae	706973	2.0	2	1.0	94.01980198019803	13.5	0.02871396786015873
CD	2841514	Roseburia_sp._MSJ-14	3404698	6.0	2	0.3333333333333333	94.55445544554456	16.0	0.004141336470958658
CD	2841517	Blautia_sp._MSJ-19	3565090	8.0	0	0.0			0.0
CD	2841521	Anaerotignum_sp._MSJ-24	2292124	18.0	0	0.0			0.0
CD	2841525	Pseudoflavonifractor_sp._MSJ-30	2456461	2.0	0	0.0			0.0
CD	2841526	Oscillibacter_sp._MSJ-31	2703736	4.0	0	0.0			0.0
CD	2841530	Blautia_sp._MSJ-36	3681209	4.0	0	0.0			0.0
CD	2841531	Pseudoflavonifractor_sp._MSJ-37	2579358	4.0	0	0.0			0.0
CD	2841532	Intestinimonas_sp._MSJ-38	3060516	4.0	2	0.5	96.53465346534654	32.5	0.00519520237763828
CD	2847299	Bacteroides_sp._DH3716P	6640706	12.0	6	0.5	99.79166666666667	38.333333333333336	0.007454026725471659
CD	2849174	Bacteroides_sp._MSK.20.82	6877329	2.0	0	0.0			0.0
CD	2850324	Bacteroides_sp._MSK.20.12	6129424	4.0	2	0.5	98.51485148514851	14.0	0.003311893580865021
CD	2854755	Prevotella_lacticifex	4192550	4.0	0	0.0			0.0
CD	287	Pseudomonas_aeruginosa	6264404	4.0	0	0.0			0.0
CD	2880704	Duncaniella_muricolitica	4055027	4.0	0	0.0			0.0
CD	2881258	Ruminococcus_sp._CLA-AA-H200	3813516	6.0	0	0.0			0.0
CD	2881261	Roseburia_sp._CLA-AA-H209	3172806	4.0	2	0.5	99.50495049504951	42.0	0.006429639883434412
CD	2881265	Faecalibacterium_sp._CLA-AA-H223	2808211	8.0	0	0.0			0.0
CD	2881276	Fusicatenibacter_sp._CLA-AA-H277	3901120	6.0	4	0.6666666666666666	96.93557383907405	32.5	0.007074891313263883
CD	2883186	Blautia_sp._MSK20_18	3967928	6.0	4	0.6666666666666666	97.25490196078432	36.5	0.005922486496730788
CD	2883214	Lacrimispora_sp._210928-DFI.3.58	4706493	14.0	4	0.2857142857142857	98.50495049504951	41.5	0.008647627862189531
CD	2885351	Hominisplanchenecus_faecis	3266661	2.0	2	1.0	96.9690846635684	33.0	0.006153071898185945
CD	28901	Salmonella_enterica	4951383	8.0	0	0.0			0.0
CD	2897707	Merdimmobilis_hominis	2580742	16.0	9	0.5625	99.33993399339934	37.44444444444444	0.02913890656253124
CD	290052	Acetivibrio_ethanolgignens	3660245	4.0	2	0.5	97.52475247524752	32.5	0.0037702394238637027
CD	290054	Eubacterium_coprostanoligenes	1823434	2.0	0	0.0			0.0
CD	290055	Faecalicatena_fissicatena	3118757	4.0	0	0.0			0.0
CD	2902631	Candidatus_Nanosynbacter_sp._TM7-087	741912	2.0	2	1.0	95.54455445544555	25.0	0.027496522498625175
CD	2903556	Faecalibacterium_gallinarum	2813415	22.0	6	0.2727272727272727	97.95767812075326	15.833333333333334	0.01752318801172241
CD	2914164	Ruminococcus_sp._OA3	4056304	2.0	0	0.0			0.0
CD	291644	Bacteroides_salyersiae	5561372	20.0	2	0.1	94.05940594059406	13.5	0.0036681595836423097
CD	291645	Bacteroides_nordii	5678582	56.0	7	0.125	96.90692988134641	30.0	0.00785407342889475
CD	292	Burkholderia_cepacia	8366868	2.0	0	0.0			0.0
CD	2924040	Parabacteroides_sp._AGMB00274	4308683	10.0	4	0.4	99.12747524752476	42.0	0.0035277601067425944
CD	2925782	Tepidibacter_sp._8C15b	3666533	16.0	0	0.0			0.0
CD	292800	Flavonifractor_plautii	3985392	462.0	131	0.28354978354978355	98.69079591059051	38.87022900763359	0.2598991517020158
CD	2929488	Faecalibacterium_sp._IP-1-18	3038545	6.0	4	0.6666666666666666	100.0	39.5	0.006680829146844954
CD	2929489	Faecalibacterium_sp._IP-3-29	3002063	22.0	10	0.45454545454545453	98.73307632111347	38.3	0.01945328928806624
CD	2929490	Faecalibacterium_sp._I2-3-92	2963404	12.0	8	0.6666666666666666	98.88118811881188	37.375	0.019740811580196287
CD	2929491	Faecalibacterium_sp._HTF-F	2919330	52.0	26	0.5	98.32980491852787	40.30769230769231	0.06282263396053203
CD	2929492	Faecalibacterium_sp._I3-3-33	2994777	6.0	2	0.3333333333333333	97.52475247524752	41.0	0.006811859447297745
CD	2929493	Faecalibacterium_sp._I3-3-89	2816187	4.0	2	0.5	98.51485148514851	42.0	0.005219823825619534
CD	2929494	Faecalibacterium_sp._I4-1-79	3227950	12.0	7	0.5833333333333334	98.3026874115983	33.0	0.016635945414272216
CD	2929495	Faecalibacterium_sp._I4-3-84	3119411	6.0	3	0.5	99.66996699669967	36.333333333333336	0.0077258174700287965
CD	29322	-Eubacterium-_cellulosolvens	1085264	2.0	0	0.0			0.0
CD	293386	Bacillus_stratosphericus	3069546	2.0	0	0.0			0.0
CD	29347	-Clostridium-_scindens	3658040	36.0	8	0.2222222222222222	96.88586358635864	32.75	0.01888989732206318
CD	29348	Thomasclavelia_spiroformis	2528470	22.0	8	0.36363636363636365	99.75247524752476	42.0	0.023769315040320826
CD	2935520	Faecalibacterium_hattorii	2790636	4.0	0	0.0			0.0
CD	29363	Clostridium_paraputrificum	3561289	2.0	0	0.0			0.0
CD	29364	-Clostridium-_polysaccharolyticum	3458343	2.0	0	0.0			0.0
CD	2937417	Bacteroides_muris_-ex_Fokt_et_al._2023-	4249514	2.0	2	1.0	100.0	42.0	0.004777016854162617
CD	2939421	Bacteroides_sp._ET71	3628556	2.0	1	0.5	98.0	42	0.002783476402183127
CD	2941233	Acetatifactor_aquisgranensis	5880648	4.0	1	0.25	92.07920792079209	3	0.0017345027282707618
CD	2941333	Mediterraneibacter_agrestimuris	4042800	6.0	0	0.0			0.0
CD	2941335	Odoribacter_lunatus	2631876	2.0	0	0.0			0.0
CD	2941505	Anaerotardibacter_muris	1752169	2.0	0	0.0			0.0
CD	2941517	Hominisplanchenecus_murintestinalis	3320873	2.0	0	0.0			0.0
CD	2941519	Vermiculatibacterium_agrestimuris	2242112	6.0	0	0.0			0.0
CD	29466	Veillonella_parvula	2132142	16.0	4	0.25	97.52227722772278	37.25	0.018385267022552908
CD	2949651	Parabacteroides_sp._TA-V-105	7396255	6.0	4	0.6666666666666666	100.0	42.0	0.0036234553838395242
CD	2949656	Barnesiella_sp._B2-R-119	3339361	2.0	2	1.0	100.0	42.0	0.0060490614821218786
CD	2949662	Coprococcus_sp._B2-R-112	3311086	4.0	2	0.5	96.25509609784507	32.0	0.003412777559990891
CD	2951142	Turicibacter_sp._TA25	2264273	2.0	0	0.0			0.0
CD	29546	Lawsonia_intracellularis	1719192	4.0	0	0.0			0.0
CD	2965276	Blautia_sp._DFI.9.10	3357975	2.0	1	0.5	97.0	40	0.0030077650965239467
CD	2965279	Clostridium_sp._DFI.5.61	3736670	36.0	19	0.5277777777777778	98.74934861907244	37.94736842105263	0.04054412083486098
CD	2972459	Bacteroides_sp._ET336	3919301	18.0	10	0.5555555555555556	99.3069306930693	41.6	0.016584589956219233
CD	2972461	Bacteroides_sp._ET225	3743539	2.0	0	0.0			0.0
CD	2972763	Bacteroides_sp._BFG-606	6616729	10.0	6	0.6	98.84970555879117	39.0	0.0033097924971689186
CD	2981725	Brotonthovivens_ammoniilytica	3452403	2.0	0	0.0			0.0
CD	2981769	Brotolimicola_acetigignens	4097696	2.0	2	1.0	100.0	42.0	0.0028796670128774806
CD	2981770	Gallintestinimicrobium_propionicum	3795992	2.0	2	1.0	99.00990099009901	42.0	0.0028714496763955245
CD	2981772	Muricoprocola_aceti	3270962	4.0	2	0.5	97.50990099009901	41.0	0.0036380734475056574
CD	2981780	Bacteroides_cellulolyticus	3614006	4.0	0	0.0			0.0
CD	2981789	Dorea_amylophila	3411049	6.0	0	0.0			0.0
CD	2983399	Acutalibacter_sp._LFL-21	2981203	20.0	4	0.2	97.02970297029704	32.75	0.007815636841905768
CD	2986996	Ruminococcus_sp._1001136sp1	4479269	6.0	1	0.16666666666666666	99.00990099009901	12	0.0022771572772253687
CD	2994968	Bacteroides_sp._LFL-34	6734678	8.0	3	0.375	98.03921568627452	30.666666666666668	0.002850915812159097
CD	2997294	Gemmiger_qucibialis	3494751	116.0	70	0.603448275862069	98.83772400607947	37.142857142857146	0.14644820188906163
CD	299767	Enterobacter_ludwigii	4952770	2.0	1	0.5	99.00990099009901	42	0.0020594535986932566
CD	2997948	Coprococcus_sp._AF99-45	3272082	2.0	2	1.0	100.0	42.0	0.005562207793080981
CD	2997952	Coprococcus_sp._TM115-187	3259301	2.0	2	1.0	98.01980198019803	24.0	0.006259010751078221
CD	2998082	Fournierella_sp._CML151	3203970	4.0	2	0.5	98.0	33.0	0.006179833144505098
CD	3002516	Butyricicoccus_sp._AM78-15b2TA	3187134	2.0	2	1.0	96.53465346534654	32.5	0.00577321192017656
CD	3002517	Butyricicoccus_sp._OF27-2pH9A	2902140	6.0	4	0.6666666666666666	96.29674431464713	25.0	0.006753636971338392
CD	301301	Roseburia_hominis	3592125	746.0	321	0.43029490616621985	98.78652326575519	38.87227414330218	0.6759787034137176
CD	301302	Roseburia_faecis	3385415	98.0	23	0.23469387755102042	98.66649965067782	39.34782608695652	0.0620603382450896
CD	3014267	Agathobaculum_massiliense	3218823	2.0	2	1.0	100.0	42.0	0.006151316801203421
CD	3031725	Faecalibacterium_sp._DFI.5.82	3480573	10.0	8	0.8	98.14356435643565	32.125	0.020944827187937158
CD	3031819	Robertmurraya_sp._DFI.2.37	5416197	8.0	2	0.25	100.0	42.0	0.00247406067393782
CD	303241	Liquorilactobacillus_oeni	2117633	2.0	0	0.0			0.0
CD	3032598	Paraflavitalea_sp._CAU_1676	8836677	2.0	0	0.0			0.0
CD	3032872	Petralouisia_muris	5871761	6.0	2	0.3333333333333333	100.0	42.0	0.0019244652498628604
CD	304766	Sedimentibacter_sp._B4	4106353	2.0	0	0.0			0.0
CD	310297	Phocaeicola_plebeius	4421924	28.0	8	0.2857142857142857	98.20108771440525	27.25	0.009430284193034526
CD	310298	Phocaeicola_coprocola	3924966	78.0	8	0.10256410256410256	97.96810604567919	17.0	0.016764476431133418
CD	310300	Bacteroides_pyogenes	3397546	28.0	2	0.07142857142857142	100.0	42.0	0.002089743597290515
CD	310514	Hallella_multisaccharivorax	3388644	6.0	0	0.0			0.0
CD	315405	Streptococcus_gallolyticus	2258003	4.0	0	0.0			0.0
CD	316330	Microbispora_sp._ATCC_PTA-5024	8538433	2.0	0	0.0			0.0
CD	31971	Amedibacillus_dolichus	2191053	4.0	0	0.0			0.0
CD	328812	Parabacteroides_goldsteinii	7053599	14.0	2	0.14285714285714285	100.0	1.0	0.0028921405937592996
CD	328813	Alistipes_onderdonkii	3507492	88.0	28	0.3181818181818182	98.12656349668579	33.57142857142857	0.07093387525901698
CD	328814	Alistipes_shahii	3809618	52.0	9	0.17307692307692307	99.00990099009901	37.77777777777778	0.02084198468192874
CD	329854	Bacteroides_intestinalis	6052596	400.0	176	0.44	99.61056637788812	40.94886363636363	0.23730313406016196
CD	33025	Phascolarctobacterium_faecium	2454371	656.0	317	0.48323170731707316	99.14406524901925	40.063091482649845	1.0073049265983016
CD	33035	Blautia_producta	6197116	14.0	0	0.0			0.0
CD	33038	-Ruminococcus-_gnavus	3549191	58.0	4	0.06896551724137931	97.02970297029702	36.5	0.01073484070031734
CD	33039	-Ruminococcus-_torques	2979783	296.0	17	0.057432432432432436	99.35760046592895	33.64705882352941	0.045305312500943856
CD	33043	Coprococcus_eutactus	3112919	12.0	0	0.0			0.0
CD	331680	Treponema_zioleckii	3876957	2.0	0	0.0			0.0
CD	333367	Enterocloster_asparagiformis	6353279	30.0	17	0.5666666666666667	99.20190254319549	40.8235294117647	0.024239451785448115
CD	334542	Rhodococcus_qingshengii	6726107	2.0	0	0.0			0.0
CD	338188	Bacteroides_finegoldii	4892401	98.0	20	0.20408163265306123	98.39000196829667	14.15	0.03303081656634442
CD	33871	Coriobacterium_glomerans	2115681	2.0	0	0.0			0.0
CD	34012	Azospirillum_sp.	6072898	2.0	0	0.0			0.0
CD	34038	Rahnella_aquatilis	5448900	2.0	1	0.5	96.15384615384616	40	0.0014498339114316651
CD	341220	Lactonifactor_longoviformis	4899275	4.0	0	0.0			0.0
CD	342942	Mediterraneibacter_glycyrrhizinilyticus	3271904	16.0	0	0.0			0.0
CD	349096	Pectinatus_haikarae	3071721	2.0	0	0.0			0.0
CD	349931	Clostridium_cavendishii	4987666	2.0	0	0.0			0.0
CD	351091	Oscillibacter_valericigenes	2493294	60.0	2	0.03333333333333333	95.04950495049505	23.5	0.008181947255317665
CD	35701	Heliomicrobium_modesticaldum	3075407	8.0	0	0.0			0.0
CD	357276	Phocaeicola_dorei	5625488	292.0	59	0.20205479452054795	98.22721762880074	35.54237288135593	0.0752112527837585
CD	35833	Bilophila_wadsworthia	4461530	258.0	122	0.4728682170542636	97.40479378015701	34.52459016393443	0.23458320351986872
CD	358743	Enterocloster_citroniae	6184194	4.0	0	0.0			0.0
CD	360807	Roseburia_inulinivorans	4227688	510.0	209	0.40980392156862744	98.35329188922226	36.866028708133975	0.4008573953423242
CD	363265	Prevotella_stercorea	3097322	14.0	0	0.0			0.0
CD	371601	Bacteroides_xylanisolvens	6558523	744.0	382	0.5134408602150538	98.90670121132561	36.109947643979055	0.32184075591409833
CD	37658	Anaeromicropila_populeti	4222819	2.0	0	0.0			0.0
CD	386414	Hoylesella_timonensis	3217068	8.0	6	0.75	98.57535039218207	30.166666666666668	0.015075839242440634
CD	387090	Phocaeicola_coprophilus	4113613	6.0	4	0.6666666666666666	100.0	42.0	0.008411097495073065
CD	387661	Parabacteroides_johnsonii	4749455	34.0	2	0.058823529411764705	97.50990099009901	16.0	0.0042741746158243415
CD	392838	Bacteroides_propionicifaciens	2634691	2.0	0	0.0			0.0
CD	393921	Porphyromonas_crevioricanis	2133352	8.0	0	0.0			0.0
CD	39482	Faecalicatena_contorta	5055003	2.0	0	0.0			0.0
CD	39483	Faecalitalea_cylindroides	1882013	10.0	2	0.2	98.85710553814002	1.0	0.004728979024055625
CD	39484	Agathobaculum_desmolans	2646896	2.0	0	0.0			0.0
CD	39485	Lachnospira_eligens	2831389	90.0	7	0.07777777777777778	97.31433460806397	35.857142857142854	0.018789364513318377
CD	39486	Dorea_formicigenerans	3188304	88.0	10	0.11363636363636363	98.09410249459826	39.9	0.024746699185523087
CD	39488	Anaerobutyricum_hallii	3455681	140.0	36	0.2571428571428571	99.092376754133	32.75	0.08695825801050502
CD	39490	Eubacterium_ramulus	3378009	60.0	23	0.38333333333333336	98.53637537666809	31.73913043478261	0.056838214463016526
CD	39491	-Eubacterium-_rectale	3451485	2458.0	899	0.36574450772986167	97.72513670535778	35.048943270300335	2.0310677867642477
CD	39496	Eubacterium_ventriosum	2761423	320.0	141	0.440625	98.80285741225502	39.90070921985816	0.3599231265908917
CD	396504	Ruminiclostridium_sufflavum	4401411	2.0	0	0.0			0.0
CD	39777	Veillonella_atypica	2071607	4.0	1	0.25	95.04950495049505	23	0.004923713812513667
CD	39778	Veillonella_dispar	2116915	4.0	2	0.5	99.43181818181819	42.0	0.004204231157131959
CD	397865	Barnesiella_viscericola	3076856	4.0	1	0.25	92.07920792079209	3	0.003315072268575455
CD	40214	Acinetobacter_johnsonii	3540498	4.0	0	0.0			0.0
CD	40518	Ruminococcus_bromii	2085998	72.0	10	0.1388888888888889	97.03164434090468	32.3	0.041227268674274856
CD	40519	Ruminococcus_callidus	3228728	8.0	0	0.0			0.0
CD	40520	Blautia_obeum	3649956	158.0	31	0.1962025316455696	98.64539449336638	38.83870967741935	0.07071318119999255
CD	40545	Sutterella_wadsworthensis	3026517	86.0	0	0.0			0.0
CD	410072	Coprococcus_comes	3373066	112.0	14	0.125	97.37475176089038	34.57142857142857	0.03169223489845737
CD	411483	Faecalibacterium_duncaniae	3102523	186.0	113	0.6075268817204301	98.78070571280526	35.65486725663717	0.30874871838178153
CD	411486	Clostridium_sp._M62-1	3842594	18.0	9	0.5	96.4769626222326	19.444444444444443	0.01704577688925762
CD	411489	Clostridium_sp._L2-50	2954616	20.0	12	0.6	96.95767812075326	29.25	0.03137463548562656
CD	418240	Blautia_wexlerae	4685728	66.0	18	0.2727272727272727	97.9304180418042	26.666666666666668	0.028554794473772273
CD	419005	Prevotella_amnii	2415558	8.0	2	0.25	97.22222222222221	40.0	0.0030220760586166843
CD	41978	Ruminococcus_sp.	2547031	4.0	0	0.0			0.0
CD	420336	Epulopiscium_sp._-N.t._morphotype_B-	3282271	2.0	0	0.0			0.0
CD	43305	Butyrivibrio_proteoclasticus	4404886	8.0	0	0.0			0.0
CD	433323	Aminicella_lysinilytica	2286758	2.0	0	0.0			0.0
CD	43997	Catonella_morbi	3479204	2.0	0	0.0			0.0
CD	44008	Enterococcus_cecorum	2421598	2.0	0	0.0			0.0
CD	446660	Adlercreutzia_equolifaciens	2862526	8.0	0	0.0			0.0
CD	446692	Acetobacter_senegalensis	3969909	4.0	0	0.0			0.0
CD	454154	Paraprevotella_clara	4233768	8.0	0	0.0			0.0
CD	454155	Paraprevotella_xylaniphila	4125322	12.0	0	0.0			0.0
CD	457387	Bacteroides_sp._1_1_30	6480532	26.0	12	0.46153846153846156	98.88017489935807	15.666666666666666	0.015893756870577907
CD	457388	Parabacteroides_sp._2_1_7	5166302	2.0	2	1.0	100.0	21.5	0.003948665796153612
CD	457390	Bacteroides_sp._3_1_23	6520178	20.0	18	0.9	99.27156808818137	40.0	0.02176320953200971
CD	457393	Bacteroides_sp._4_1_36	4638757	14.0	13	0.9285714285714286	99.62143273150845	35.53846153846154	0.027356466398218315
CD	45851	Butyrivibrio_crossotus	2521323	2.0	0	0.0			0.0
CD	460384	Enterocloster_lavalensis	6495707	14.0	6	0.42857142857142855	97.35973597359737	29.0	0.005680674944236247
CD	46228	-Ruminococcus-_lactaris	2733858	220.0	103	0.4681818181818182	99.46662350415508	41.00970873786408	0.29511408419895985
CD	46503	Parabacteroides_merdae	4403124	402.0	198	0.4925373134328358	99.2938387420818	39.19191919191919	0.37993479175240125
CD	46506	Bacteroides_stercoris	4009829	78.0	4	0.05128205128205128	96.78217821782178	27.5	0.009077693836819474
CD	469585	Bacteroides_sp._1_1_14	6446424	14.0	9	0.6428571428571429	98.67986798679868	26.0	0.011184495466013404
CD	469588	Bacteroides_sp._2_1_22	6003748	30.0	20	0.6666666666666666	98.90841584158416	40.85	0.02133667169241614
CD	469590	Bacteroides_sp._2_2_4	7101224	80.0	64	0.8	99.30054107304574	39.8125	0.06831216702923326
CD	470	Acinetobacter_baumannii	3999136	2.0	0	0.0			0.0
CD	471827	Candidatus_Desulforudis_audaxviator	2212508	2.0	0	0.0			0.0
CD	474960	Hydrogenoanaerobacterium_saccharovorans	3176247	60.0	0	0.0			0.0
CD	47500	Aneurinibacillus_migulanus	6348994	2.0	1	0.5	100.0	1	0.0012915431956621788
CD	47678	Bacteroides_caccae	5499725	518.0	237	0.4575289575289575	99.25805524486543	36.345991561181435	0.3129429198732664
CD	47679	Sporomusa_sphaeroides	5015343	2.0	0	0.0			0.0
CD	47715	Lacticaseibacillus_rhamnosus	2988387	8.0	0	0.0			0.0
CD	477666	Bacteroides_graminisolvens	3773938	2.0	0	0.0			0.0
CD	486	Neisseria_lactamica	2200224	2.0	0	0.0			0.0
CD	487173	Dialister_succinatiphilus	2486895	4.0	0	0.0			0.0
CD	487174	Barnesiella_intestinihominis	3443906	10.0	0	0.0			0.0
CD	487175	Parasutterella_excrementihominis	2831696	278.0	57	0.20503597122302158	98.4773713550037	38.19298245614035	0.1735708917906442
CD	501571	Butyricicoccus_pullicaecorum	2997778	36.0	21	0.5833333333333334	96.92340598692678	33.80952380952381	0.04730170146021487
CD	516703	Pontibacillus_litoralis	3204236	8.0	4	0.5	94.36379709399512	17.5	0.006678659124983303
CD	520762	Thermotalea_metallivorans	3094505	4.0	2	0.5	96.3855421686747	40.0	0.0027144890701420745
CD	52442	Nitrosomonas_nitrosa	3420013	2.0	0	0.0			0.0
CD	53442	Eubacterium_callanderi	4316707	2.0	0	0.0			0.0
CD	53443	Blautia_hydrogenotrophica	3597785	8.0	2	0.25	100.0	42.0	0.005670155387273002
CD	536633	Blautia_glucerasea	2895849	16.0	0	0.0			0.0
CD	544645	Butyricimonas_virosa	4813254	2.0	2	1.0	99.50495049504951	42.0	0.004238297002402117
CD	546	Citrobacter_freundii	5171093	2.0	2	1.0	97.52475247524752	41.0	0.003519565399423294
CD	55211	Erwinia_persicina	4802925	2.0	0	0.0			0.0
CD	554131	Thiomonas_sp._CB2	3913946	2.0	2	1.0	96.03960396039604	24.0	0.005212131184231974
CD	556258	Bacteroides_sp._D1	5974559	6.0	5	0.8333333333333334	99.60590176664725	25.6	0.007431510844566102
CD	556259	Bacteroides_sp._D2	6920457	6.0	6	1.0	98.68957483983694	35.333333333333336	0.008669947663860927
CD	557451	Symbiobacterium_terraclitae	3897060	2.0	0	0.0			0.0
CD	562	Escherichia_coli	5594605	634.0	288	0.45425867507886436	97.95129346462308	36.045138888888886	0.4392088449497328
CD	563193	Parabacteroides_sp._D13	5370710	10.0	4	0.4	100.0	42.0	0.007019556073591759
CD	571	Klebsiella_oxytoca	5857964	2.0	0	0.0			0.0
CD	572010	Slackia_isoflavoniconvertens	2318650	6.0	4	0.6666666666666666	98.63242574257426	41.5	0.011903478317124188
CD	573	Klebsiella_pneumoniae	5682322	28.0	0	0.0			0.0
CD	575	Raoultella_planticola	5823931	8.0	2	0.25	96.51485148514851	32.0	0.0019059291739548425
CD	582	Morganella_morganii	3889903	8.0	2	0.25	95.54455445544554	23.5	0.0027507112645225344
CD	584	Proteus_mirabilis	4099895	4.0	2	0.5	97.52475247524752	32.5	0.004975737183513237
CD	585543	Bacteroides_sp._D20	4487454	12.0	12	1.0	99.42244224422443	41.666666666666664	0.02183866397293432
CD	585544	Bacteroides_sp._D22	6344045	12.0	9	0.75	99.37367070040337	41.77777777777778	0.008480393818139689
CD	592978	Mediterraneibacter_faecis	3288691	180.0	42	0.23333333333333334	97.96798480753053	36.142857142857146	0.11576034355310365
CD	59620	uncultured_Clostridium_sp.	3849243	166.0	0	0.0			0.0
CD	60133	Prevotella_pallens	3108714	2.0	2	1.0	96.56862745098039	22.5	0.0065943666738078836
CD	61171	Holdemania_filiformis	3744856	16.0	4	0.25	95.54455445544555	27.5	0.01078813177329115
CD	618	Serratia_odorifera	5001108	2.0	0	0.0			0.0
CD	621	Shigella_boydii	4825405	2.0	1	0.5	99.00990099009901	42	0.002113812208508923
CD	622	Shigella_dysenteriae	5192674	4.0	3	0.75	99.33326665999932	42.0	0.004333027646257015
CD	623	Shigella_flexneri	4828820	10.0	8	0.8	99.06691511847814	41.75	0.012777448734887611
CD	624	Shigella_sonnei	4994001	60.0	37	0.6166666666666667	98.83630525214683	40.054054054054056	0.060132146549430006
CD	626929	Bacteroides_clarus	3897457	8.0	0	0.0			0.0
CD	626930	Bacteroides_fluxus	4330716	20.0	0	0.0			0.0
CD	626931	Bacteroides_oleiciplenus	7087734	4.0	2	0.5	97.02970297029702	33.0	0.002878211851629872
CD	626933	Odoribacter_laneus	3773011	4.0	0	0.0			0.0
CD	626935	Collinsella_tanakaei	2492085	2.0	0	0.0			0.0
CD	626938	Succinatimonas_hippei	2306546	4.0	0	0.0			0.0
CD	626947	Parasutterella_secunda	1880404	2.0	0	0.0			0.0
CD	642589	Caproiciproducens_galactitolivorans	2408423	2.0	0	0.0			0.0
CD	645466	Anaerostipes_butyraticus	3173732	2.0	0	0.0			0.0
CD	647910	Listeria_rocourtiae	3278980	4.0	0	0.0			0.0
CD	649756	Anaerostipes_hadrus	2946270	108.0	32	0.2962962962962963	98.17206623390425	38.375	0.0759265104691695
CD	652706	Oribacterium_sp._oral_taxon_078	2676554	10.0	0	0.0			0.0
CD	652721	Prevotella_sp._oral_taxon_317	4099098	2.0	0	0.0			0.0
CD	657323	Ruminococcus_sp._SR1-5	3545606	6.0	6	1.0	97.12128633563594	32.5	0.0162172559500407
CD	66219	Lachnoclostridium_phytofermentans	4847594	2.0	0	0.0			0.0
CD	666	Vibrio_cholerae	4138412	4.0	0	0.0			0.0
CD	667126	Methanocaldococcus_villosus	1249385	2.0	0	0.0			0.0
CD	670	Vibrio_parahaemolyticus	5165770	30.0	0	0.0			0.0
CD	671211	Fusobacterium_sp._oral_taxon_203	2126947	2.0	0	0.0			0.0
CD	671228	Veillonella_sp._oral_taxon_158	1978772	2.0	2	1.0	99.50495049504951	42.0	0.010309424228764102
CD	671267	Phocaeicola_sartorii	5630518	22.0	5	0.22727272727272727	96.31234821595368	21.0	0.007548150987173827
CD	673271	Catenibacillus_scindens	3872981	6.0	0	0.0			0.0
CD	674529	Bacteroides_faecis	6352228	300.0	88	0.29333333333333333	98.78210646034694	33.81818181818182	0.1167936667260684
CD	691816	Bacteroides_rodentium	4268282	6.0	4	0.6666666666666666	98.01980198019803	36.75	0.009558881067370899
CD	693988	Bilophila_sp._4_1_30	4618310	4.0	4	1.0	99.75247524752476	16.0	0.007621835693143163
CD	706562	Lactobacillus_rogosae	2817405	2.0	2	1.0	100.0	42.0	0.0071342245790008895
CD	712213	Capnocytophaga_sp._oral_taxon_332	2656035	2.0	0	0.0			0.0
CD	712368	Leptotrichia_sp._oral_taxon_498	2152181	2.0	0	0.0			0.0
CD	712888	Actinobaculum_sp._oral_taxon_183	2366015	4.0	0	0.0			0.0
CD	71453	Tetragenococcus_solitarius	2513646	2.0	0	0.0			0.0
CD	726	Haemophilus_haemolyticus	1934644	4.0	0	0.0			0.0
CD	727	Haemophilus_influenzae	1890662	2.0	1	0.5	96.03960396039604	1	0.00539493574208399
CD	729	Haemophilus_parainfluenzae	2141704	20.0	7	0.35	94.04667609618105	18.285714285714285	0.028902219914610047
CD	734	Haemophilus_paracuniculus	2047249	2.0	0	0.0			0.0
CD	74426	Collinsella_aerofaciens	2455328	18.0	5	0.2777777777777778	96.42376237623762	27.6	0.02007878377145538
CD	745368	Gemmiger_formicilis	3241569	100.0	7	0.07	96.88826025459687	29.0	0.021409385393307993
CD	76122	Alloprevotella_tannerae	2585719	2.0	0	0.0			0.0
CD	76489	Clostridium_acetireducens	2424212	2.0	0	0.0			0.0
CD	765821	uncultured_Blautia_sp.	3060889	100.0	0	0.0			0.0
CD	77095	Prevotella_bryantii	3465067	2.0	0	0.0			0.0
CD	78120	Succinispira_mobilis	2085243	4.0	0	0.0			0.0
CD	796942	Stomatobaculum_longum	2313632	6.0	2	0.3333333333333333	93.53465346534654	15.5	0.0054027606810417555
CD	81028	Treponema_brennaborense	3055580	4.0	0	0.0			0.0
CD	813	Chlamydia_trachomatis	1042519	24.0	0	0.0			0.0
CD	817	Bacteroides_fragilis	5241700	4170.0	822	0.1971223021582734	98.39253797432474	35.92700729927007	1.2828090123433238
CD	818	Bacteroides_thetaiotaomicron	6304193	706.0	46	0.06515580736543909	97.5675972483664	30.26086956521739	0.06256153642504282
CD	820	Bacteroides_uniformis	4709701	1468.0	515	0.3508174386920981	99.1030639427026	38.17087378640777	0.8743017868862588
CD	821	Phocaeicola_vulgatus	5163189	4680.0	2168	0.46324786324786327	99.05287932863418	36.72509225092251	3.22202034440343
CD	823	Parabacteroides_distasonis	5348976	224.0	23	0.10267857142857142	98.6700260119025	40.0	0.036418185462039836
CD	839	Prevotella_ruminicola	3619559	4.0	0	0.0			0.0
CD	84030	Lacrimispora_saccharolytica	4662871	2.0	0	0.0			0.0
CD	84035	Propionispira_arboris	4261607	2.0	1	0.5	96.03960396039604	15	0.0023934633109059565
CD	84112	Eggerthella_lenta	3467966	10.0	4	0.4	99.75247524752476	42.0	0.009804017686447907
CD	84590	Taylorella_asinigenitalis	1638559	4.0	0	0.0			0.0
CD	853	Faecalibacterium_prausnitzii	3127383	2212.0	352	0.15913200723327306	96.7348146810817	24.323863636363637	0.9492921078102682
CD	85831	Bacteroides_acidifaciens	4849831	32.0	5	0.15625	95.44554455445544	23.0	0.009876632814627972
CD	86956	Pectinatus_cerevisiiphilus	2637495	2.0	0	0.0			0.0
CD	871324	Bacteroides_stercorirosoris	6268181	10.0	7	0.7	98.16124469589816	33.714285714285715	0.008519217935793494
CD	871325	Bacteroides_faecichinchillae	4806522	4.0	4	1.0	99.25742574257426	42.0	0.004577114179442016
CD	871664	Blautia_stercoris	3425373	6.0	6	1.0	98.16996699669967	35.5	0.016582135726532554
CD	871665	Blautia_faecis	4104676	20.0	6	0.3	97.54416618132403	35.666666666666664	0.010573307125824305
CD	876091	uncultured_Oscillibacter_sp.	3020033	32.0	22	0.6875	99.68405931502242	41.90909090909091	0.058972865528290584
CD	879566	Acetatifactor_muris	6016758	2.0	0	0.0			0.0
CD	88058	Treponema_primitia	4059867	4.0	0	0.0			0.0
CD	88431	Dorea_longicatena	2919963	190.0	34	0.17894736842105263	98.9992175688157	34.85294117647059	0.09318611228977901
CD	89014	Blautia_luti	3741599	18.0	3	0.16666666666666666	98.67986798679868	36.0	0.007296345760195039
CD	89152	Peptacetobacter_hiranonis	2521899	2.0	0	0.0			0.0
CD	901	Desulfovibrio_piger	2582155	134.0	60	0.44776119402985076	98.34801893124636	39.233333333333334	0.19181652534414084
CD	90426	Methanothrix_sp.	2088083	2.0	0	0.0			0.0
CD	905	Acidaminococcus_fermentans	2329769	2.0	0	0.0			0.0
CD	905011	uncultured_Anaerotruncus_sp.	2790038	6.0	0	0.0			0.0
CD	908612	Alistipes_sp._HGB5	3464615	20.0	13	0.65	98.7014470677837	37.46153846153846	0.030854799162388896
CD	910311	Eggerthella_sp._HGA1	3362931	2.0	2	1.0	99.00990099009901	42.0	0.006066136950178282
CD	911092	Caldanaerobacter_subterraneus	2689445	2.0	0	0.0			0.0
CD	930138	Aliicoccus_persicus	2061411	2.0	0	0.0			0.0
CD	93974	Bacteroides_sp._AR20	6065363	2.0	0	0.0			0.0
CD	93975	Bacteroides_sp._AR29	4442069	16.0	10	0.625	98.7128712871287	16.5	0.0188650829151911
CD	943346	Sporomusa_sp._KB1	6057612	2.0	0	0.0			0.0
CD	94868	Lacrimispora_algidixylanolytica	4639933	4.0	0	0.0			0.0
CD	97138	Clostridium_sp._MD294	2924599	2.0	0	0.0			0.0
CD	99481	Tetrasphaera_japonica	5162321	2.0	0	0.0			0.0
nonIBD	100134	Anaerocolumna_xylanovorans	5420325	2.0	0	0.0			0.0
nonIBD	100176	Papillibacter_cinnamivorans	2890610	4.0	0	0.0			0.0
nonIBD	100886	Catenibacterium_mitsuokai	2650196	48.0	2	0.041666666666666664	95.04950495049505	23.5	0.00528262815278568
nonIBD	1019	Capnocytophaga_sputigena	2855148	2.0	0	0.0			0.0
nonIBD	1034346	Dielma_fastidiosa	3618065	102.0	55	0.5392156862745098	98.21006008065022	37.163636363636364	0.1200365388681519
nonIBD	1042156	Clostridium_sp._SY8519	2835737	2.0	0	0.0			0.0
nonIBD	105841	Anaerostipes_caccae	3284789	6.0	2	0.3333333333333333	96.29629629629629	1.0	0.004992710338472273
nonIBD	105843	Anaerobutyricum_soehngenii	3194235	2.0	0	0.0			0.0
nonIBD	106588	Pseudoflavonifractor_capillosus	4241076	22.0	5	0.22727272727272727	96.44923315860999	33.6	0.008370517293252938
nonIBD	1078087	Parabacteroides_sp._HGS0025	6761553	4.0	2	0.5	96.53465346534654	32.0	0.0026029523099205167
nonIBD	1078089	Bacteroides_sp._HPS0048	6096022	2.0	0	0.0			0.0
nonIBD	1096246	Hungatella_effluvii	6863335	4.0	0	0.0			0.0
nonIBD	109790	Lactobacillus_jensenii	1672949	2.0	0	0.0			0.0
nonIBD	1099853	Coprobacter_fastidiosus	3444538	14.0	6	0.42857142857142855	98.08993399339936	36.0	0.01059648637930544
nonIBD	1133319	Bacteroides_reticulotermitis	5382020	4.0	0	0.0			0.0
nonIBD	1150298	Fusicatenibacter_saccharivorans	3782803	64.0	20	0.3125	97.37642118537684	29.7	0.032013298075527594
nonIBD	1160721	Ruminococcus_bicirculans	2968500	96.0	37	0.3854166666666667	98.33772710067375	38.270270270270274	0.08492504631969008
nonIBD	116085	Coprococcus_catus	3599035	32.0	5	0.15625	98.29066411795819	38.4	0.00869677566347646
nonIBD	1161942	Ruminococcus_champanellensis	2573208	12.0	6	0.5	98.26083731968703	39.0	0.016632934453802414
nonIBD	1193534	uncultured_Flavonifractor_sp.	2635928	10.0	0	0.0			0.0
nonIBD	1197717	Cloacibacillus_porcorum	3585187	2.0	0	0.0			0.0
nonIBD	121608	Paenibacillus_koleovorans	7544267	2.0	0	0.0			0.0
nonIBD	1226323	Oscillibacter_sp._KLE_1745	3594235	6.0	3	0.5	99.14529914529915	42.0	0.002837877879437488
nonIBD	1235835	Anaerotruncus_sp._G3-2012-	3620383	2.0	2	1.0	99.5	42.0	0.005137577985533575
nonIBD	1261635	Roseburia_sp._831b	3368602	6.0	3	0.5	93.29416458129329	8.0	0.005759065630193178
nonIBD	1262687	Acidaminococcus_sp._CAG-542	2044712	2.0	0	0.0			0.0
nonIBD	1262693	Alistipes_sp._CAG-268	2678396	8.0	0	0.0			0.0
nonIBD	1262744	Bacteroides_sp._CAG-633	3641748	14.0	8	0.5714285714285714	99.13242574257427	41.75	0.01738176282378682
nonIBD	1262881	Eubacterium_sp._CAG-161	2515227	2.0	0	0.0			0.0
nonIBD	1262910	Oscillibacter_sp._CAG-155	2277379	2.0	0	0.0			0.0
nonIBD	1262931	Prevotella_sp._CAG-592	2726024	4.0	0	0.0			0.0
nonIBD	1262956	Ruminococcus_sp._CAG-379	2164906	6.0	2	0.3333333333333333	100.0	42.0	0.0025405260089814523
nonIBD	1263547	Oscillibacter_ruminantium	3108242	2.0	0	0.0			0.0
nonIBD	1264	Ruminococcus_albus	4482087	10.0	0	0.0			0.0
nonIBD	1265	Ruminococcus_flavefaciens	3587803	8.0	0	0.0			0.0
nonIBD	1280	Staphylococcus_aureus	2821361	2.0	0	0.0			0.0
nonIBD	1280669	Dorea_sp._AGR2135	3509498	6.0	2	0.3333333333333333	97.2972972972973	1.0	0.004274115557267734
nonIBD	1280672	Butyrivibrio_sp._AC2005	5126371	2.0	0	0.0			0.0
nonIBD	1288121	Alistipes_senegalensis	3674467	4.0	0	0.0			0.0
nonIBD	1290	Staphylococcus_hominis	2257431	6.0	0	0.0			0.0
nonIBD	1297617	Intestinimonas_butyriciproducens	3224506	18.0	0	0.0			0.0
nonIBD	1302	Streptococcus_gordonii	2187618	4.0	1	0.25	93.06930693069307	8	0.004662605628587806
nonIBD	1308	Streptococcus_thermophilus	1791634	4.0	2	0.5	99.50495049504951	42.0	0.007925725901607136
nonIBD	1313	Streptococcus_pneumoniae	2110968	6.0	0	0.0			0.0
nonIBD	1314	Streptococcus_pyogenes	1746380	4.0	0	0.0			0.0
nonIBD	1318	Streptococcus_parasanguinis	2153652	4.0	2	0.5	96.03960396039604	24.0	0.004736141215015239
nonIBD	1322	Blautia_hansenii	3065949	6.0	0	0.0			0.0
nonIBD	1323	Faecalicoccus_pleomorphus	2055154	4.0	0	0.0			0.0
nonIBD	133448	Citrobacter_youngae	4936293	2.0	0	0.0			0.0
nonIBD	1336	Streptococcus_equi	2154778	4.0	0	0.0			0.0
nonIBD	1337051	Murimonas_intestini	5727142	4.0	0	0.0			0.0
nonIBD	13373	Burkholderia_mallei	5834748	4.0	0	0.0			0.0
nonIBD	1347393	Bacteroides_neonati	5025334	2.0	0	0.0			0.0
nonIBD	1354	Enterococcus_hirae	2931746	6.0	0	0.0			0.0
nonIBD	1358418	Sinorhizobium_sp._GL28	7612113	8.0	3	0.375	98.67986798679868	41.333333333333336	0.003481293564612086
nonIBD	137838	Clostridium_neonatale	4739640	4.0	0	0.0			0.0
nonIBD	1386092	Cellulomonas_carbonis	3904075	2.0	0	0.0			0.0
nonIBD	1392487	Eubacterium_sp._AB3007	2301752	4.0	0	0.0			0.0
nonIBD	1392489	Leeuwenhoekiella_sp._MAR_2009_132	4281274	4.0	0	0.0			0.0
nonIBD	1406512	Candidatus_Methanomassiliicoccus_intestinalis	1931651	16.0	8	0.5	97.14295478055269	34.5	0.03173451104780315
nonIBD	1408310	Prevotella_sp._MA2016	3384011	2.0	1	0.5	95.04950495049505	2	0.003014174599314246
nonIBD	1410612	Oribacterium_sp._P6A1	3697107	2.0	0	0.0			0.0
nonIBD	1411144	Bacteroides_caecigallinarum	3353010	16.0	1	0.0625	92.40506329113924	3	0.0023859159382167068
nonIBD	1411316	Pedobacter_sp.	4361339	2.0	0	0.0			0.0
nonIBD	1423	Bacillus_subtilis	4215606	2.0	0	0.0			0.0
nonIBD	1432052	Eisenbergiella_tayi	7555015	8.0	2	0.25	98.51485148514851	42.0	0.00141627779693356
nonIBD	1434842	Sphingobacterium_sp._JB170	4401704	2.0	0	0.0			0.0
nonIBD	1450156	Defluviitalea_raffinosedens	3092142	2.0	0	0.0			0.0
nonIBD	1460447	Terrisporobacter_petrolearius	4124338	2.0	0	0.0			0.0
nonIBD	1462569	Bacteroides_caecicola	3299531	2.0	2	1.0	99.50495049504951	42.0	0.004727944668499857
nonIBD	1465754	Alistipes_timonensis	3488964	26.0	10	0.38461538461538464	98.90396039603961	40.2	0.02912039218518735
nonIBD	1468449	Holdemania_massiliensis	4017176	8.0	4	0.5	98.23529411764707	41.0	0.004779476926079415
nonIBD	1470345	Bacteroides_timonensis	7017222	6.0	2	0.3333333333333333	95.50561797752809	24.0	0.0012825588245604885
nonIBD	1470347	Alistipes_ihumii	2780015	76.0	40	0.5263157894736842	99.87623762376238	39.65	0.12661802184520587
nonIBD	1470354	Candidatus_Soleaferrea_massiliensis	3098593	2.0	0	0.0			0.0
nonIBD	1472416	Butyricimonas_faecihominis	4851713	124.0	61	0.49193548387096775	99.33565829474905	40.32786885245902	0.09658444347388231
nonIBD	1472417	Butyricimonas_paravirosa	5608017	4.0	2	0.5	97.5	33.0	0.003601986227930479
nonIBD	1473216	Senegalimassilia_anaerobia	2398022	4.0	0	0.0			0.0
nonIBD	1491	Clostridium_botulinum	3903260	6.0	0	0.0			0.0
nonIBD	1492	Clostridium_butyricum	4705596	4.0	0	0.0			0.0
nonIBD	1496	Clostridioides_difficile	4095894	88.0	0	0.0			0.0
nonIBD	1501391	Alistipes_inops	2304821	4.0	2	0.5	96.55172413793103	40.0	0.002559851719504465
nonIBD	1501392	Coprobacter_secundus	4171466	38.0	0	0.0			0.0
nonIBD	1504536	Robinsoniella_sp._RHS	7237586	2.0	1	0.5	100.0	1	0.0007599218855568694
nonIBD	1506	Clostridium_sp.	2978365	12.0	0	0.0			0.0
nonIBD	1512	-Clostridium-_symbiosum	5299950	26.0	7	0.2692307692307692	98.72701555869874	27.571428571428573	0.012622760592081056
nonIBD	151276	Bacteroides_coprosuis	2763468	4.0	0	0.0			0.0
nonIBD	1513	Clostridium_tetani	2873333	2.0	0	0.0			0.0
nonIBD	1514105	Erysipelothrix_larvae	2511486	4.0	0	0.0			0.0
nonIBD	1514668	Ruminococcus_sp._HUN007	4207177	6.0	0	0.0			0.0
nonIBD	1519439	Oscillibacter_sp._ER4	2729704	10.0	6	0.6	99.12351890926799	41.666666666666664	0.016082329805722526
nonIBD	1520806	Butyrivibrio_sp._INlla18	3254604	2.0	0	0.0			0.0
nonIBD	1520812	Butyrivibrio_sp._YAB3001	4587896	2.0	0	0.0			0.0
nonIBD	1522	-Clostridium-_innocuum	4718906	20.0	2	0.1	100.0	42.0	0.0023522401166711096
nonIBD	1526	-Clostridium-_aminophilum	3113820	2.0	0	0.0			0.0
nonIBD	1531	Enterocloster_clostridioformis	5539047	26.0	6	0.23076923076923078	98.67986798679868	36.333333333333336	0.008232463093380505
nonIBD	154046	Hungatella_hathewayi	6931886	22.0	8	0.36363636363636365	98.63861386138613	37.5	0.008612374756307302
nonIBD	154288	Turicibacter_sanguinis	2999687	26.0	2	0.07692307692307693	100.0	42.0	0.006800709540695412
nonIBD	1547	Thomasclavelia_ramosa	3543719	2.0	0	0.0			0.0
nonIBD	1547597	Sanguibacteroides_justesenii	3434369	8.0	2	0.25	100.0	40.5	0.005328489745860157
nonIBD	1550024	Ruthenibacterium_lactatiformans	4111078	6.0	0	0.0			0.0
nonIBD	155865	Eubacterium_pyruvativorans	2158512	2.0	0	0.0			0.0
nonIBD	1574262	Sutterella_sp._KLE1602	2576488	2.0	1	0.5	100.0	42	0.003958877355532026
nonIBD	1579	Lactobacillus_acidophilus	1978847	2.0	0	0.0			0.0
nonIBD	158	Treponema_denticola	2843201	2.0	0	0.0			0.0
nonIBD	1587	Lactobacillus_helveticus	2120944	2.0	0	0.0			0.0
nonIBD	158836	Enterobacter_hormaechei	4915930	2.0	0	0.0			0.0
nonIBD	158847	Megamonas_hypermegale	2230342	2.0	0	0.0			0.0
nonIBD	159272	uncultured_Prevotella_sp.	2941182	4.0	0	0.0			0.0
nonIBD	1602169	Prevotella_pectinovora	3292081	2.0	0	0.0			0.0
nonIBD	160404	Anaerotignum_lactatifermentans	2922609	4.0	2	0.5	93.65079365079364	8.0	0.0021898242289680216
nonIBD	160453	Enterococcus_gilvus	3945324	2.0	0	0.0			0.0
nonIBD	1613	Limosilactobacillus_fermentum	1905587	6.0	0	0.0			0.0
nonIBD	162156	uncultured_Bacteroides_sp.	5299784	30.0	9	0.3	96.79757975797581	29.444444444444443	0.006075719312334239
nonIBD	1623	Ligilactobacillus_ruminis	2066652	2.0	0	0.0			0.0
nonIBD	1628158	Mariniphaga_sediminis	5826160	2.0	0	0.0			0.0
nonIBD	1629	Weissella_viridescens	1593241	2.0	0	0.0			0.0
nonIBD	1631346	Rubeoparvulum_massiliense	2843796	2.0	0	0.0			0.0
nonIBD	1640674	Williamwhitmania_taraxaci	4154490	2.0	0	0.0			0.0
nonIBD	1650661	Clostridium_phoceensis	3453778	12.0	4	0.3333333333333333	99.50495049504951	42.0	0.009699523246717074
nonIBD	1650663	Fournierella_massiliensis	3391003	10.0	0	0.0			0.0
nonIBD	165179	Prevotella_copri	3551614	31720.0	9813	0.30936317780580075	97.7180598391241	35.22582288800571	17.225379785077997
nonIBD	165185	uncultured_Eubacterium_sp.	2611477	2.0	0	0.0			0.0
nonIBD	165186	uncultured_Ruminococcus_sp.	2960314	22.0	4	0.18181818181818182	98.51485148514851	37.0	0.007972127281092478
nonIBD	166486	Roseburia_intestinalis	4493348	240.0	88	0.36666666666666664	98.52671700613337	38.125	0.13889420538983405
nonIBD	1673717	Anaeromassilibacillus_senegalensis	3511751	12.0	0	0.0			0.0
nonIBD	1673721	Intestinimonas_massiliensis	3105129	12.0	0	0.0			0.0
nonIBD	1680	Bifidobacterium_adolescentis	2089645	2.0	2	1.0	94.98484848484848	24.0	0.009618858705665315
nonIBD	168384	Marvinbryantia_formatexigens	4577574	12.0	0	0.0			0.0
nonIBD	1685	Bifidobacterium_breve	2269415	8.0	0	0.0			0.0
nonIBD	1689270	Intestinimonas_timonensis	3444574	2.0	0	0.0			0.0
nonIBD	169435	Anaerotruncus_colihominis	3563916	28.0	6	0.21428571428571427	98.84488448844884	38.666666666666664	0.009932894041273701
nonIBD	1703332	Butyribacter_intestini	3610525	6.0	2	0.3333333333333333	100.0	42.0	0.0016341113826936525
nonIBD	1712515	Butyricicoccus_faecihominis	2995907	6.0	1	0.16666666666666666	98.01980198019803	42	0.003404645070758205
nonIBD	1712675	Turicibacter_sp._H121	2622031	4.0	2	0.5	99.00990099009901	42.0	0.00575889453633462
nonIBD	1720194	Clostridium_sp._AT4	3412755	6.0	3	0.5	98.00660066006601	41.333333333333336	0.008937061113382005
nonIBD	1720294	Eisenbergiella_massiliensis	6692195	4.0	0	0.0			0.0
nonIBD	172901	Victivallis_vadensis	5199916	8.0	4	0.5	99.36644900497512	42.0	0.005846248285549228
nonIBD	1729724	Pseudomonas_sp._TTU2014-080ASC	4522705	4.0	0	0.0			0.0
nonIBD	1735	Holdemanella_biformis	2517763	10.0	2	0.2	100.0	42.0	0.0025419390149112524
nonIBD	1737424	Blautia_massiliensis	3717343	2.0	0	0.0			0.0
nonIBD	1739114	Novosphingobium_sp._Fuku2-ISO-50	4422865	2.0	0	0.0			0.0
nonIBD	1739298	Bacteroides_sp._HMSC067B03	6513253	6.0	4	0.6666666666666666	100.0	42.0	0.00405327414734235
nonIBD	1739517	Bacteroides_sp._HMSC073E02	6622929	2.0	2	1.0	100.0	42.0	0.0025819391994086
nonIBD	1742405	Parabacteroides_sp._PFB2-10	3687546	4.0	0	0.0			0.0
nonIBD	1742774	Paenibacillus_sp._YN15	7411752	2.0	0	0.0			0.0
nonIBD	1750560	Parabacteroides_massiliensis	5015786	4.0	1	0.25	94.05940594059405	23	0.0020335795825419983
nonIBD	1761885	Prevotella_sp._khp7	3080082	2.0	0	0.0			0.0
nonIBD	1761888	Prevotella_sp._tc2-28	3371121	2.0	0	0.0			0.0
nonIBD	1773	Mycobacterium_tuberculosis	4411532	4.0	0	0.0			0.0
nonIBD	1776045	Clostridium_sp._C105KSO13	3208013	2.0	0	0.0			0.0
nonIBD	1776391	Romboutsia_timonensis	3112481	16.0	8	0.5	100.0	42.0	0.013815345378815163
nonIBD	1776758	Clostridium_sp._N3C	3036132	2.0	0	0.0			0.0
nonIBD	1780376	Alistipes_sp._CHKCI003	2869882	50.0	5	0.1	96.33883388338833	33.4	0.012787982223659372
nonIBD	1796613	Bacteroides_caecimuris	4839927	8.0	2	0.25	99.00990099009901	42.0	0.002871944142959181
nonIBD	1796620	Acutalibacter_muris	3802913	4.0	0	0.0			0.0
nonIBD	1796635	Longicatena_caecimuris	3103757	4.0	0	0.0			0.0
nonIBD	180332	Robinsoniella_peoriensis	7464303	2.0	0	0.0			0.0
nonIBD	1805476	Blautia_sp._Marseille-P2398	3592616	2.0	0	0.0			0.0
nonIBD	1811193	Streptococcus_pantholopis	2241302	2.0	0	0.0			0.0
nonIBD	1816676	Alistipes_provencensis	3805205	28.0	10	0.35714285714285715	98.22318847218496	39.6	0.017870259289578354
nonIBD	1816689	Sutterella_massiliensis	2933700	14.0	1	0.07142857142857142	92.64705882352942	8	0.002351978729931486
nonIBD	1817964	Shinella_curvata	6076148	2.0	0	0.0			0.0
nonIBD	182264	Sporotomaculum_syntrophicum	3352116	2.0	0	0.0			0.0
nonIBD	1833852	Desulforamulus_ferrireducens	3240180	2.0	0	0.0			0.0
nonIBD	1834438	Pedobacter_quisquiliarum	3773827	12.0	4	0.3333333333333333	98.33791208791209	42.0	0.0019078776001125648
nonIBD	1841855	Bacteroides_bouchesdurhonensis	5308568	12.0	8	0.6666666666666666	98.66210327623831	25.5	0.00923036118214931
nonIBD	1841856	Bacteroides_mediterraneensis	4075696	22.0	2	0.09090909090909091	97.01485148514851	40.0	0.0042692094798041855
nonIBD	1841857	Culturomica_massiliensis	4410591	2.0	0	0.0			0.0
nonIBD	1841864	Marseilla_massiliensis	4084489	6.0	0	0.0			0.0
nonIBD	1852370	Prevotellamassilia_timonensis	3475353	4.0	0	0.0			0.0
nonIBD	1852379	Colibacter_massiliensis	1715864	2.0	0	0.0			0.0
nonIBD	1852384	Massiliimalia_massiliensis	2842720	2.0	0	0.0			0.0
nonIBD	185293	Prevotella_oryzae	3287991	2.0	0	0.0			0.0
nonIBD	1855299	Oscillibacter_sp._PC13	2792998	6.0	0	0.0			0.0
nonIBD	1870988	Pseudoflavonifractor_phocaeensis	3146058	16.0	0	0.0			0.0
nonIBD	1870991	Massilioclostridium_coli	2985330	2.0	0	0.0			0.0
nonIBD	1871003	Tidjanibacter_massiliensis	2390301	2.0	2	1.0	97.49444332188321	14.5	0.008408982801747561
nonIBD	1871006	Bacteroides_congonensis	6373337	16.0	5	0.3125	99.60396039603961	42.0	0.004361922176718413
nonIBD	1871020	Clostridium_sp._Marseille-P3244	2972275	6.0	4	0.6666666666666666	99.50495049504951	42.0	0.0126838869216341
nonIBD	1871029	Intestinibacillus_massiliensis	2841380	2.0	0	0.0			0.0
nonIBD	1871336	Criibacterium_bergeronii	2176288	2.0	0	0.0			0.0
nonIBD	1872444	Alistipes_sp.	3229522	10.0	0	0.0			0.0
nonIBD	1884669	Porphyromonas_loveana	2275291	4.0	0	0.0			0.0
nonIBD	1896211	Fibrobacter_sp._UWH5	3736655	4.0	0	0.0			0.0
nonIBD	1897013	Parabacteroides_sp._merdae-related_45_40	5338609	6.0	4	0.6666666666666666	98.67720643032044	42.0	0.004308238344482617
nonIBD	1897051	Bacteroides_sp._43_46	4882528	4.0	2	0.5	99.4949494949495	42.0	0.004137201056501878
nonIBD	1903262	Bacteroides_ndongoniae	4949270	4.0	0	0.0			0.0
nonIBD	1907654	Collinsella_bouchesdurhonensis	1876212	2.0	0	0.0			0.0
nonIBD	1907658	Bacteroides_ilei	3974623	4.0	0	0.0			0.0
nonIBD	1912855	Faecalimonas_umbilicata	2919754	4.0	0	0.0			0.0
nonIBD	1917867	Bacilliculturomica_massiliensis	4516356	4.0	0	0.0			0.0
nonIBD	1917868	Blautia_marasmi	6170525	4.0	0	0.0			0.0
nonIBD	1917883	Bacteroides_togonis	3977103	2.0	0	0.0			0.0
nonIBD	1926283	Lachnoclostridium_edouardi	3329949	2.0	0	0.0			0.0
nonIBD	1926599	Carboxydocella_sp._ULO1	2700370	2.0	0	0.0			0.0
nonIBD	1936995	Parabacteroides_bouchesdurhonensis	3732097	2.0	0	0.0			0.0
nonIBD	1944635	Sutterella_seckii	2783178	2.0	0	0.0			0.0
nonIBD	1945593	Oscillibacter_sp.	3726880	16.0	0	0.0			0.0
nonIBD	1945634	Butyricicoccus_porcorum	2990647	6.0	0	0.0			0.0
nonIBD	195	Campylobacter_coli	1716536	2.0	0	0.0			0.0
nonIBD	1955272	Allobacillus_salarius	2595246	8.0	8	1.0	99.87623762376238	42.0	0.00843850640748507
nonIBD	1958780	Clostridium_merdae	2748860	2.0	0	0.0			0.0
nonIBD	1964360	Fibrobacter_sp._UWB5	3361559	2.0	0	0.0			0.0
nonIBD	1965537	Flavonifractor_sp._An10	3882968	2.0	0	0.0			0.0
nonIBD	1965546	Alistipes_sp._An116	3254240	2.0	0	0.0			0.0
nonIBD	1965548	Drancourtella_sp._An12	3632099	6.0	2	0.3333333333333333	98.59154929577466	42.0	0.0019823248209919386
nonIBD	1965570	Anaeromassilibacillus_sp._An172	2814283	2.0	0	0.0			0.0
nonIBD	1965578	Pseudoflavonifractor_sp._An187	2606860	4.0	2	0.5	97.59036144578313	40.0	0.003222267402161988
nonIBD	1965580	Bacteroides_sp._An19	4733083	2.0	0	0.0			0.0
nonIBD	1965583	Lachnoclostridium_sp._An196	3252622	6.0	0	0.0			0.0
nonIBD	1965586	Mediterranea_sp._An20	3844582	2.0	0	0.0			0.0
nonIBD	1965603	Blautia_sp._An249	3938978	2.0	2	1.0	94.55445544554456	16.0	0.005179008362067521
nonIBD	1965604	Anaeromassilibacillus_sp._An250	3598956	4.0	2	0.5	97.1594427244582	41.0	0.004556877049900026
nonIBD	1965620	Bacteroides_sp._An279	3937191	2.0	0	0.0			0.0
nonIBD	1965632	Bacteroides_sp._An322	3432695	2.0	0	0.0			0.0
nonIBD	1965646	Barnesiella_sp._An55	3030180	2.0	0	0.0			0.0
nonIBD	1965649	Butyricimonas_sp._An62	5210888	4.0	2	0.5	94.77736163129421	24.0	0.0017271528384413559
nonIBD	1965650	Alistipes_sp._An66	3055655	8.0	0	0.0			0.0
nonIBD	1965655	Faecalibacterium_sp._An77	3051386	4.0	2	0.5	100.0	42.0	0.0029167073585577175
nonIBD	1965664	Flavonifractor_sp._An9	3350225	4.0	2	0.5	99.00990099009901	42.0	0.004984739830906879
nonIBD	197461	Pseudovibrio_exalbescens	4157019	4.0	0	0.0			0.0
nonIBD	1979344	Flavobacterium_sp._MDT1-60	5563897	2.0	0	0.0			0.0
nonIBD	1981510	Monoglobus_pectinilyticus	2759678	14.0	8	0.5714285714285714	98.88118811881188	39.5	0.021850375297407885
nonIBD	1982626	Faecalibacillus_intestinalis	2869982	4.0	2	0.5	97.02970297029702	32.5	0.006515720307653497
nonIBD	1982628	Faecalibacillus_faecis	2525977	2.0	2	1.0	97.52475247524752	32.5	0.008076083036385524
nonIBD	2014781	Scatolibacter_rhodanostii	2702024	2.0	0	0.0			0.0
nonIBD	2020964	Bifidobacterium_margollesii	2789387	4.0	0	0.0			0.0
nonIBD	2022527	Prevotella_sp._885	3721400	10.0	6	0.6	97.64947703340808	33.166666666666664	0.01338206051486
nonIBD	2023178	Leptospira_levettii	3875926	2.0	0	0.0			0.0
nonIBD	2024205	Urinicoccus_timonensis	1978908	2.0	0	0.0			0.0
nonIBD	2024219	Prevotella_sp._P4-98	3107872	2.0	1	0.5	96.03960396039604	4	0.0032819884474006656
nonIBD	2024222	Prevotella_sp._P5-92	3507759	2.0	0	0.0			0.0
nonIBD	2024224	Prevotella_sp._P2-180	4106229	4.0	2	0.5	99.50495049504951	42.0	0.0038721659215791423
nonIBD	2024228	Prevotella_sp._P4-51	3152425	4.0	2	0.5	100.0	42.0	0.0037114285034536903
nonIBD	2024555	Virgibacillus_profundi	4362047	8.0	0	0.0			0.0
nonIBD	2025493	Blautia_hominis	5878941	2.0	0	0.0			0.0
nonIBD	2025659	Bacteroides_sp._KFT8	6031385	2.0	0	0.0			0.0
nonIBD	2026191	Bacillus_luti	5315231	2.0	0	0.0			0.0
nonIBD	2027459	Veillonella_sp._T11011-6	2053092	2.0	1	0.5	95.04950495049505	23	0.004968116382509892
nonIBD	2041044	Eubacterium_maltosivorans	4337501	2.0	0	0.0			0.0
nonIBD	204516	Phocaeicola_massiliensis	4646209	94.0	36	0.3829787234042553	98.59720960061408	33.69444444444444	0.058047324173320654
nonIBD	2048242	Alistipes_sp._Marseille-P5061	2666117	2.0	0	0.0			0.0
nonIBD	2067550	Clostridium_sp._chh4-2	6089737	4.0	0	0.0			0.0
nonIBD	2078660	Vallitalea_okinawensis	5859119	2.0	0	0.0			0.0
nonIBD	2079531	Prevotella_sp._Marseille-P4119	3912650	4.0	4	1.0	97.014701470147	36.25	0.009226483329712598
nonIBD	208479	Enterocloster_bolteae	6377378	16.0	0	0.0			0.0
nonIBD	2086273	Subdoligranulum_sp._APC924-74	3508961	10.0	6	0.6	99.66831683168317	42.0	0.011228394957937692
nonIBD	2086575	Parabacteroides_pacaensis	5238628	2.0	0	0.0			0.0
nonIBD	2093856	Butyricimonas_faecalis	4976422	2.0	0	0.0			0.0
nonIBD	2093857	Dysosmobacter_welbionis	3396268	24.0	5	0.20833333333333334	98.41584158415841	41.6	0.015016482798177293
nonIBD	2108523	Lawsonibacter_asaccharolyticus	3126090	12.0	6	0.5	98.3142929677583	41.333333333333336	0.013531280289435045
nonIBD	214851	Subdoligranulum_variabile	3244954	4.0	0	0.0			0.0
nonIBD	214853	Anaerofustis_stercorihominis	2284703	2.0	2	1.0	100.0	42.0	0.0055587093814819695
nonIBD	214856	Alistipes_finegoldii	3563510	46.0	8	0.17391304347826086	98.63861386138613	37.25	0.013497927605085995
nonIBD	216816	Bifidobacterium_longum	2385164	36.0	12	0.3333333333333333	98.05703131288739	29.0	0.030522010226550458
nonIBD	2173	Methanobrevibacter_smithii	1853160	4.0	0	0.0			0.0
nonIBD	218205	Garciella_nitratireducens	2163332	2.0	0	0.0			0.0
nonIBD	218538	Dialister_invisus	1895960	646.0	320	0.4953560371517028	97.7602259926072	35.5375	1.294594822675584
nonIBD	2201249	Lactobacillus_corticis	1805525	4.0	0	0.0			0.0
nonIBD	220686	Neobacillus_vireti	5309094	2.0	0	0.0			0.0
nonIBD	2211183	Evtepia_gabavorous	2494407	6.0	2	0.3333333333333333	100.0	42.0	0.003487802912676239
nonIBD	228604	Prevotella_salivae	3099908	6.0	0	0.0			0.0
nonIBD	2292003	Butyricicoccus_sp._AF35-5AC	3138006	4.0	0	0.0			0.0
nonIBD	2292006	Clostridium_sp._AF32-12BH	3981076	4.0	0	0.0			0.0
nonIBD	2292053	Parabacteroides_sp._AM08-6	4189784	2.0	0	0.0			0.0
nonIBD	2292054	Prevotella_sp._AM23-5	3940282	8.0	5	0.625	95.64356435643565	23.2	0.01197883806285946
nonIBD	2292065	Roseburia_sp._AM16-25	2635846	12.0	6	0.5	99.83498349834984	42.0	0.017451702413570445
nonIBD	2292066	Roseburia_sp._AM23-20	4145911	2.0	1	0.5	97.02970297029702	1	0.0024602554179286532
nonIBD	2292075	Sutterella_sp._AM11-39	2227305	26.0	1	0.038461538461538464	90.625	8	0.002918325061004218
nonIBD	2292204	Clostridium_sp._AF19-22AC	5921605	2.0	0	0.0			0.0
nonIBD	2292206	Clostridium_sp._AF27-2AA	3575329	140.0	88	0.6285714285714286	99.10778043786298	38.13636363636363	0.18487809093932334
nonIBD	2292236	Odoribacter_sp._AF15-53	5206690	2.0	0	0.0			0.0
nonIBD	2292280	Bacteroides_sp._OF02-3LB	6810738	2.0	1	0.5	99.00990099009901	42	0.0014976350580509779
nonIBD	2292281	Bacteroides_sp._OF04-15BH	3751971	10.0	0	0.0			0.0
nonIBD	2292284	Bacteroides_sp._OM08-11	3878769	6.0	2	0.3333333333333333	95.54455445544554	23.5	0.0052594005984888505
nonIBD	2292287	Blautia_sp._OF03-15BH	3728016	2.0	2	1.0	100.0	42.0	0.005472079518972021
nonIBD	2292304	Clostridium_sp._AM33-3	3217602	64.0	33	0.515625	97.67325979993262	35.81818181818182	0.07216554440232198
nonIBD	2292307	Clostridium_sp._AM58-1XD	4360356	2.0	0	0.0			0.0
nonIBD	2292310	Clostridium_sp._OF09-36	3906899	2.0	0	0.0			0.0
nonIBD	2292356	Faecalibacterium_sp._OF03-6AC	2830308	8.0	3	0.375	98.34983498349834	8.333333333333334	0.005688426842590983
nonIBD	2292357	Faecalibacterium_sp._OM04-11BH	2961722	4.0	1	0.25	95.04950495049505	23	0.003443942409179524
nonIBD	2292363	Parabacteroides_sp._TM07-1AC	6085081	2.0	0	0.0			0.0
nonIBD	2292364	Prevotella_sp._AM34-19LB	3560375	10.0	9	0.9	96.14054188924047	27.77777777777778	0.02140223993259137
nonIBD	2292365	Prevotella_sp._TF12-30	3900702	4.0	3	0.75	95.04950495049506	22.666666666666668	0.006178375071974224
nonIBD	2292368	Roseburia_sp._OM02-15	3656239	4.0	2	0.5	98.64864864864865	1.0	0.004102576445358195
nonIBD	2292372	Ruminococcus_sp._AM42-11	4698861	4.0	2	0.5	98.54006820119352	42.0	0.0014897227221660739
nonIBD	2292375	Ruminococcus_sp._OM06-36AC	2957724	4.0	0	0.0			0.0
nonIBD	2292910	Alistipes_sp._AF14-19	3668313	4.0	2	0.5	93.54455445544555	13.5	0.003134956041101182
nonIBD	2292911	Alistipes_sp._AM16-43	3366396	2.0	2	1.0	99.50495049504951	42.0	0.006059893132002296
nonIBD	2292924	Bacteroides_sp._AF25-38AC	5074582	2.0	2	1.0	98.51485148514851	42.0	0.004020035541843644
nonIBD	2292930	Bacteroides_sp._AF33-23	4824176	4.0	2	0.5	100.0	1.0	0.002611845007313166
nonIBD	2292931	Bacteroides_sp._AF34-31BH	4724527	2.0	2	1.0	100.0	42.0	0.004317892563636529
nonIBD	2292950	Bacteroides_sp._AM32-11AC	4692899	4.0	0	0.0			0.0
nonIBD	2292952	Bacteroides_sp._AM41-16	4905507	6.0	4	0.6666666666666666	98.51485148514851	41.0	0.004912845909709231
nonIBD	2292957	Bacteroides_sp._OF03-11BH	6871891	4.0	2	0.5	100.0	42.0	0.0009749863611049709
nonIBD	2292959	Blautia_sp._AF17-9LB	4076914	2.0	2	1.0	94.05940594059406	16.0	0.005003784725407502
nonIBD	2292962	Blautia_sp._AF19-13LB	4009812	4.0	2	0.5	98.80952380952381	42.0	0.002119800130280422
nonIBD	2292971	Blautia_sp._AM23-13AC	3443045	6.0	2	0.3333333333333333	100.0	42.0	0.002091172203674364
nonIBD	2292975	Blautia_sp._AM29-29	3523408	4.0	2	0.5	99.00990099009901	42.0	0.0030368325212407985
nonIBD	2292979	Blautia_sp._AM47-4	3843555	2.0	2	1.0	97.52475247524752	41.0	0.005307586336087294
nonIBD	2292982	Blautia_sp._OF11-22	3767213	4.0	4	1.0	98.75990099009901	25.5	0.009237598192616133
nonIBD	2292984	Blautia_sp._OM06-15AC	3492076	4.0	2	0.5	96.4740351586179	15.0	0.0057558884743631016
nonIBD	2292985	Blautia_sp._OM07-19	4216544	2.0	0	0.0			0.0
nonIBD	2292993	Clostridium_sp._AF02-29	3052050	10.0	5	0.5	98.41584158415841	41.2	0.016415196343441296
nonIBD	2293005	Clostridium_sp._AF23-6LB	2889150	2.0	0	0.0			0.0
nonIBD	2293009	Clostridium_sp._AF29-8BH	3145208	2.0	0	0.0			0.0
nonIBD	2293011	Clostridium_sp._AF34-10BH	4001893	8.0	4	0.5	97.47133497133497	29.0	0.006971700642670856
nonIBD	2293015	Clostridium_sp._AF36-4	2893834	4.0	2	0.5	99.00990099009901	19.5	0.003732073090578105
nonIBD	2293016	Clostridium_sp._AF37-5	3107801	10.0	8	0.8	97.75293935643565	37.25	0.023617985836287457
nonIBD	2293024	Clostridium_sp._AM22-11AC	3795623	2.0	1	0.5	93.06930693069307	2	0.0026609597423137123
nonIBD	2293028	Clostridium_sp._AM29-11AC	3547659	6.0	4	0.6666666666666666	100.0	42.0	0.0067650244851604965
nonIBD	2293030	Clostridium_sp._AM34-9AC	3804624	2.0	1	0.5	99.00990099009901	42	0.002680948235620655
nonIBD	2293033	Clostridium_sp._AM46-21	2976561	4.0	2	0.5	98.91304347826086	42.0	0.00312441102332524
nonIBD	2293035	Clostridium_sp._AM49-4BH	3183099	20.0	15	0.75	99.1866772884185	39.0	0.03433760621331602
nonIBD	2293107	Eubacterium_sp._AF34-35BH	2669882	10.0	5	0.5	99.60396039603961	42.0	0.012509916168579736
nonIBD	2293108	Eubacterium_sp._AF36-5BH	2729280	8.0	4	0.5	99.75247524752476	42.0	0.010075917458084184
nonIBD	2293109	Faecalibacterium_sp._OF04-11AC	2745360	34.0	17	0.5	98.21559433578967	37.588235294117645	0.04290876242095754
nonIBD	2293113	Parabacteroides_sp._AF17-3	6857776	4.0	1	0.25	100.0	42	0.0014873626668470946
nonIBD	2293114	Parabacteroides_sp._AF19-14	5216724	6.0	2	0.3333333333333333	100.0	42.0	0.00260700010197971
nonIBD	2293125	Prevotella_sp._AM42-24	3992130	8.0	4	0.5	94.99646393210749	23.75	0.008141017451836489
nonIBD	2293128	Roseburia_sp._AF15-21	3184543	4.0	2	0.5	97.2972972972973	40.0	0.0023551259945304554
nonIBD	2293138	Roseburia_sp._AM59-24XD	3383570	84.0	56	0.6666666666666666	99.05070588041018	41.67857142857143	0.12705515180711496
nonIBD	2293144	Roseburia_sp._TF10-5	3443473	48.0	28	0.5833333333333334	98.35627240177475	38.357142857142854	0.05102406785242689
nonIBD	2293174	Ruminococcus_sp._AF31-8BH	4594075	2.0	2	1.0	96.53465346534654	23.5	0.0044187350010611495
nonIBD	2293178	Ruminococcus_sp._AF37-20	2873186	2.0	0	0.0			0.0
nonIBD	2293202	Ruminococcus_sp._AM31-15AC	2934511	4.0	2	0.5	99.00495049504951	32.0	0.004021112887291955
nonIBD	2293317	Candidatus_Syntrophocurvum_alkaliphilum	2360781	2.0	0	0.0			0.0
nonIBD	2294119	Flavobacterium_sp._CJ74	4843008	4.0	0	0.0			0.0
nonIBD	2302935	Bacteroides_sp._214	3394147	2.0	0	0.0			0.0
nonIBD	2302937	Bacteroides_sp._519	5555652	2.0	0	0.0			0.0
nonIBD	2302938	Bacteroides_sp._51	6202740	2.0	0	0.0			0.0
nonIBD	2302955	Faecalibacterium_sp._AF10-46	2898008	4.0	2	0.5	100.0	42.0	0.004209788240750198
nonIBD	2302956	Faecalibacterium_sp._AF27-11BH	2779402	20.0	14	0.7	96.86953881723578	27.285714285714285	0.03403609841253622
nonIBD	2302957	Faecalibacterium_sp._AM43-5AT	2939397	4.0	1	0.25	97.67441860465115	42	0.002959790732589031
nonIBD	2304575	Odoribacter_sp._Z80	2563163	4.0	0	0.0			0.0
nonIBD	2305243	Desulfotomaculum_sp._OF05-3	3720446	4.0	2	0.5	97.70797962648557	41.0	0.0025265788026489298
nonIBD	2315463	Faecalibacterium_sp._BCRC_81149	3164912	10.0	8	0.8	98.39108910891089	34.75	0.017725611328213865
nonIBD	2338368	Alcanivorax_profundi	3737376	10.0	6	0.6	98.01980198019801	35.5	0.012040533251136626
nonIBD	2364790	Dysgonomonas_sp._Marseille-P4677	4729948	2.0	0	0.0			0.0
nonIBD	2364793	Lachnoclostridium_sp._Marseille-P6806	3125999	2.0	0	0.0			0.0
nonIBD	2364796	Ruminococcus_sp._Marseille-P6503	2642213	4.0	0	0.0			0.0
nonIBD	239935	Akkermansia_muciniphila	2878459	4.0	0	0.0			0.0
nonIBD	2447885	Bacteroides_faecalis	5771427	30.0	17	0.5666666666666667	97.98691287813904	10.117647058823529	0.019076737867428625
nonIBD	246787	Bacteroides_cellulosilyticus	7271073	68.0	16	0.23529411764705882	96.96162116211622	31.5	0.02013457986187183
nonIBD	2478954	Catenibacterium_sp._co_0103	2540390	4.0	2	0.5	100.0	42.0	0.004133223638890092
nonIBD	2494234	Sutterella_megalosphaeroides	2725161	6.0	0	0.0			0.0
nonIBD	2497860	Cellulosilyticum_sp._WCF-2	4779774	2.0	0	0.0			0.0
nonIBD	2508949	Candidatus_Borkfalkia_ceftriaxoniphila	2608799	12.0	4	0.3333333333333333	98.01980198019803	37.25	0.015639380419879032
nonIBD	2516960	Bacteroides_muris_-ex_Afrizal_et_al._2022-	4387127	4.0	2	0.5	100.0	42.0	0.0016411651634429547
nonIBD	2518605	Prevotella_hominis	4105402	96.0	23	0.23958333333333334	97.40092679344662	29.869565217391305	0.04257804716809706
nonIBD	253257	Lacrimispora_amygdalina	5946122	2.0	0	0.0			0.0
nonIBD	2547410	Enterocloster_alcoholdehydrogenati	3806033	40.0	18	0.45	98.84377326621549	37.666666666666664	0.03263240229393702
nonIBD	255519	Atlantibacter_subterranea	4778848	12.0	0	0.0			0.0
nonIBD	2565572	Parasutterella_muris	2500219	6.0	0	0.0			0.0
nonIBD	2570191	Thauera_sp._2A1	5051701	6.0	0	0.0			0.0
nonIBD	2576304	Flavobacterium_sp._GSA192	3832776	2.0	0	0.0			0.0
nonIBD	2580425	Faecalibacterium_sp._Marseille-P9312	2800344	14.0	8	0.5714285714285714	98.3754409923751	39.5	0.018462017523561393
nonIBD	2584603	Akkermansia_sp._BIOML-A47	3137614	12.0	6	0.5	100.0	42.0	0.004780702788807037
nonIBD	2584645	Faecalibacterium_sp._BIOML-A1	2942445	4.0	2	0.5	100.0	42.0	0.0067630830822666185
nonIBD	2584661	Megasphaera_sp._BIOML-A1	2520039	6.0	0	0.0			0.0
nonIBD	2585118	Alistipes_communis	3301347	210.0	97	0.46190476190476193	99.25790606999996	41.47422680412371	0.2467477668963608
nonIBD	2585119	Alistipes_dispar	2962376	6.0	2	0.3333333333333333	100.0	42.0	0.0025992649143795387
nonIBD	2592649	Ruminococcus_sp._MCC718	3322567	2.0	2	1.0	100.0	42.0	0.00613983104027699
nonIBD	259315	uncultured_Faecalibacterium_sp.	2673385	48.0	24	0.5	98.33008675671336	36.541666666666664	0.05738043716112718
nonIBD	2595057	Geobacillus_sp._LEMMJ02	3436274	2.0	0	0.0			0.0
nonIBD	2599308	Crassaminicella_thermophila	3083380	2.0	0	0.0			0.0
nonIBD	2605790	Roseburia_porci	2982004	4.0	0	0.0			0.0
nonIBD	2606633	Oliverpabstia_intestinalis	3233390	2.0	0	0.0			0.0
nonIBD	2606638	Bullifex_porci	2420487	2.0	0	0.0			0.0
nonIBD	2606640	Victivallis_lenta	5545070	12.0	10	0.8333333333333334	99.05668686271613	34.1	0.017474982281558214
nonIBD	2610895	Flintibacter_sp._KGMB00164	2917795	10.0	6	0.6	98.1848184818482	38.833333333333336	0.016690685946065438
nonIBD	261299	Intestinibacter_bartlettii	3006269	12.0	2	0.16666666666666666	98.51485148514851	42.0	0.00678581989835241
nonIBD	2650157	Bacteroides_zhangwenhongii	5320612	2.0	0	0.0			0.0
nonIBD	2652274	Eisenbergiella_porci	6105837	4.0	0	0.0			0.0
nonIBD	2652276	Holdemanella_porci	2070150	4.0	0	0.0			0.0
nonIBD	2652292	Hornefia_porci	2814507	2.0	0	0.0			0.0
nonIBD	2652309	Anaerovibrio_slackiae	3015068	2.0	0	0.0			0.0
nonIBD	2663009	Fusobacterium_pseudoperiodonticum	2413057	8.0	4	0.5	97.52105807595686	33.5	0.011230567698981002
nonIBD	2681861	Sporofaciens_musculi	5763728	4.0	0	0.0			0.0
nonIBD	2682456	Veillonella_nakazawae	2097818	4.0	0	0.0			0.0
nonIBD	2691580	Prevotella_sp._Rep29	2730135	4.0	0	0.0			0.0
nonIBD	270498	Christensenella_hongkongensis	3152139	2.0	0	0.0			0.0
nonIBD	2714353	Vescimonas_fastidiosa	2504406	8.0	1	0.125	96.03960396039604	24	0.004072822058404269
nonIBD	2714355	Vescimonas_coprocola	2557760	26.0	16	0.6153846153846154	96.97478191578456	28.1875	0.04089515826348055
nonIBD	2714358	Pusillibacter_faecalis	3407680	26.0	8	0.3076923076923077	99.25982818870122	41.75	0.01640412245281247
nonIBD	2739389	Phocaeicola_faecicola	4547551	12.0	6	0.5	97.70016654443221	34.5	0.012270340673474581
nonIBD	2754	Synergistes_jonesii	2741240	2.0	0	0.0			0.0
nonIBD	2755405	Bacteroides_sp._CACC_737	4634436	4.0	2	0.5	100.0	42.0	0.002826665423796984
nonIBD	2758403	Faecalibacterium_sp._Marseille-Q3530	2909601	22.0	10	0.45454545454545453	99.25791805537764	41.8	0.02075886006363072
nonIBD	2758579	Klebsiella_sp._Kps	5476082	2.0	1	0.5	92.0	3	0.0018443843609354277
nonIBD	2762213	Phocaeicola_faecium	3486467	4.0	2	0.5	99.50495049504951	42.0	0.005851195493891094
nonIBD	2763014	Agathobaculum_sp._M2	2563169	4.0	2	0.5	99.00990099009901	42.0	0.00421353410563252
nonIBD	2763016	Anaerofilum_hominis	3136292	4.0	0	0.0			0.0
nonIBD	2763020	Bacteroides_sp._NSJ-48	4514061	8.0	8	1.0	98.93805142000303	42.0	0.01681412812099792
nonIBD	2763028	Blautia_intestinalis	3481912	2.0	0	0.0			0.0
nonIBD	2763038	Clostridium_sp._BX14	3098902	2.0	0	0.0			0.0
nonIBD	2763042	Dysosmobacter_sp._BX15	3671022	60.0	35	0.5833333333333334	99.222642709294	40.4	0.06870021481756307
nonIBD	2763045	Eubacterium_sp._BX4	2929446	2.0	1	0.5	98.01980198019803	42	0.0034818870189107427
nonIBD	2763047	Flintibacter_sp._BX5	2849896	6.0	3	0.5	95.7095709570957	29.0	0.007649401943088449
nonIBD	2763048	Flintibacter_sp._NSJ-23	2728146	4.0	2	0.5	97.52475247524752	11.0	0.003995387343639233
nonIBD	2763051	Lachnospira_sp._NSJ-43	2936761	42.0	26	0.6190476190476191	99.29008950006073	41.07692307692308	0.060372635022053214
nonIBD	2763054	Mediterraneibacter_sp._NSJ-55	3598112	24.0	13	0.5416666666666666	96.27259177646111	29.076923076923077	0.02201154383187627
nonIBD	2763061	Roseburia_lenta	2558168	6.0	4	0.6666666666666666	100.0	40.0	0.015636189648217006
nonIBD	2763062	Roseburia_sp._NSJ-69	3959994	2.0	2	1.0	100.0	42.0	0.0033838435108740064
nonIBD	2763064	Roseburia_sp._BX1005	3504022	40.0	22	0.55	98.30206442012746	38.72727272727273	0.04543350469831525
nonIBD	2763069	Ruminococcus_sp._M6-2020-	3705135	4.0	0	0.0			0.0
nonIBD	2763656	Guopingia_tenuis	2203091	8.0	4	0.5	97.38550922761449	40.5	0.007035569570208402
nonIBD	2763657	Congzhengia_minquanensis	2802181	2.0	0	0.0			0.0
nonIBD	2763658	Ligaoa_zhengdingensis	2951177	4.0	0	0.0			0.0
nonIBD	2763660	Feifania_hominis	2356956	4.0	0	0.0			0.0
nonIBD	2763661	Bianquea_renquensis	3939669	4.0	0	0.0			0.0
nonIBD	2763663	Enterocloster_hominis	2775296	4.0	2	0.5	100.0	42.0	0.004756249423484918
nonIBD	2763664	Jutongia_hominis	2741145	4.0	0	0.0			0.0
nonIBD	2763666	Zhenhengia_yiwuensis	3949687	30.0	14	0.4666666666666667	98.23196605374822	38.857142857142854	0.02000158493571769
nonIBD	2763669	Qiania_dongpingensis	3084832	2.0	0	0.0			0.0
nonIBD	2763675	Jilunia_laotingensis	4738048	6.0	0	0.0			0.0
nonIBD	2763678	Youxingia_wuxianensis	2660737	2.0	0	0.0			0.0
nonIBD	2764322	Hydrogeniiclostridium_mannosilyticum	3014016	8.0	4	0.5	98.94492574257426	41.5	0.007000626406760946
nonIBD	2766595	Alloprevotella_sp._Lung230	2486202	4.0	0	0.0			0.0
nonIBD	2771369	Alicyclobacillaceae_bacterium_TP075	4090762	2.0	0	0.0			0.0
nonIBD	2773458	Anaerovorax_sp._IOR16	3379226	2.0	0	0.0			0.0
nonIBD	2779351	Sellimonas_monacensis	3008920	2.0	0	0.0			0.0
nonIBD	2779355	Ructibacterium_gallinarum	3008341	4.0	0	0.0			0.0
nonIBD	2779358	Gallalistipes_aquisgranensis	2988498	12.0	0	0.0			0.0
nonIBD	2785025	Anaeromicropila_herbilytica	5089009	2.0	0	0.0			0.0
nonIBD	2786956	Phocaeicola_faecalis	4318148	6.0	2	0.3333333333333333	95.58823529411765	23.5	0.00275581105603606
nonIBD	2787103	Clostridium_sp._1001270J_160509_D11	2978124	84.0	46	0.5476190476190477	98.86966676466817	40.608695652173914	0.08663171849123812
nonIBD	2787128	Alistipes_sp._D31t1_170403_E11	3754900	22.0	6	0.2727272727272727	95.36623560315216	23.166666666666668	0.011984340461796585
nonIBD	2787132	Anaeromassilibacillus_sp._1001302B_160321_C8	3007086	4.0	0	0.0			0.0
nonIBD	2796143	Alicyclobacillus_sp._ALC3	5073212	4.0	0	0.0			0.0
nonIBD	28026	Bifidobacterium_pseudocatenulatum	2313752	10.0	4	0.4	97.77227722772278	33.0	0.013398151573720951
nonIBD	28037	Streptococcus_mitis	1906344	6.0	4	0.6666666666666666	96.2871287128713	32.0	0.015107451750575972
nonIBD	2803863	Clostridium_paridis	4080554	2.0	0	0.0			0.0
nonIBD	28051	Lachnospira_multipara	2871860	2.0	0	0.0			0.0
nonIBD	28052	Lachnospira_pectinoschiza	2704308	44.0	0	0.0			0.0
nonIBD	28111	Bacteroides_eggerthii	4206509	70.0	6	0.08571428571428572	97.35808580858087	18.333333333333332	0.013265156451584912
nonIBD	28112	Tannerella_forsythia	3405521	2.0	0	0.0			0.0
nonIBD	28113	Bacteroides_heparinolyticus	3608975	12.0	0	0.0			0.0
nonIBD	28116	Bacteroides_ovatus	6472489	526.0	102	0.19391634980988592	98.64177284501031	32.509803921568626	0.12588665658605214
nonIBD	28117	Alistipes_putredinis	2550678	688.0	270	0.39244186046511625	99.03153159304487	39.6037037037037	0.7977878822807113
nonIBD	28118	Odoribacter_splanchnicus	4392177	80.0	39	0.4875	99.25652687760983	34.94871794871795	0.06771129669865308
nonIBD	28119	Bacteroides_zoogleoformans	3361794	2.0	0	0.0			0.0
nonIBD	28123	Porphyromonas_asaccharolytica	2186370	10.0	6	0.6	94.99202729261691	23.833333333333332	0.021085177714659457
nonIBD	28125	Prevotella_bivia	2521238	18.0	2	0.1111111111111111	98.83720930232558	42.0	0.0034506857345478685
nonIBD	28127	Hoylesella_buccalis	3307707	10.0	2	0.2	99.0	42.0	0.004051144796077767
nonIBD	28128	Prevotella_corporis	2800206	4.0	2	0.5	100.0	42.0	0.004713938903066418
nonIBD	28130	Prevotella_disiens	3051352	12.0	6	0.5	99.66996699669967	42.0	0.017434894433680546
nonIBD	28131	Prevotella_intermedia	2674170	22.0	0	0.0			0.0
nonIBD	28133	Prevotella_nigrescens	2887107	2.0	0	0.0			0.0
nonIBD	2815577	Alkalibacter_rhizosphaerae	2449552	2.0	0	0.0			0.0
nonIBD	2816908	Sedimentibacter_sp._zth1	3133930	2.0	0	0.0			0.0
nonIBD	2817017	Faecalibacterium_sp._Marseille-P9590	2907134	14.0	8	0.5714285714285714	98.51485148514851	35.375	0.016098329144786584
nonIBD	2817018	Faecalibacterium_sp._Marseille-Q4896	2884496	14.0	6	0.42857142857142855	100.0	42.0	0.010816447656713685
nonIBD	2817019	Faecalibacterium_sp._Marseille-Q0746	2860703	2.0	2	1.0	100.0	42.0	0.007131114275057565
nonIBD	2817021	Faecalibacterium_sp._Marseille-Q4137	3284209	2.0	2	1.0	100.0	42.0	0.004293271226039512
nonIBD	2817862	Proteiniclasticum_aestuarii	3184189	2.0	0	0.0			0.0
nonIBD	281920	Porphyromonas_uenonis	2254407	8.0	2	0.25	93.56435643564356	13.0	0.00541162265731077
nonIBD	2823317	Phascolarctobacterium_sp._Marseille-Q4147	2385942	10.0	3	0.3	94.36963696369635	23.0	0.009891271455886187
nonIBD	282402	Prevotella_multiformis	3025491	2.0	0	0.0			0.0
nonIBD	28251	Ornithobacterium_rhinotracheale	2399175	2.0	0	0.0			0.0
nonIBD	2829812	Proteiniphilum_propionicum	3906720	2.0	0	0.0			0.0
nonIBD	2833580	Lederbergia_citri	4823521	2.0	0	0.0			0.0
nonIBD	2834113	Alistipes_montrealensis	3484450	2.0	0	0.0			0.0
nonIBD	283786	Bizionia_paragorgiae	3143625	2.0	0	0.0			0.0
nonIBD	2838470	Candidatus_Bacteroides_intestinigallinarum	7220215	4.0	0	0.0			0.0
nonIBD	2841504	Dysosmobacter_acutus	3161374	4.0	0	0.0			0.0
nonIBD	2841507	Alkaliphilus_flagellatus	3599251	2.0	0	0.0			0.0
nonIBD	2841513	Eubacterium_sp._MSJ-13	2367872	6.0	1	0.16666666666666666	94.05940594059405	23	0.004307665279204281
nonIBD	2841515	Falcatimonas_sp._MSJ-15	3671430	2.0	2	1.0	100.0	42.0	0.004821009797272452
nonIBD	2841516	Lachnoclostridium_sp._MSJ-17	2039394	4.0	0	0.0			0.0
nonIBD	2841521	Anaerotignum_sp._MSJ-24	2292124	10.0	4	0.4	95.86520376175548	28.0	0.007722095314215112
nonIBD	2841526	Oscillibacter_sp._MSJ-31	2703736	22.0	10	0.45454545454545453	96.52917736218066	29.0	0.028553083585083752
nonIBD	2841528	Eubacterium_sp._MSJ-33	2908239	6.0	2	0.3333333333333333	97.02970297029702	33.0	0.007014554168347237
nonIBD	2841530	Blautia_sp._MSJ-36	3681209	4.0	0	0.0			0.0
nonIBD	2841531	Pseudoflavonifractor_sp._MSJ-37	2579358	2.0	0	0.0			0.0
nonIBD	2841532	Intestinimonas_sp._MSJ-38	3060516	4.0	0	0.0			0.0
nonIBD	2841533	Kineothrix_sp._MSJ-39	2991170	4.0	0	0.0			0.0
nonIBD	2841536	Ruminococcus_sp._MSJ-25	1878734	2.0	2	1.0	100.0	42.0	0.008835737257110374
nonIBD	2847299	Bacteroides_sp._DH3716P	6640706	4.0	1	0.25	95.0	23	0.0015209226247932073
nonIBD	2849180	Parabacteroides_sp._MSK.9.14	5060818	4.0	2	0.5	99.00990099009901	42.0	0.0024106774833633614
nonIBD	2854755	Prevotella_lacticifex	4192550	40.0	18	0.45	99.11881188118812	41.888888888888886	0.03463286066952093
nonIBD	2854784	Acidovorax_sp._sic0104	5821448	2.0	0	0.0			0.0
nonIBD	287	Pseudomonas_aeruginosa	6264404	4.0	0	0.0			0.0
nonIBD	2881265	Faecalibacterium_sp._CLA-AA-H223	2808211	4.0	4	1.0	98.26732673267327	41.5	0.014528822798571761
nonIBD	2881276	Fusicatenibacter_sp._CLA-AA-H277	3901120	24.0	10	0.4166666666666667	97.3296447291788	36.0	0.017302723320482324
nonIBD	2883214	Lacrimispora_sp._210928-DFI.3.58	4706493	4.0	2	0.5	100.0	42.0	0.0029533667637453194
nonIBD	2885264	Blautia_sp._DFI.1.216	4167967	2.0	2	1.0	100.0	42.0	0.004390629772260673
nonIBD	2886688	Sphingobacterium_sp._FBM7-1	3572354	2.0	0	0.0			0.0
nonIBD	28901	Salmonella_enterica	4951383	12.0	0	0.0			0.0
nonIBD	2896850	Phocaeicola_oris	2975682	10.0	4	0.4	97.41013290518241	33.5	0.005242495669900211
nonIBD	2897707	Merdimmobilis_hominis	2580742	18.0	0	0.0			0.0
nonIBD	2897708	Mediterraneibacter_sp._NSJ-151	3431392	6.0	0	0.0			0.0
nonIBD	2897778	Lientehia_hominis	3049388	2.0	0	0.0			0.0
nonIBD	290052	Acetivibrio_ethanolgignens	3660245	10.0	1	0.1	96.03960396039604	6	0.002786698704594911
nonIBD	290053	Bacteroides_helcogenes	3998906	4.0	0	0.0			0.0
nonIBD	290054	Eubacterium_coprostanoligenes	1823434	4.0	0	0.0			0.0
nonIBD	290055	Faecalicatena_fissicatena	3118757	10.0	0	0.0			0.0
nonIBD	2903098	Flavobacterium_soyae	5360377	2.0	0	0.0			0.0
nonIBD	2903556	Faecalibacterium_gallinarum	2813415	10.0	3	0.3	96.06225328415195	23.0	0.010912005516427545
nonIBD	2914163	Lawsonibacter_sp._OA9	3000443	8.0	4	0.5	99.49474328876187	42.0	0.006399055072867573
nonIBD	291644	Bacteroides_salyersiae	5561372	52.0	13	0.25	98.50907167852623	41.53846153846154	0.016884322789412397
nonIBD	291645	Bacteroides_nordii	5678582	18.0	2	0.1111111111111111	98.51485148514851	41.0	0.0035924461423644145
nonIBD	2918199	Corynebacterium_sp._ACRPH	2341876	4.0	2	0.5	100.0	42.0	0.004398183336777865
nonIBD	2923362	Bombilactobacillus_folatiphilus	1637944	2.0	0	0.0			0.0
nonIBD	2925782	Tepidibacter_sp._8C15b	3666533	6.0	0	0.0			0.0
nonIBD	292800	Flavonifractor_plautii	3985392	162.0	41	0.25308641975308643	99.0166104256895	39.926829268292686	0.07527490394922257
nonIBD	2929489	Faecalibacterium_sp._IP-3-29	3002063	12.0	7	0.5833333333333334	98.72701555869874	36.285714285714285	0.01885370160452995
nonIBD	2929490	Faecalibacterium_sp._I2-3-92	2963404	2.0	2	1.0	99.00990099009901	42.0	0.006883975320273577
nonIBD	2929491	Faecalibacterium_sp._HTF-F	2919330	224.0	121	0.5401785714285714	98.36753407834476	39.47933884297521	0.26536910866534447
nonIBD	2929493	Faecalibacterium_sp._I3-3-89	2816187	8.0	4	0.5	95.54058336734295	28.0	0.00969395853329342
nonIBD	2929494	Faecalibacterium_sp._I4-1-79	3227950	2.0	2	1.0	97.52475247524752	41.0	0.003872426772409734
nonIBD	2929495	Faecalibacterium_sp._I4-3-84	3119411	10.0	6	0.6	98.40192439202339	27.666666666666668	0.013592309573826598
nonIBD	2931401	Cuneatibacter_sp._NSJ-177	4284754	4.0	0	0.0			0.0
nonIBD	29347	-Clostridium-_scindens	3658040	4.0	0	0.0			0.0
nonIBD	29348	Thomasclavelia_spiroformis	2528470	14.0	4	0.2857142857142857	100.0	42.0	0.006921181584120041
nonIBD	2935520	Faecalibacterium_hattorii	2790636	22.0	16	0.7272727272727273	97.42840062791564	34.9375	0.03135485960906403
nonIBD	2937417	Bacteroides_muris_-ex_Fokt_et_al._2023-	4249514	4.0	0	0.0			0.0
nonIBD	2939421	Bacteroides_sp._ET71	3628556	2.0	0	0.0			0.0
nonIBD	2941233	Acetatifactor_aquisgranensis	5880648	2.0	0	0.0			0.0
nonIBD	2941326	Alistipes_muris	1949043	6.0	0	0.0			0.0
nonIBD	2941510	Pumilibacter_muris	2293417	4.0	0	0.0			0.0
nonIBD	2941511	Pumilibacter_intestinalis	2344908	2.0	0	0.0			0.0
nonIBD	2941517	Hominisplanchenecus_murintestinalis	3320873	2.0	0	0.0			0.0
nonIBD	29466	Veillonella_parvula	2132142	16.0	8	0.5	96.45774562226251	31.875	0.02973535533749628
nonIBD	2949650	Parabacteroides_sp._W1-Q-101	7293727	4.0	2	0.5	99.00495049504951	42.0	0.0014121724051366332
nonIBD	2949745	Dorea_sp._MB18-49	3009721	2.0	2	1.0	99.50495049504951	42.0	0.005947395123999866
nonIBD	2951805	Parabacteroides_sp._AD58	3770817	2.0	0	0.0			0.0
nonIBD	2963704	Flavonifractor_sp._DFI.6.63	3639294	2.0	2	1.0	99.50495049504951	42.0	0.004149156402313196
nonIBD	2965272	Bacteroides_sp._SL.2.06	5754745	10.0	4	0.4	97.33333333333334	32.5	0.004257356320740537
nonIBD	2965279	Clostridium_sp._DFI.5.61	3736670	2.0	2	1.0	98.98948657752373	42.0	0.003933984001798393
nonIBD	2972459	Bacteroides_sp._ET336	3919301	4.0	0	0.0			0.0
nonIBD	2972461	Bacteroides_sp._ET225	3743539	4.0	4	1.0	99.75247524752476	42.0	0.010711789031715711
nonIBD	2972765	Bacteroides_sp._BFG-638	6742890	4.0	2	0.5	99.00980392156863	1.0	0.0030254089863545157
nonIBD	2981722	Porcipelethomonas_ammoniilytica	2657141	2.0	0	0.0			0.0
nonIBD	2981724	Alitiscatomonas_aceti	3399574	20.0	12	0.6	98.45255708613688	38.833333333333336	0.023473529330439637
nonIBD	2981769	Brotolimicola_acetigignens	4097696	26.0	20	0.7692307692307693	99.85148514851485	42.0	0.04370748830562345
nonIBD	2981770	Gallintestinimicrobium_propionicum	3795992	2.0	2	1.0	99.50495049504951	24.0	0.005295058577573398
nonIBD	2981780	Bacteroides_cellulolyticus	3614006	4.0	1	0.25	90.0990099009901	2	0.0028223528129173
nonIBD	2981786	Coprococcus_aceti	3235561	2.0	0	0.0			0.0
nonIBD	2994035	Sellimonas_catena	3677942	6.0	0	0.0			0.0
nonIBD	2997294	Gemmiger_qucibialis	3494751	16.0	7	0.4375	98.58346175768963	35.857142857142854	0.01645324659754014
nonIBD	2997947	Coprococcus_sp._AF51-11b1	3335027	2.0	2	1.0	95.54455445544554	23.5	0.004677623299601472
nonIBD	301301	Roseburia_hominis	3592125	92.0	36	0.391304347826087	98.96632646521881	38.166666666666664	0.07310436023245294
nonIBD	301302	Roseburia_faecis	3385415	520.0	145	0.27884615384615385	98.24396963785006	34.351724137931036	0.3328100099987742
nonIBD	3031725	Faecalibacterium_sp._DFI.5.82	3480573	8.0	6	0.75	99.17491749174917	42.0	0.012469211247688239
nonIBD	3031819	Robertmurraya_sp._DFI.2.37	5416197	28.0	14	0.5	99.2211159284516	39.357142857142854	0.008936159449148544
nonIBD	3034143	Paraflavitalea_sp._H1-2-19X	8760788	2.0	0	0.0			0.0
nonIBD	3035284	Prevotella_sp._B2-R-102	3414194	12.0	1	0.08333333333333333	95.04950495049505	23	0.002987527949495547
nonIBD	3036126	Tepidibacter_sp._SWIR-1	4161809	2.0	0	0.0			0.0
nonIBD	3038145	Palleniella_muris	3580472	6.0	0	0.0			0.0
nonIBD	310297	Phocaeicola_plebeius	4421924	2896.0	1089	0.37603591160220995	97.77156569725585	36.10560146923783	1.7884522664794782
nonIBD	310298	Phocaeicola_coprocola	3924966	78.0	12	0.15384615384615385	97.97037461631925	26.166666666666668	0.021681716478563127
nonIBD	310300	Bacteroides_pyogenes	3397546	12.0	0	0.0			0.0
nonIBD	328812	Parabacteroides_goldsteinii	7053599	158.0	60	0.379746835443038	98.17438338732413	35.13333333333333	0.0704179525941296
nonIBD	328813	Alistipes_onderdonkii	3507492	46.0	4	0.08695652173913043	96.53465346534654	29.0	0.008125464006760386
nonIBD	328814	Alistipes_shahii	3809618	110.0	27	0.24545454545454545	98.79330052519725	34.22222222222222	0.05667234877617651
nonIBD	329854	Bacteroides_intestinalis	6052596	114.0	45	0.39473684210526316	97.74004426083633	35.355555555555554	0.062353410007871
nonIBD	33025	Phascolarctobacterium_faecium	2454371	392.0	191	0.4872448979591837	99.13081261623199	40.89528795811518	0.6209737647649846
nonIBD	33035	Blautia_producta	6197116	8.0	0	0.0			0.0
nonIBD	33038	-Ruminococcus-_gnavus	3549191	58.0	4	0.06896551724137931	98.88888888888889	42.0	0.0055505606770669715
nonIBD	33039	-Ruminococcus-_torques	2979783	100.0	0	0.0			0.0
nonIBD	33043	Coprococcus_eutactus	3112919	12.0	0	0.0			0.0
nonIBD	338188	Bacteroides_finegoldii	4892401	58.0	5	0.08620689655172414	97.031221762953	28.0	0.006152398382716379
nonIBD	338193	Clostridium_aestuarii	3582181	2.0	0	0.0			0.0
nonIBD	33945	Enterococcus_avium	4537641	2.0	0	0.0			0.0
nonIBD	341225	Thomasclavelia_saccharogumia	3143441	24.0	8	0.3333333333333333	99.1053792879288	39.75	0.0202326049701585
nonIBD	342949	Pyrococcus_sp._NA2	1861320	2.0	0	0.0			0.0
nonIBD	350893	Flavobacterium_daejeonense	4244138	2.0	0	0.0			0.0
nonIBD	351091	Oscillibacter_valericigenes	2493294	106.0	0	0.0			0.0
nonIBD	357276	Phocaeicola_dorei	5625488	882.0	242	0.2743764172335601	98.46376673424288	37.421487603305785	0.31309283745694594
nonIBD	35833	Bilophila_wadsworthia	4461530	110.0	40	0.36363636363636365	97.23859288063204	34.9	0.062444946016276925
nonIBD	358743	Enterocloster_citroniae	6184194	8.0	0	0.0			0.0
nonIBD	360807	Roseburia_inulinivorans	4227688	332.0	86	0.25903614457831325	97.82922178341553	33.68604651162791	0.1493251157606711
nonIBD	363265	Prevotella_stercorea	3097322	50.0	2	0.04	95.54455445544555	4.5	0.006554048949382725
nonIBD	367791	Flammeovirga_yaeyamensis	7433553	2.0	0	0.0			0.0
nonIBD	371601	Bacteroides_xylanisolvens	6558523	262.0	76	0.2900763358778626	98.66255141782528	31.092105263157894	0.08541557298800355
nonIBD	376804	Phocaeicola_barnesiae	3619906	18.0	3	0.16666666666666666	98.01980198019801	35.666666666666664	0.005746005559260379
nonIBD	376805	Phocaeicola_salanitronis	4308663	6.0	0	0.0			0.0
nonIBD	376806	Bacteroides_gallinarum	4917576	2.0	0	0.0			0.0
nonIBD	38027	Methanosarcina_siciliae	5017558	2.0	0	0.0			0.0
nonIBD	387090	Phocaeicola_coprophilus	4113613	32.0	6	0.1875	98.84488448844884	38.666666666666664	0.011498407847310868
nonIBD	387661	Parabacteroides_johnsonii	4749455	38.0	3	0.07894736842105263	96.36963696369638	28.333333333333332	0.006084908689523325
nonIBD	388280	Cyclobacterium_lianum	5675162	2.0	0	0.0			0.0
nonIBD	390641	Wenxinia_marina	4174507	2.0	0	0.0			0.0
nonIBD	393921	Porphyromonas_crevioricanis	2133352	10.0	0	0.0			0.0
nonIBD	39480	Andreesenia_angusta	2343503	4.0	0	0.0			0.0
nonIBD	39485	Lachnospira_eligens	2831389	32.0	6	0.1875	96.85478547854785	32.666666666666664	0.012220150604526614
nonIBD	39486	Dorea_formicigenerans	3188304	50.0	12	0.24	96.26528097115091	32.333333333333336	0.02587582614455836
nonIBD	39488	Anaerobutyricum_hallii	3455681	24.0	4	0.16666666666666666	99.50495049504951	36.75	0.011401515359780026
nonIBD	39490	Eubacterium_ramulus	3378009	26.0	10	0.38461538461538464	99.57407171292164	42.0	0.021876791920921467
nonIBD	39491	-Eubacterium-_rectale	3451485	2108.0	671	0.3183111954459203	98.22621192556346	37.40238450074516	1.2993827294628253
nonIBD	39496	Eubacterium_ventriosum	2761423	426.0	194	0.45539906103286387	99.0823613580835	41.154639175257735	0.49286183246826004
nonIBD	39777	Veillonella_atypica	2071607	8.0	0	0.0			0.0
nonIBD	39778	Veillonella_dispar	2116915	2.0	0	0.0			0.0
nonIBD	397865	Barnesiella_viscericola	3076856	8.0	0	0.0			0.0
nonIBD	40518	Ruminococcus_bromii	2085998	36.0	14	0.3888888888888889	97.1738913387137	32.5	0.06332700223106638
nonIBD	40519	Ruminococcus_callidus	3228728	34.0	11	0.3235294117647059	97.97670034383118	31.09090909090909	0.020503430453107232
nonIBD	40520	Blautia_obeum	3649956	64.0	0	0.0			0.0
nonIBD	40543	Sneathia_sanguinegens	1305941	4.0	2	0.5	95.51980198019803	23.5	0.008959057109011816
nonIBD	40545	Sutterella_wadsworthensis	3026517	288.0	137	0.4756944444444444	97.82749555037095	34.13138686131387	0.38113118148683783
nonIBD	407975	Hoylesella_pleuritidis	2399924	4.0	0	0.0			0.0
nonIBD	410072	Coprococcus_comes	3373066	42.0	0	0.0			0.0
nonIBD	411483	Faecalibacterium_duncaniae	3102523	86.0	54	0.627906976744186	98.91342674338136	36.01851851851852	0.12099829719231735
nonIBD	411486	Clostridium_sp._M62-1	3842594	6.0	4	0.6666666666666666	97.02970297029702	1.5	0.007104575711095162
nonIBD	411489	Clostridium_sp._L2-50	2954616	8.0	4	0.5	97.52475247524752	21.0	0.010898201322946874
nonIBD	418240	Blautia_wexlerae	4685728	28.0	6	0.21428571428571427	96.6996699669967	6.833333333333333	0.009454240621734765
nonIBD	419005	Prevotella_amnii	2415558	2.0	0	0.0			0.0
nonIBD	428988	Flavobacterium_lindanitolerans	3722747	2.0	0	0.0			0.0
nonIBD	43654	Pseudoalteromonas_aurantia	5602374	2.0	0	0.0			0.0
nonIBD	437897	Megamonas_funiformis	2568766	8.0	0	0.0			0.0
nonIBD	437898	Sutterella_parvirubra	2376899	12.0	0	0.0			0.0
nonIBD	446660	Adlercreutzia_equolifaciens	2862526	4.0	2	0.5	94.55445544554455	23.0	0.006532691755463531
nonIBD	45254	Dysgonomonas_capnocytophagoides	4784336	2.0	0	0.0			0.0
nonIBD	454154	Paraprevotella_clara	4233768	644.0	260	0.40372670807453415	98.18437220766839	38.01538461538462	0.5100184988879882
nonIBD	454155	Paraprevotella_xylaniphila	4125322	56.0	26	0.4642857142857143	97.40315117733243	33.23076923076923	0.05529265351892531
nonIBD	457387	Bacteroides_sp._1_1_30	6480532	6.0	4	0.6666666666666666	95.29702970297029	23.75	0.004860712052652467
nonIBD	457389	Bacteroides_sp._3_1_13	6302216	4.0	2	0.5	99.48979591836735	3.5	0.003189354347740541
nonIBD	457390	Bacteroides_sp._3_1_23	6520178	8.0	5	0.625	97.62376237623762	30.0	0.006502889951777391
nonIBD	457392	Bacteroides_sp._3_2_5	5116282	2.0	0	0.0			0.0
nonIBD	457416	Veillonella_sp._3_1_44	2163458	4.0	2	0.5	100.0	42.0	0.009429348755557076
nonIBD	45851	Butyrivibrio_crossotus	2521323	32.0	18	0.5625	99.77997799779979	37.05555555555556	0.053424333177462785
nonIBD	460384	Enterocloster_lavalensis	6495707	8.0	4	0.5	100.0	42.0	0.002078295711305944
nonIBD	46228	-Ruminococcus-_lactaris	2733858	184.0	87	0.47282608695652173	99.29890383233143	39.724137931034484	0.22605416960207883
nonIBD	46503	Parabacteroides_merdae	4403124	314.0	102	0.3248407643312102	98.90915290401512	34.90196078431372	0.1894791061982356
nonIBD	46506	Bacteroides_stercoris	4009829	3412.0	1354	0.39683470105509966	98.69738756816419	39.02067946824224	2.5235988866358143
nonIBD	469585	Bacteroides_sp._1_1_14	6446424	16.0	14	0.875	100.0	38.5	0.019592257660991583
nonIBD	469588	Bacteroides_sp._2_1_22	6003748	16.0	12	0.75	98.92641049819268	38.916666666666664	0.014107853960559302
nonIBD	469590	Bacteroides_sp._2_2_4	7101224	38.0	26	0.6842105263157895	99.58447202186282	40.19230769230769	0.02461547474069259
nonIBD	469591	Parabacteroides_sp._20_3	5094618	10.0	3	0.3	94.05940594059405	16.333333333333332	0.004023854192797183
nonIBD	471825	Haloplasma_contractile	3404505	2.0	0	0.0			0.0
nonIBD	472963	Anaerobacillus_alkalidiazotrophicus	4609363	2.0	0	0.0			0.0
nonIBD	474960	Hydrogenoanaerobacterium_saccharovorans	3176247	44.0	0	0.0			0.0
nonIBD	47500	Aneurinibacillus_migulanus	6348994	2.0	1	0.5	96.03960396039604	1	0.0016065537311895396
nonIBD	47678	Bacteroides_caccae	5499725	274.0	95	0.3467153284671533	99.2335890641333	39.16842105263158	0.14518907763569996
nonIBD	47715	Lacticaseibacillus_rhamnosus	2988387	8.0	0	0.0			0.0
nonIBD	477666	Bacteroides_graminisolvens	3773938	2.0	0	0.0			0.0
nonIBD	47770	Lactobacillus_crispatus	2039404	2.0	0	0.0			0.0
nonIBD	487174	Barnesiella_intestinihominis	3443906	278.0	118	0.4244604316546763	97.88861127073753	36.101694915254235	0.28197633733324895
nonIBD	487175	Parasutterella_excrementihominis	2831696	6.0	2	0.3333333333333333	97.4947494749475	41.0	0.005473751419643917
nonIBD	51201	Streptomyces_griseocarneus	7375626	6.0	0	0.0			0.0
nonIBD	516123	Sporosalibacterium_faouarense	4119796	2.0	0	0.0			0.0
nonIBD	516703	Pontibacillus_litoralis	3204236	8.0	4	0.5	95.40143080859512	19.25	0.00758371106248104
nonIBD	520	Bordetella_pertussis	4088701	4.0	0	0.0			0.0
nonIBD	520762	Thermotalea_metallivorans	3094505	4.0	2	0.5	95.04950495049505	23.0	0.0032961652994582336
nonIBD	53422	Thermobrachium_celere	2644756	2.0	0	0.0			0.0
nonIBD	53442	Eubacterium_callanderi	4316707	8.0	0	0.0			0.0
nonIBD	536633	Blautia_glucerasea	2895849	8.0	0	0.0			0.0
nonIBD	539206	Pedobacter_xinjiangensis	5509061	2.0	0	0.0			0.0
nonIBD	544644	Butyricimonas_synergistica	4770838	32.0	0	0.0			0.0
nonIBD	544645	Butyricimonas_virosa	4813254	32.0	6	0.1875	96.84818481848185	29.666666666666668	0.008061074690843243
nonIBD	549	Pantoea_agglomerans	4692018	2.0	0	0.0			0.0
nonIBD	556259	Bacteroides_sp._D2	6920457	6.0	3	0.5	98.34983498349834	28.666666666666668	0.00439277348302287
nonIBD	562	Escherichia_coli	5594605	222.0	104	0.46846846846846846	98.29264604588015	35.06730769230769	0.14771373492856063
nonIBD	563193	Parabacteroides_sp._D13	5370710	22.0	12	0.5454545454545454	98.53624251314021	38.833333333333336	0.017763014573492147
nonIBD	572010	Slackia_isoflavoniconvertens	2318650	2.0	0	0.0			0.0
nonIBD	573	Klebsiella_pneumoniae	5682322	2.0	0	0.0			0.0
nonIBD	574930	Parabacteroides_gordonii	6867216	2.0	0	0.0			0.0
nonIBD	57732	Enterococcus_asini	2572706	2.0	0	0.0			0.0
nonIBD	585543	Bacteroides_sp._D20	4487454	14.0	11	0.7857142857142857	99.72907290729073	42.0	0.019075404449828342
nonIBD	585544	Bacteroides_sp._D22	6344045	4.0	2	0.5	99.50495049504951	42.0	0.0018442492132385566
nonIBD	592978	Mediterraneibacter_faecis	3288691	30.0	3	0.1	95.83493514186584	29.666666666666668	0.006841627869568773
nonIBD	59620	uncultured_Clostridium_sp.	3849243	168.0	0	0.0			0.0
nonIBD	61171	Holdemania_filiformis	3744856	14.0	4	0.2857142857142857	96.39407554885925	29.0	0.009426263653395484
nonIBD	621	Shigella_boydii	4825405	2.0	2	1.0	98.51485148514851	41.0	0.004227624417017846
nonIBD	624	Shigella_sonnei	4994001	40.0	32	0.8	98.97200035725223	40.21875	0.0550660682687088
nonIBD	626929	Bacteroides_clarus	3897457	76.0	0	0.0			0.0
nonIBD	626930	Bacteroides_fluxus	4330716	12.0	0	0.0			0.0
nonIBD	626932	Alistipes_indistinctus	2857445	14.0	4	0.2857142857142857	98.86144960649912	42.0	0.009868956357865156
nonIBD	626933	Odoribacter_laneus	3773011	22.0	8	0.36363636363636365	99.50495049504951	42.0	0.019851519118285102
nonIBD	626935	Collinsella_tanakaei	2492085	22.0	4	0.18181818181818182	99.50495049504951	42.0	0.010874428440442441
nonIBD	626940	Phascolarctobacterium_succinatutens	2345971	76.0	18	0.23684210526315788	96.84644345299697	33.166666666666664	0.06462142967666692
nonIBD	626947	Parasutterella_secunda	1880404	2.0	0	0.0			0.0
nonIBD	645887	Alkalibaculum_bacchi	3098941	2.0	0	0.0			0.0
nonIBD	649756	Anaerostipes_hadrus	2946270	76.0	11	0.14473684210526316	98.49758926458209	38.54545454545455	0.023962501739487555
nonIBD	652721	Prevotella_sp._oral_taxon_317	4099098	10.0	0	0.0			0.0
nonIBD	655355	Sunxiuqinia_elliptica	5094324	2.0	0	0.0			0.0
nonIBD	65555	Desulfocapsa_sulfexigens	4023512	2.0	0	0.0			0.0
nonIBD	670	Vibrio_parahaemolyticus	5165770	66.0	0	0.0			0.0
nonIBD	671228	Veillonella_sp._oral_taxon_158	1978772	4.0	2	0.5	93.59833042127741	13.0	0.005508466867329839
nonIBD	671267	Phocaeicola_sartorii	5630518	56.0	18	0.32142857142857145	95.45151053566894	24.5	0.024669133461610458
nonIBD	672	Vibrio_vulnificus	5007160	2.0	0	0.0			0.0
nonIBD	673271	Catenibacillus_scindens	3872981	2.0	0	0.0			0.0
nonIBD	674529	Bacteroides_faecis	6352228	52.0	6	0.11538461538461539	99.66996699669967	42.0	0.00831204421503762
nonIBD	681398	Paludibacter_jiangxiensis	3664884	2.0	0	0.0			0.0
nonIBD	691816	Bacteroides_rodentium	4268282	16.0	0	0.0			0.0
nonIBD	700500	Catenisphaera_adipataccumulans	1998595	2.0	0	0.0			0.0
nonIBD	706562	Lactobacillus_rogosae	2817405	2.0	0	0.0			0.0
nonIBD	712414	Oribacterium_sp._oral_taxon_108	2518361	2.0	0	0.0			0.0
nonIBD	712710	Tannerella_serpentiformis	2973544	2.0	0	0.0			0.0
nonIBD	712888	Actinobaculum_sp._oral_taxon_183	2366015	4.0	2	0.5	100.0	42.0	0.007945849878382006
nonIBD	729	Haemophilus_parainfluenzae	2141704	4.0	0	0.0			0.0
nonIBD	732242	Phocaeicola_paurosaccharolyticus	2903850	4.0	0	0.0			0.0
nonIBD	74426	Collinsella_aerofaciens	2455328	10.0	0	0.0			0.0
nonIBD	745368	Gemmiger_formicilis	3241569	74.0	10	0.13513513513513514	97.13370755283903	25.8	0.02184127501219317
nonIBD	747377	Clostridium_sp._DMHC_10	3988828	2.0	0	0.0			0.0
nonIBD	747656	Streptococcus_danieliae	1698092	2.0	0	0.0			0.0
nonIBD	76517	Campylobacter_hominis	1714951	4.0	2	0.5	98.50990099009901	42.0	0.011837072895960293
nonIBD	765821	uncultured_Blautia_sp.	3060889	18.0	0	0.0			0.0
nonIBD	77095	Prevotella_bryantii	3465067	4.0	0	0.0			0.0
nonIBD	78343	Bifidobacterium_boum	2171356	2.0	2	1.0	96.51980198019803	32.0	0.00488174210032809
nonIBD	78345	Bifidobacterium_merycicum	2274683	2.0	0	0.0			0.0
nonIBD	813	Chlamydia_trachomatis	1042519	26.0	0	0.0			0.0
nonIBD	817	Bacteroides_fragilis	5241700	1232.0	370	0.3003246753246753	99.07113312166402	39.92162162162162	0.5904191388290059
nonIBD	818	Bacteroides_thetaiotaomicron	6304193	664.0	187	0.2816265060240964	98.29928067727108	35.00534759358289	0.2250565615614877
nonIBD	820	Bacteroides_uniformis	4709701	638.0	138	0.21630094043887146	98.35567298027779	37.72463768115942	0.23402759538238205
nonIBD	821	Phocaeicola_vulgatus	5163189	4094.0	1714	0.41866145578895947	98.83120013019713	36.67619603267211	2.4799983111212858
nonIBD	823	Parabacteroides_distasonis	5348976	402.0	55	0.13681592039800994	98.55591446122497	35.345454545454544	0.08895160494270306
nonIBD	83554	Chlamydia_psittaci	1179220	2.0	0	0.0			0.0
nonIBD	84030	Lacrimispora_saccharolytica	4662871	6.0	2	0.3333333333333333	99.00990099009901	42.0	0.003195456189973945
nonIBD	84112	Eggerthella_lenta	3467966	2.0	2	1.0	100.0	42.0	0.003143052728890652
nonIBD	847	Oxalobacter_formigenes	2468871	40.0	20	0.5	98.38917963224894	35.55	0.06735872388634319
nonIBD	853	Faecalibacterium_prausnitzii	3127383	2130.0	413	0.19389671361502347	97.83819292195592	30.324455205811137	0.8906808024472859
nonIBD	85831	Bacteroides_acidifaciens	4849831	14.0	5	0.35714285714285715	98.61386138613861	31.2	0.007897182396664957
nonIBD	86668	Neobacillus_niacini	5999678	2.0	0	0.0			0.0
nonIBD	871325	Bacteroides_faecichinchillae	4806522	24.0	19	0.7916666666666666	99.16463719411684	41.89473684210526	0.0070529168492311075
nonIBD	871665	Blautia_faecis	4104676	6.0	0	0.0			0.0
nonIBD	876091	uncultured_Oscillibacter_sp.	3020033	4.0	2	0.5	100.0	42.0	0.002648977676733996
nonIBD	88431	Dorea_longicatena	2919963	104.0	20	0.19230769230769232	98.37836312028769	34.15	0.0454115343242363
nonIBD	89014	Blautia_luti	3741599	4.0	0	0.0			0.0
nonIBD	892	Desulfuromonas_sp.	3696576	2.0	0	0.0			0.0
nonIBD	908612	Alistipes_sp._HGB5	3464615	12.0	12	1.0	99.83498349834984	42.0	0.030681619747071464
nonIBD	936576	Streptococcus_sp._ACS2	2128555	4.0	2	0.5	99.0	42.0	0.005073864664056132
nonIBD	936596	Lachnoanaerobaculum_sp._MSX33	2871049	2.0	1	0.5	94.05940594059405	23	0.003552708435139909
nonIBD	93975	Bacteroides_sp._AR29	4442069	12.0	10	0.8333333333333334	99.06001711282241	22.0	0.017199192538431978
nonIBD	95486	Burkholderia_cenocepacia	7780598	2.0	0	0.0			0.0
nonIBD	982	Saccharicrinis_fermentans	5982061	4.0	0	0.0			0.0
nonIBD	989	Marinilabilia_salmonicolor	4982627	2.0	0	0.0			0.0
nonIBD	99656	-Clostridium-_fimetarium	4568183	2.0	0	0.0			0.0
CSM79HR8	100886	Catenibacterium_mitsuokai	2650196	34.0	0	0.0			0.0
CSM79HR8	106588	Pseudoflavonifractor_capillosus	4241076	12.0	1	0.08333333333333333	93.06930693069307	3	0.0024050500391881685
CSM79HR8	1099853	Coprobacter_fastidiosus	3444538	2.0	0	0.0			0.0
CSM79HR8	1150298	Fusicatenibacter_saccharivorans	3782803	8.0	2	0.25	98.51485148514851	42.0	0.005049165922729785
CSM79HR8	116085	Coprococcus_catus	3599035	2.0	0	0.0			0.0
CSM79HR8	1193534	uncultured_Flavonifractor_sp.	2635928	28.0	0	0.0			0.0
CSM79HR8	1203555	Acidaminococcus_sp._HPA0509	2287856	8.0	6	0.75	100.0	19.333333333333332	0.022728703205096824
CSM79HR8	1226322	Oscillibacter_sp._KLE_1728	3590714	4.0	2	0.5	97.02970297029702	40.0	0.002924209502622598
CSM79HR8	1226325	Clostridium_sp._KLE_1755	6640751	12.0	8	0.6666666666666666	98.88613861386139	39.75	0.011113200901524541
CSM79HR8	1227276	Prevotella_sp._F0091	3193725	2.0	2	1.0	97.52475247524752	33.0	0.006387525538360379
CSM79HR8	1235797	Oscillibacter_sp._1-3	4467686	4.0	0	0.0			0.0
CSM79HR8	1262744	Bacteroides_sp._CAG-633	3641748	6.0	0	0.0			0.0
CSM79HR8	1262910	Oscillibacter_sp._CAG-155	2277379	12.0	2	0.16666666666666666	94.55445544554456	13.5	0.007376901253590203
CSM79HR8	1265	Ruminococcus_flavefaciens	3587803	4.0	0	0.0			0.0
CSM79HR8	1280	Staphylococcus_aureus	2821361	4.0	0	0.0			0.0
CSM79HR8	1297617	Intestinimonas_butyriciproducens	3224506	16.0	2	0.125	99.50495049504951	42.0	0.00632655048556275
CSM79HR8	1297750	Bacteroides_luti	4118748	2.0	0	0.0			0.0
CSM79HR8	1323	Faecalicoccus_pleomorphus	2055154	8.0	0	0.0			0.0
CSM79HR8	133926	Olsenella_uli	2051896	4.0	0	0.0			0.0
CSM79HR8	1354301	Clostridium_sp._BL8	4776227	2.0	1	0.5	94.05940594059405	8	0.002135576889456887
CSM79HR8	1384078	Prevotella_sp._DNF00663	2825213	4.0	4	1.0	100.0	42.0	0.010654063959071404
CSM79HR8	1398	Weizmannia_coagulans	3366995	2.0	0	0.0			0.0
CSM79HR8	1411144	Bacteroides_caecigallinarum	3353010	4.0	0	0.0			0.0
CSM79HR8	1432052	Eisenbergiella_tayi	7555015	6.0	0	0.0			0.0
CSM79HR8	1468449	Holdemania_massiliensis	4017176	4.0	0	0.0			0.0
CSM79HR8	1496	Clostridioides_difficile	4095894	40.0	0	0.0			0.0
CSM79HR8	150055	Streptococcus_lutetiensis	1793521	2.0	0	0.0			0.0
CSM79HR8	1501392	Coprobacter_secundus	4171466	2.0	0	0.0			0.0
CSM79HR8	1512	-Clostridium-_symbiosum	5299950	2.0	0	0.0			0.0
CSM79HR8	1515	Acetivibrio_thermocellus	3843301	2.0	0	0.0			0.0
CSM79HR8	1519439	Oscillibacter_sp._ER4	2729704	10.0	3	0.3	94.41208826765029	15.333333333333334	0.011246640661405046
CSM79HR8	1526	-Clostridium-_aminophilum	3113820	2.0	0	0.0			0.0
CSM79HR8	154046	Hungatella_hathewayi	6931886	6.0	0	0.0			0.0
CSM79HR8	154288	Turicibacter_sanguinis	2999687	8.0	0	0.0			0.0
CSM79HR8	1550024	Ruthenibacterium_lactatiformans	4111078	10.0	0	0.0			0.0
CSM79HR8	1559	Clostridium_tertium	3874184	2.0	0	0.0			0.0
CSM79HR8	1580	Levilactobacillus_brevis	2494328	4.0	0	0.0			0.0
CSM79HR8	158847	Megamonas_hypermegale	2230342	2.0	0	0.0			0.0
CSM79HR8	1590	Lactiplantibacillus_plantarum	3223643	2.0	0	0.0			0.0
CSM79HR8	162156	uncultured_Bacteroides_sp.	5299784	2.0	2	1.0	95.54455445544554	17.0	0.002868041414518026
CSM79HR8	1639	Listeria_monocytogenes	2944528	4.0	0	0.0			0.0
CSM79HR8	1650663	Fournierella_massiliensis	3391003	2.0	0	0.0			0.0
CSM79HR8	165179	Prevotella_copri	3551614	8.0	0	0.0			0.0
CSM79HR8	165185	uncultured_Eubacterium_sp.	2611477	4.0	0	0.0			0.0
CSM79HR8	165186	uncultured_Ruminococcus_sp.	2960314	4.0	0	0.0			0.0
CSM79HR8	1653435	Merdimonas_faecis	3318223	8.0	0	0.0			0.0
CSM79HR8	166486	Roseburia_intestinalis	4493348	6.0	4	0.6666666666666666	99.00990099009901	21.5	0.00801184328478453
CSM79HR8	1673720	Anaerotruncus_massiliensis	2980348	2.0	0	0.0			0.0
CSM79HR8	1673721	Intestinimonas_massiliensis	3105129	4.0	2	0.5	100.0	42.0	0.004444259803698977
CSM79HR8	1673724	Neofamilia_massiliensis	1920334	2.0	0	0.0			0.0
CSM79HR8	1685	Bifidobacterium_breve	2269415	4.0	0	0.0			0.0
CSM79HR8	1686	Bifidobacterium_catenulatum	2079525	2.0	0	0.0			0.0
CSM79HR8	1689270	Intestinimonas_timonensis	3444574	20.0	13	0.65	96.10967250571208	26.46153846153846	0.03570833432523151
CSM79HR8	169435	Anaerotruncus_colihominis	3563916	2.0	0	0.0			0.0
CSM79HR8	1720194	Clostridium_sp._AT4	3412755	8.0	4	0.5	99.50495049504951	42.0	0.008673344555937944
CSM79HR8	1720294	Eisenbergiella_massiliensis	6692195	112.0	34	0.30357142857142855	98.76470937241163	41.11764705882353	0.0404501064299531
CSM79HR8	1732	Eubacterium_oxidoreducens	2912287	4.0	0	0.0			0.0
CSM79HR8	1737424	Blautia_massiliensis	3717343	4.0	2	0.5	100.0	42.0	0.005487790607431168
CSM79HR8	1769	Mycobacterium_leprae	3187112	2.0	0	0.0			0.0
CSM79HR8	1776382	Neglectibacter_timonensis	3671597	4.0	0	0.0			0.0
CSM79HR8	1796615	Blautia_caecimuris	4093107	4.0	2	0.5	100.0	42.0	0.0033226592903630417
CSM79HR8	1796636	Frisingicoccus_caecimuris	2716364	10.0	3	0.3	96.35973597359737	30.0	0.007730922659849712
CSM79HR8	180311	Hespellia_stercorisuis	4402942	2.0	0	0.0			0.0
CSM79HR8	181070	Proteocatella_sphenisci	2411055	2.0	0	0.0			0.0
CSM79HR8	1812935	Enterobacter_roggenkampii	4899997	4.0	0	0.0			0.0
CSM79HR8	1841865	Mediterranea_massiliensis	3949838	2.0	0	0.0			0.0
CSM79HR8	1870988	Pseudoflavonifractor_phocaeensis	3146058	10.0	0	0.0			0.0
CSM79HR8	1870991	Massilioclostridium_coli	2985330	10.0	6	0.6	100.0	42.0	0.019595823577292962
CSM79HR8	1871020	Clostridium_sp._Marseille-P3244	2972275	8.0	6	0.75	96.03960396039604	26.0	0.01816790169146529
CSM79HR8	1871024	Mordavella_massiliensis	2614310	4.0	2	0.5	97.02970297029702	33.0	0.007803206199723828
CSM79HR8	187327	Acidaminococcus_intestini	2305309	16.0	4	0.25	100.0	42.0	0.011148180135504612
CSM79HR8	1896967	Akkermansia_sp._54_46	2966498	4.0	2	0.5	100.0	42.0	0.006876795467247913
CSM79HR8	1907662	Raoultibacter_timonensis	4016902	2.0	0	0.0			0.0
CSM79HR8	1917867	Bacilliculturomica_massiliensis	4516356	2.0	0	0.0			0.0
CSM79HR8	1917868	Blautia_marasmi	6170525	4.0	0	0.0			0.0
CSM79HR8	1944639	Anaeromassilibacillus_sp._Marseille-P3371	3545090	2.0	0	0.0			0.0
CSM79HR8	1945634	Butyricicoccus_porcorum	2990647	6.0	0	0.0			0.0
CSM79HR8	1965537	Flavonifractor_sp._An10	3882968	66.0	39	0.5909090909090909	97.42896396413464	33.56410256410256	0.08282324242692704
CSM79HR8	1965538	Flavonifractor_sp._An100	3040137	2.0	0	0.0			0.0
CSM79HR8	1965547	Lachnoclostridium_sp._An118	3467513	2.0	2	1.0	100.0	42.0	0.005883179096949312
CSM79HR8	1965549	Gemmiger_sp._An120	3394994	2.0	0	0.0			0.0
CSM79HR8	1965551	Faecalibacterium_sp._An122	3256715	2.0	2	1.0	100.0	42.0	0.0035618713949485906
CSM79HR8	1965555	Lachnoclostridium_sp._An131	3513548	20.0	10	0.5	99.1069306930693	38.1	0.018699047230890258
CSM79HR8	1965560	Lachnoclostridium_sp._An138	3689697	14.0	10	0.7142857142857143	99.11376431760823	38.4	0.027509033939643282
CSM79HR8	1965562	Lachnoclostridium_sp._An14	4288148	2.0	2	1.0	99.50495049504951	42.0	0.0047339783981336465
CSM79HR8	1965569	Lachnoclostridium_sp._An169	4853259	4.0	0	0.0			0.0
CSM79HR8	1965576	Pseudoflavonifractor_sp._An184	3590977	8.0	4	0.5	99.00990099009901	37.5	0.009997279291958707
CSM79HR8	1965578	Pseudoflavonifractor_sp._An187	2606860	4.0	0	0.0			0.0
CSM79HR8	1965580	Bacteroides_sp._An19	4733083	2.0	1	0.5	92.07920792079209	3	0.0021550435519512336
CSM79HR8	1965582	Gemmiger_sp._An194	3071855	2.0	2	1.0	95.54455445544554	24.0	0.005534115379794945
CSM79HR8	1965603	Blautia_sp._An249	3938978	12.0	6	0.5	100.0	42.0	0.00931713759254304
CSM79HR8	1965654	Lachnoclostridium_sp._An76	3431056	4.0	0	0.0			0.0
CSM79HR8	1965661	Pseudoflavonifractor_sp._An85	2984473	2.0	0	0.0			0.0
CSM79HR8	1965666	Flavonifractor_sp._An92	3490035	2.0	1	0.5	99.00990099009901	42	0.002922606793341614
CSM79HR8	1982628	Faecalibacillus_faecis	2525977	4.0	3	0.75	98.34983498349834	28.666666666666668	0.012074535912243065
CSM79HR8	2024219	Prevotella_sp._P4-98	3107872	4.0	4	1.0	100.0	42.0	0.007014445897385736
CSM79HR8	2024228	Prevotella_sp._P4-51	3152425	2.0	1	0.5	100.0	42	0.003235604336344243
CSM79HR8	2024555	Virgibacillus_profundi	4362047	12.0	0	0.0			0.0
CSM79HR8	2040291	Dorea_phocaeensis	2467622	2.0	0	0.0			0.0
CSM79HR8	2067550	Clostridium_sp._chh4-2	6089737	2.0	2	1.0	99.50495049504951	42.0	0.0033498983617847537
CSM79HR8	208479	Enterocloster_bolteae	6377378	2.0	0	0.0			0.0
CSM79HR8	2086584	Massilistercora_timonensis	2132391	232.0	110	0.47413793103448276	97.48157297383625	33.336363636363636	0.45404430988500705
CSM79HR8	2093857	Dysosmobacter_welbionis	3396268	30.0	14	0.4666666666666667	99.2927864214993	39.214285714285715	0.031181284869156382
CSM79HR8	2108523	Lawsonibacter_asaccharolyticus	3126090	4.0	2	0.5	100.0	42.0	0.006525723827528958
CSM79HR8	2126740	Clostridium_fessum	3109172	4.0	0	0.0			0.0
CSM79HR8	214851	Subdoligranulum_variabile	3244954	2.0	0	0.0			0.0
CSM79HR8	214853	Anaerofustis_stercorihominis	2284703	2.0	2	1.0	99.50495049504951	42.0	0.008928950502537966
CSM79HR8	214856	Alistipes_finegoldii	3563510	4.0	0	0.0			0.0
CSM79HR8	2211183	Evtepia_gabavorous	2494407	2.0	0	0.0			0.0
CSM79HR8	2219695	Luxibacter_massiliensis	4142938	2.0	0	0.0			0.0
CSM79HR8	2267611	Capnocytophaga_felis	2882901	2.0	0	0.0			0.0
CSM79HR8	227942	Limosilactobacillus_gastricus	1848461	2.0	0	0.0			0.0
CSM79HR8	228604	Prevotella_salivae	3099908	6.0	0	0.0			0.0
CSM79HR8	2292046	Lachnotalea_sp._AF33-28	5162566	12.0	6	0.5	100.0	42.0	0.004067744606073801
CSM79HR8	2292244	Pseudoflavonifractor_sp._AF19-9AC	3124708	2.0	0	0.0			0.0
CSM79HR8	2292280	Bacteroides_sp._OF02-3LB	6810738	2.0	2	1.0	98.8470557582074	42.0	0.0026282026999129905
CSM79HR8	2292284	Bacteroides_sp._OM08-11	3878769	2.0	1	0.5	99.00990099009901	42	0.0026297002992444253
CSM79HR8	2292950	Bacteroides_sp._AM32-11AC	4692899	2.0	2	1.0	95.56882158804115	23.5	0.004368301981355235
CSM79HR8	2292952	Bacteroides_sp._AM41-16	4905507	4.0	0	0.0			0.0
CSM79HR8	2292993	Clostridium_sp._AF02-29	3052050	6.0	5	0.8333333333333334	98.41584158415841	41.6	0.01569436935830016
CSM79HR8	2293011	Clostridium_sp._AF34-10BH	4001893	2.0	2	1.0	98.51485148514851	42.0	0.003248462665043768
CSM79HR8	2293026	Clostridium_sp._AM27-31LB	3613665	2.0	0	0.0			0.0
CSM79HR8	2302955	Faecalibacterium_sp._AF10-46	2898008	2.0	1	0.5	98.79518072289156	12	0.0028985427231394806
CSM79HR8	2302956	Faecalibacterium_sp._AF27-11BH	2779402	6.0	4	0.6666666666666666	98.26732673267327	37.5	0.012016973435292915
CSM79HR8	233055	Desulfitobacterium_dichloroeliminans	3624449	2.0	0	0.0			0.0
CSM79HR8	2364792	Intestinibacillus_sp._Marseille-P6563	3281290	4.0	0	0.0			0.0
CSM79HR8	239935	Akkermansia_muciniphila	2878459	118.0	66	0.559322033898305	97.68672969307356	31.954545454545453	0.1907617930288394
CSM79HR8	244830	Anaerospora_hongkongensis	4632311	2.0	0	0.0			0.0
CSM79HR8	246787	Bacteroides_cellulosilyticus	7271073	20.0	4	0.2	100.0	42.0	0.005349966916849824
CSM79HR8	2478954	Catenibacterium_sp._co_0103	2540390	2.0	1	0.5	95.04950495049505	23	0.004015131534921804
CSM79HR8	2498136	Anaerophilus_nitritogenes	3059311	2.0	0	0.0			0.0
CSM79HR8	2516960	Bacteroides_muris_-ex_Afrizal_et_al._2022-	4387127	2.0	2	1.0	98.01980198019803	41.0	0.004627174002484998
CSM79HR8	2584603	Akkermansia_sp._BIOML-A47	3137614	22.0	18	0.8181818181818182	99.8899889988999	40.888888888888886	0.017338015447406853
CSM79HR8	258515	Acetanaerobacterium_elongatum	2916215	4.0	0	0.0			0.0
CSM79HR8	2592640	Blautia_sp._MCC283	3812449	2.0	2	1.0	100.0	42.0	0.005350891251266574
CSM79HR8	2592642	Clostridium_sp._MCC328	3645623	2.0	0	0.0			0.0
CSM79HR8	259315	uncultured_Faecalibacterium_sp.	2673385	6.0	3	0.5	96.6996699669967	28.333333333333332	0.011408757062675223
CSM79HR8	2596827	Lactobacillus_sp._LL6	2074205	2.0	0	0.0			0.0
CSM79HR8	2606635	Waltera_intestinalis	2970649	2.0	0	0.0			0.0
CSM79HR8	261299	Intestinibacter_bartlettii	3006269	4.0	0	0.0			0.0
CSM79HR8	264641	Desulfitibacter_alkalitolerans	4361351	2.0	0	0.0			0.0
CSM79HR8	2652274	Eisenbergiella_porci	6105837	6.0	0	0.0			0.0
CSM79HR8	2714358	Pusillibacter_faecalis	3407680	4.0	2	0.5	99.50495049504951	42.0	0.005986477603530848
CSM79HR8	2758403	Faecalibacterium_sp._Marseille-Q3530	2909601	2.0	0	0.0			0.0
CSM79HR8	2763016	Anaerofilum_hominis	3136292	4.0	0	0.0			0.0
CSM79HR8	2763042	Dysosmobacter_sp._BX15	3671022	8.0	3	0.375	99.66996699669967	42.0	0.008335553423542544
CSM79HR8	2763057	Parabacteroides_sp._N37	5208984	2.0	0	0.0			0.0
CSM79HR8	2763062	Roseburia_sp._NSJ-69	3959994	2.0	2	1.0	98.51485148514851	41.0	0.0033585909473600214
CSM79HR8	2763644	Zhenpiania_hominis	3442329	2.0	0	0.0			0.0
CSM79HR8	2763656	Guopingia_tenuis	2203091	2.0	0	0.0			0.0
CSM79HR8	2763660	Feifania_hominis	2356956	2.0	0	0.0			0.0
CSM79HR8	2763671	Jingyaoa_shaoxingensis	3649426	2.0	0	0.0			0.0
CSM79HR8	2763678	Youxingia_wuxianensis	2660737	4.0	2	0.5	96.03960396039604	25.0	0.004961031473610507
CSM79HR8	2764322	Hydrogeniiclostridium_mannosilyticum	3014016	4.0	0	0.0			0.0
CSM79HR8	2780102	Oscillibacter_sp._CU971	3552447	6.0	0	0.0			0.0
CSM79HR8	2785025	Anaeromicropila_herbilytica	5089009	2.0	0	0.0			0.0
CSM79HR8	2787078	Anaeromassilibacillus_sp._D41t1_190614_C2	3107887	2.0	2	1.0	100.0	42.0	0.006145654587827678
CSM79HR8	2787120	Holdemania_sp._1001302B_160321_E10	3764649	4.0	2	0.5	100.0	42.0	0.00305473365511632
CSM79HR8	28111	Bacteroides_eggerthii	4206509	16.0	0	0.0			0.0
CSM79HR8	28116	Bacteroides_ovatus	6472489	476.0	142	0.29831932773109243	98.43712458692997	34.901408450704224	0.19779098890704952
CSM79HR8	28117	Alistipes_putredinis	2550678	4.0	1	0.25	100.0	42	0.003998936753286773
CSM79HR8	28118	Odoribacter_splanchnicus	4392177	24.0	4	0.16666666666666666	100.0	42.0	0.006989700096330361
CSM79HR8	28125	Prevotella_bivia	2521238	2.0	0	0.0			0.0
CSM79HR8	28131	Prevotella_intermedia	2674170	8.0	2	0.25	96.7032967032967	1.0	0.006880639600324587
CSM79HR8	28133	Prevotella_nigrescens	2887107	2.0	0	0.0			0.0
CSM79HR8	2817017	Faecalibacterium_sp._Marseille-P9590	2907134	4.0	4	1.0	99.75247524752476	42.0	0.01142018221382296
CSM79HR8	28251	Ornithobacterium_rhinotracheale	2399175	2.0	0	0.0			0.0
CSM79HR8	2838470	Candidatus_Bacteroides_intestinigallinarum	7220215	12.0	0	0.0			0.0
CSM79HR8	2841517	Blautia_sp._MSJ-19	3565090	8.0	0	0.0			0.0
CSM79HR8	2841521	Anaerotignum_sp._MSJ-24	2292124	2.0	0	0.0			0.0
CSM79HR8	2841526	Oscillibacter_sp._MSJ-31	2703736	4.0	0	0.0			0.0
CSM79HR8	2841531	Pseudoflavonifractor_sp._MSJ-37	2579358	2.0	0	0.0			0.0
CSM79HR8	2847299	Bacteroides_sp._DH3716P	6640706	6.0	4	0.6666666666666666	99.6875	36.5	0.005827693621732388
CSM79HR8	2854755	Prevotella_lacticifex	4192550	2.0	0	0.0			0.0
CSM79HR8	2881258	Ruminococcus_sp._CLA-AA-H200	3813516	2.0	0	0.0			0.0
CSM79HR8	28901	Salmonella_enterica	4951383	2.0	0	0.0			0.0
CSM79HR8	2897707	Merdimmobilis_hominis	2580742	4.0	0	0.0			0.0
CSM79HR8	290052	Acetivibrio_ethanolgignens	3660245	2.0	2	1.0	97.52475247524752	32.5	0.0037702394238637027
CSM79HR8	2903556	Faecalibacterium_gallinarum	2813415	6.0	4	0.6666666666666666	99.41176470588235	21.5	0.010272213662044172
CSM79HR8	291644	Bacteroides_salyersiae	5561372	2.0	0	0.0			0.0
CSM79HR8	291645	Bacteroides_nordii	5678582	22.0	2	0.09090909090909091	95.57367501456028	21.5	0.0036100561724740437
CSM79HR8	292800	Flavonifractor_plautii	3985392	52.0	6	0.11538461538461539	98.50460671067106	38.666666666666664	0.012821825306017578
CSM79HR8	2929491	Faecalibacterium_sp._HTF-F	2919330	6.0	4	0.6666666666666666	99.00990099009901	42.0	0.013975809517937336
CSM79HR8	2929494	Faecalibacterium_sp._I4-1-79	3227950	2.0	1	0.5	99.00990099009901	17	0.003159900246286343
CSM79HR8	29347	-Clostridium-_scindens	3658040	4.0	1	0.25	96.03960396039604	24	0.0027883784759051293
CSM79HR8	29348	Thomasclavelia_spiroformis	2528470	2.0	0	0.0			0.0
CSM79HR8	2941519	Vermiculatibacterium_agrestimuris	2242112	6.0	0	0.0			0.0
CSM79HR8	2965279	Clostridium_sp._DFI.5.61	3736670	24.0	13	0.5416666666666666	98.24828636709825	36.07692307692308	0.030669018136469103
CSM79HR8	2972461	Bacteroides_sp._ET225	3743539	2.0	0	0.0			0.0
CSM79HR8	2981769	Brotolimicola_acetigignens	4097696	2.0	2	1.0	100.0	42.0	0.0028796670128774806
CSM79HR8	2981789	Dorea_amylophila	3411049	6.0	0	0.0			0.0
CSM79HR8	2983399	Acutalibacter_sp._LFL-21	2981203	14.0	4	0.2857142857142857	97.02970297029704	32.75	0.007815636841905768
CSM79HR8	2994968	Bacteroides_sp._LFL-34	6734678	4.0	1	0.25	94.11764705882352	8	0.0015293975450645155
CSM79HR8	2998082	Fournierella_sp._CML151	3203970	2.0	2	1.0	98.0	33.0	0.006179833144505098
CSM79HR8	3002516	Butyricicoccus_sp._AM78-15b2TA	3187134	2.0	2	1.0	96.53465346534654	32.5	0.00577321192017656
CSM79HR8	301301	Roseburia_hominis	3592125	172.0	74	0.43023255813953487	99.15894453651035	40.4054054054054	0.1720151720778091
CSM79HR8	301302	Roseburia_faecis	3385415	2.0	0	0.0			0.0
CSM79HR8	3031819	Robertmurraya_sp._DFI.2.37	5416197	4.0	2	0.5	100.0	42.0	0.00247406067393782
CSM79HR8	3032872	Petralouisia_muris	5871761	2.0	0	0.0			0.0
CSM79HR8	310297	Phocaeicola_plebeius	4421924	8.0	4	0.5	100.0	42.0	0.003188657245126782
CSM79HR8	310298	Phocaeicola_coprocola	3924966	8.0	2	0.25	100.0	42.0	0.005197497252205497
CSM79HR8	310300	Bacteroides_pyogenes	3397546	8.0	0	0.0			0.0
CSM79HR8	310514	Hallella_multisaccharivorax	3388644	2.0	0	0.0			0.0
CSM79HR8	315405	Streptococcus_gallolyticus	2258003	2.0	0	0.0			0.0
CSM79HR8	328812	Parabacteroides_goldsteinii	7053599	6.0	0	0.0			0.0
CSM79HR8	328813	Alistipes_onderdonkii	3507492	2.0	0	0.0			0.0
CSM79HR8	329854	Bacteroides_intestinalis	6052596	326.0	165	0.5061349693251533	99.79931709096303	41.593939393939394	0.22489523503633813
CSM79HR8	33025	Phascolarctobacterium_faecium	2454371	180.0	81	0.45	99.36425864808704	38.95061728395062	0.28703891954394833
CSM79HR8	33038	-Ruminococcus-_gnavus	3549191	4.0	0	0.0			0.0
CSM79HR8	33039	-Ruminococcus-_torques	2979783	12.0	0	0.0			0.0
CSM79HR8	333367	Enterocloster_asparagiformis	6353279	14.0	8	0.5714285714285714	99.38118811881188	39.75	0.012843761465536143
CSM79HR8	338188	Bacteroides_finegoldii	4892401	34.0	10	0.29411764705882354	98.22743439392482	8.9	0.01794619860473416
CSM79HR8	342942	Mediterraneibacter_glycyrrhizinilyticus	3271904	14.0	0	0.0			0.0
CSM79HR8	351091	Oscillibacter_valericigenes	2493294	36.0	0	0.0			0.0
CSM79HR8	357276	Phocaeicola_dorei	5625488	124.0	20	0.16129032258064516	98.50367501163015	36.7	0.024140127932012298
CSM79HR8	360807	Roseburia_inulinivorans	4227688	42.0	19	0.4523809523809524	98.1396189154519	38.36842105263158	0.0316248502727732
CSM79HR8	363265	Prevotella_stercorea	3097322	6.0	0	0.0			0.0
CSM79HR8	371601	Bacteroides_xylanisolvens	6558523	118.0	69	0.5847457627118644	99.29615998665165	37.56521739130435	0.06423702409826114
CSM79HR8	387090	Phocaeicola_coprophilus	4113613	4.0	2	0.5	100.0	42.0	0.004959144187846547
CSM79HR8	387661	Parabacteroides_johnsonii	4749455	14.0	0	0.0			0.0
CSM79HR8	392838	Bacteroides_propionicifaciens	2634691	2.0	0	0.0			0.0
CSM79HR8	393921	Porphyromonas_crevioricanis	2133352	4.0	0	0.0			0.0
CSM79HR8	39483	Faecalitalea_cylindroides	1882013	8.0	2	0.25	98.85710553814002	1.0	0.004728979024055625
CSM79HR8	39484	Agathobaculum_desmolans	2646896	2.0	0	0.0			0.0
CSM79HR8	39485	Lachnospira_eligens	2831389	6.0	0	0.0			0.0
CSM79HR8	39488	Anaerobutyricum_hallii	3455681	6.0	0	0.0			0.0
CSM79HR8	39491	-Eubacterium-_rectale	3451485	370.0	126	0.34054054054054056	98.20493963145871	36.05555555555556	0.31739961205104467
CSM79HR8	39496	Eubacterium_ventriosum	2761423	12.0	2	0.16666666666666666	95.54455445544554	23.5	0.0038023873922973773
CSM79HR8	40518	Ruminococcus_bromii	2085998	42.0	6	0.14285714285714285	97.6897689768977	35.833333333333336	0.02516780936510965
CSM79HR8	40520	Blautia_obeum	3649956	92.0	19	0.20652173913043478	98.62362176067231	38.78947368421053	0.04375395210243631
CSM79HR8	410072	Coprococcus_comes	3373066	20.0	4	0.2	98.26732673267327	32.5	0.010287376529246686
CSM79HR8	411483	Faecalibacterium_duncaniae	3102523	10.0	4	0.4	97.50495049504951	32.25	0.013118355609289601
CSM79HR8	411486	Clostridium_sp._M62-1	3842594	4.0	2	0.5	97.46413416851888	33.0	0.005230841457619514
CSM79HR8	418240	Blautia_wexlerae	4685728	8.0	2	0.25	96.51980198019803	32.0	0.004332304393255435
CSM79HR8	419005	Prevotella_amnii	2415558	4.0	0	0.0			0.0
CSM79HR8	420336	Epulopiscium_sp._-N.t._morphotype_B-	3282271	2.0	0	0.0			0.0
CSM79HR8	43305	Butyrivibrio_proteoclasticus	4404886	4.0	0	0.0			0.0
CSM79HR8	433323	Aminicella_lysinilytica	2286758	2.0	0	0.0			0.0
CSM79HR8	44008	Enterococcus_cecorum	2421598	2.0	0	0.0			0.0
CSM79HR8	446660	Adlercreutzia_equolifaciens	2862526	8.0	0	0.0			0.0
CSM79HR8	454154	Paraprevotella_clara	4233768	8.0	0	0.0			0.0
CSM79HR8	457387	Bacteroides_sp._1_1_30	6480532	8.0	4	0.5	100.0	1.0	0.0054470836653534
CSM79HR8	457390	Bacteroides_sp._3_1_23	6520178	10.0	8	0.8	99.38361483207144	41.75	0.00970832391385634
CSM79HR8	457393	Bacteroides_sp._4_1_36	4638757	8.0	8	1.0	100.0	42.0	0.016340584341882965
CSM79HR8	45851	Butyrivibrio_crossotus	2521323	2.0	0	0.0			0.0
CSM79HR8	460384	Enterocloster_lavalensis	6495707	6.0	4	0.6666666666666666	96.03960396039605	22.5	0.004464487083546102
CSM79HR8	46228	-Ruminococcus-_lactaris	2733858	156.0	82	0.5256410256410257	99.46237410685114	40.98780487804878	0.24540411389326
CSM79HR8	46503	Parabacteroides_merdae	4403124	140.0	76	0.5428571428571428	98.52835221581502	35.94736842105263	0.15663878646161228
CSM79HR8	46506	Bacteroides_stercoris	4009829	22.0	1	0.045454545454545456	93.06930693069307	3	0.0025437493718560066
CSM79HR8	469585	Bacteroides_sp._1_1_14	6446424	6.0	3	0.5	99.00990099009901	1.0	0.004157343668365594
CSM79HR8	469588	Bacteroides_sp._2_1_22	6003748	10.0	6	0.6	97.68646864686468	38.5	0.008777850102969012
CSM79HR8	469590	Bacteroides_sp._2_2_4	7101224	12.0	9	0.75	97.92254371068175	33.666666666666664	0.01091361151260684
CSM79HR8	474960	Hydrogenoanaerobacterium_saccharovorans	3176247	2.0	0	0.0			0.0
CSM79HR8	47678	Bacteroides_caccae	5499725	86.0	52	0.6046511627906976	98.33224671775369	36.48076923076923	0.04912972921373341
CSM79HR8	47679	Sporomusa_sphaeroides	5015343	2.0	0	0.0			0.0
CSM79HR8	487174	Barnesiella_intestinihominis	3443906	2.0	0	0.0			0.0
CSM79HR8	487175	Parasutterella_excrementihominis	2831696	16.0	5	0.3125	98.01980198019803	35.2	0.015467762076155068
CSM79HR8	53442	Eubacterium_callanderi	4316707	2.0	0	0.0			0.0
CSM79HR8	556258	Bacteroides_sp._D1	5974559	4.0	3	0.75	100.0	14.666666666666666	0.004000295251917338
CSM79HR8	557451	Symbiobacterium_terraclitae	3897060	2.0	0	0.0			0.0
CSM79HR8	562	Escherichia_coli	5594605	2.0	0	0.0			0.0
CSM79HR8	563193	Parabacteroides_sp._D13	5370710	2.0	2	1.0	100.0	42.0	0.0037983804748347983
CSM79HR8	572010	Slackia_isoflavoniconvertens	2318650	6.0	4	0.6666666666666666	98.63242574257426	41.5	0.011903478317124188
CSM79HR8	573	Klebsiella_pneumoniae	5682322	2.0	0	0.0			0.0
CSM79HR8	575	Raoultella_planticola	5823931	8.0	2	0.25	96.51485148514851	32.0	0.0019059291739548425
CSM79HR8	585543	Bacteroides_sp._D20	4487454	8.0	8	1.0	99.62871287128714	42.0	0.017782912092246517
CSM79HR8	585544	Bacteroides_sp._D22	6344045	4.0	3	0.75	99.00990099009901	41.333333333333336	0.003609684357535295
CSM79HR8	592978	Mediterraneibacter_faecis	3288691	4.0	2	0.5	97.96648895658797	41.0	0.0051084154759446845
CSM79HR8	59620	uncultured_Clostridium_sp.	3849243	6.0	0	0.0			0.0
CSM79HR8	61171	Holdemania_filiformis	3744856	2.0	0	0.0			0.0
CSM79HR8	626929	Bacteroides_clarus	3897457	4.0	0	0.0			0.0
CSM79HR8	626930	Bacteroides_fluxus	4330716	2.0	0	0.0			0.0
CSM79HR8	649756	Anaerostipes_hadrus	2946270	4.0	0	0.0			0.0
CSM79HR8	670	Vibrio_parahaemolyticus	5165770	4.0	0	0.0			0.0
CSM79HR8	671267	Phocaeicola_sartorii	5630518	4.0	1	0.25	98.01980198019803	7	0.0018115562369217185
CSM79HR8	674529	Bacteroides_faecis	6352228	2.0	0	0.0			0.0
CSM79HR8	691816	Bacteroides_rodentium	4268282	2.0	2	1.0	96.03960396039604	31.5	0.004779440533685449
CSM79HR8	712213	Capnocytophaga_sp._oral_taxon_332	2656035	2.0	0	0.0			0.0
CSM79HR8	712368	Leptotrichia_sp._oral_taxon_498	2152181	2.0	0	0.0			0.0
CSM79HR8	71453	Tetragenococcus_solitarius	2513646	2.0	0	0.0			0.0
CSM79HR8	74426	Collinsella_aerofaciens	2455328	6.0	1	0.16666666666666666	94.05940594059405	8	0.0041542311251286995
CSM79HR8	745368	Gemmiger_formicilis	3241569	22.0	2	0.09090909090909091	96.03960396039604	25.0	0.0062932487323268445
CSM79HR8	765821	uncultured_Blautia_sp.	3060889	8.0	0	0.0			0.0
CSM79HR8	813	Chlamydia_trachomatis	1042519	6.0	0	0.0			0.0
CSM79HR8	817	Bacteroides_fragilis	5241700	198.0	0	0.0			0.0
CSM79HR8	818	Bacteroides_thetaiotaomicron	6304193	166.0	20	0.12048192771084337	99.28545866634855	36.25	0.0294724479406008
CSM79HR8	820	Bacteroides_uniformis	4709701	676.0	216	0.31952662721893493	98.9731683795064	37.3287037037037	0.37770975269979984
CSM79HR8	821	Phocaeicola_vulgatus	5163189	1728.0	828	0.4791666666666667	99.0055868986112	36.98550724637681	1.339792132343015
CSM79HR8	823	Parabacteroides_distasonis	5348976	46.0	0	0.0			0.0
CSM79HR8	853	Faecalibacterium_prausnitzii	3127383	280.0	84	0.3	96.93669838430488	26.88095238095238	0.23837822230280076
CSM79HR8	85831	Bacteroides_acidifaciens	4849831	4.0	1	0.25	96.03960396039604	24	0.0021031660690857064
CSM79HR8	871324	Bacteroides_stercorirosoris	6268181	2.0	1	0.5	94.05940594059405	2	0.001627266347286398
CSM79HR8	871325	Bacteroides_faecichinchillae	4806522	2.0	2	1.0	99.00990099009901	42.0	0.0024549976053370817
CSM79HR8	876091	uncultured_Oscillibacter_sp.	3020033	6.0	4	0.6666666666666666	99.50495049504951	42.0	0.00930453408952816
CSM79HR8	88058	Treponema_primitia	4059867	2.0	0	0.0			0.0
CSM79HR8	88431	Dorea_longicatena	2919963	34.0	2	0.058823529411764705	99.50495049504951	42.0	0.006986389896036354
CSM79HR8	89014	Blautia_luti	3741599	6.0	0	0.0			0.0
CSM79HR8	93974	Bacteroides_sp._AR20	6065363	2.0	0	0.0			0.0
CSM79HR8	93975	Bacteroides_sp._AR29	4442069	4.0	4	1.0	98.26732673267327	37.0	0.008036795466256828
CSM79HR8	97138	Clostridium_sp._MD294	2924599	2.0	0	0.0			0.0
CSM7KOMH	100886	Catenibacterium_mitsuokai	2650196	2.0	0	0.0			0.0
CSM7KOMH	103892	Veillonella_ratti	2236286	2.0	0	0.0			0.0
CSM7KOMH	1096246	Hungatella_effluvii	6863335	2.0	0	0.0			0.0
CSM7KOMH	1110546	Veillonella_tobetsuensis	2041114	4.0	0	0.0			0.0
CSM7KOMH	112903	Propionispora_vibrioides	4433598	4.0	0	0.0			0.0
CSM7KOMH	1134687	Klebsiella_michiganensis	6041841	2.0	0	0.0			0.0
CSM7KOMH	1177574	Prevotella_jejuni	3913006	4.0	2	0.5	96.53465346534654	32.0	0.004906713662079742
CSM7KOMH	1227276	Prevotella_sp._F0091	3193725	2.0	1	0.5	100.0	42	0.0031937627691801893
CSM7KOMH	1280	Staphylococcus_aureus	2821361	6.0	0	0.0			0.0
CSM7KOMH	1311	Streptococcus_agalactiae	2079123	6.0	0	0.0			0.0
CSM7KOMH	1313	Streptococcus_pneumoniae	2110968	4.0	0	0.0			0.0
CSM7KOMH	1322	Blautia_hansenii	3065949	4.0	0	0.0			0.0
CSM7KOMH	1328	Streptococcus_anginosus	1953654	2.0	0	0.0			0.0
CSM7KOMH	1336	Streptococcus_equi	2154778	4.0	0	0.0			0.0
CSM7KOMH	1428	Bacillus_thuringiensis	6260142	2.0	0	0.0			0.0
CSM7KOMH	1450156	Defluviitalea_raffinosedens	3092142	2.0	0	0.0			0.0
CSM7KOMH	1465	Brevibacillus_laterosporus	5400144	2.0	0	0.0			0.0
CSM7KOMH	1491	Clostridium_botulinum	3903260	2.0	0	0.0			0.0
CSM7KOMH	1496	Clostridioides_difficile	4095894	4.0	0	0.0			0.0
CSM7KOMH	1501329	Oribacterium_parvum	2470863	4.0	2	0.5	99.00990099009901	42.0	0.004249527391846492
CSM7KOMH	1501392	Coprobacter_secundus	4171466	12.0	0	0.0			0.0
CSM7KOMH	1502943	Veillonella_seminalis	2252690	1004.0	606	0.603585657370518	99.71806160971063	41.600660066006604	2.1943543052972223
CSM7KOMH	1520	Clostridium_beijerinckii	5950247	4.0	0	0.0			0.0
CSM7KOMH	1531	Enterocloster_clostridioformis	5539047	130.0	75	0.5769230769230769	98.49464147883782	36.2	0.12543674029124505
CSM7KOMH	1583331	Porphyromonas_pasteri	2166795	4.0	1	0.25	95.52238805970148	24	0.003138275655980376
CSM7KOMH	158836	Enterobacter_hormaechei	4915930	2.0	1	0.5	96.03960396039604	24	0.0020748871525835396
CSM7KOMH	1619234	Anaerobium_acetethylicum	4609043	2.0	0	0.0			0.0
CSM7KOMH	162156	uncultured_Bacteroides_sp.	5299784	8.0	4	0.5	98.26732673267327	41.5	0.006019113231784541
CSM7KOMH	163665	Dysgonomonas_mossii	3954365	2.0	0	0.0			0.0
CSM7KOMH	1641	Listeria_grayi	2751104	2.0	0	0.0			0.0
CSM7KOMH	165179	Prevotella_copri	3551614	4.0	0	0.0			0.0
CSM7KOMH	165185	uncultured_Eubacterium_sp.	2611477	2.0	0	0.0			0.0
CSM7KOMH	1673721	Intestinimonas_massiliensis	3105129	6.0	4	0.6666666666666666	99.75247524752476	42.0	0.013139550723979584
CSM7KOMH	1677858	Propionispora_sp._2-2-37	4121509	2.0	0	0.0			0.0
CSM7KOMH	1680	Bifidobacterium_adolescentis	2089645	4.0	1	0.25	99.00990099009901	42	0.004881211880486877
CSM7KOMH	1715075	Neisseria_sp._HMSC078C12	2242214	4.0	2	0.5	99.5	42.0	0.004593673931212632
CSM7KOMH	1720194	Clostridium_sp._AT4	3412755	628.0	352	0.5605095541401274	99.42400279326425	40.75568181818182	0.8497240499244746
CSM7KOMH	1737424	Blautia_massiliensis	3717343	2.0	1	0.5	97.02970297029702	22	0.002743895303715584
CSM7KOMH	1761887	Prevotella_sp._ne3005	3567607	2.0	0	0.0			0.0
CSM7KOMH	1777881	Streptococcus_sp._DD13	1716726	4.0	0	0.0			0.0
CSM7KOMH	1796613	Bacteroides_caecimuris	4839927	6.0	2	0.3333333333333333	93.52475247524752	13.0	0.004173616668185285
CSM7KOMH	1806837	Massilibacillus_massiliensis	4000953	8.0	0	0.0			0.0
CSM7KOMH	1834438	Pedobacter_quisquiliarum	3773827	6.0	1	0.16666666666666666	90.0990099009901	3	0.002517338500148523
CSM7KOMH	1841864	Marseilla_massiliensis	4084489	2.0	0	0.0			0.0
CSM7KOMH	1841865	Mediterranea_massiliensis	3949838	4.0	0	0.0			0.0
CSM7KOMH	1860161	Streptococcus_sp._CCUG_49591	1928655	4.0	2	0.5	100.0	42.0	0.005703456553919701
CSM7KOMH	1871006	Bacteroides_congonensis	6373337	2.0	0	0.0			0.0
CSM7KOMH	1882749	Opitutus_sp._GAS368	4150883	2.0	0	0.0			0.0
CSM7KOMH	1955272	Allobacillus_salarius	2595246	30.0	24	0.8	100.0	42.0	0.022926535673304188
CSM7KOMH	2021312	Veillonella_sp._R32	2247556	2.0	1	0.5	92.07920792079209	3	0.004538262895340539
CSM7KOMH	2024555	Virgibacillus_profundi	4362047	4.0	0	0.0			0.0
CSM7KOMH	204516	Phocaeicola_massiliensis	4646209	4.0	0	0.0			0.0
CSM7KOMH	208479	Enterocloster_bolteae	6377378	106.0	37	0.3490566037735849	96.99030878442035	32.67567567567568	0.0472921630174658
CSM7KOMH	214851	Subdoligranulum_variabile	3244954	2.0	0	0.0			0.0
CSM7KOMH	2162637	Bacteroides_sp._PHL_2737	5539106	2.0	0	0.0			0.0
CSM7KOMH	216816	Bifidobacterium_longum	2385164	4.0	0	0.0			0.0
CSM7KOMH	218538	Dialister_invisus	1895960	42.0	15	0.35714285714285715	97.08976897689767	34.4	0.06323973079600836
CSM7KOMH	2290935	Parabacteroides_acidifaciens	5101196	2.0	0	0.0			0.0
CSM7KOMH	2292053	Parabacteroides_sp._AM08-6	4189784	2.0	2	1.0	97.52475247524752	22.0	0.004868986086156231
CSM7KOMH	2292194	Bacteroides_sp._AF27-33	7056870	2.0	2	1.0	96.7876787678768	33.0	0.002720752968384
CSM7KOMH	2292280	Bacteroides_sp._OF02-3LB	6810738	2.0	1	0.5	100.0	42	0.0014976350580509779
CSM7KOMH	2292307	Clostridium_sp._AM58-1XD	4360356	2.0	2	1.0	99.00990099009901	42.0	0.004288640652277016
CSM7KOMH	2292925	Bacteroides_sp._AF25-5LB	4668245	2.0	0	0.0			0.0
CSM7KOMH	2292951	Bacteroides_sp._AM37-9	6147705	2.0	2	1.0	100.0	42.0	0.002716460858157638
CSM7KOMH	2292952	Bacteroides_sp._AM41-16	4905507	2.0	2	1.0	96.10689224262232	22.5	0.004199362063900836
CSM7KOMH	2292957	Bacteroides_sp._OF03-11BH	6871891	8.0	5	0.625	97.3937393739374	33.8	0.0049331399464863455
CSM7KOMH	2293123	Parabacteroides_sp._OF01-14	4928274	4.0	2	0.5	94.09337992622793	13.0	0.002211727675855685
CSM7KOMH	2293144	Roseburia_sp._TF10-5	3443473	4.0	3	0.75	99.00990099009901	41.333333333333336	0.008886377212773267
CSM7KOMH	2320088	Roseburia_sp._1XD42-69	4699653	4.0	0	0.0			0.0
CSM7KOMH	246787	Bacteroides_cellulosilyticus	7271073	6.0	0	0.0			0.0
CSM7KOMH	2547410	Enterocloster_alcoholdehydrogenati	3806033	14.0	0	0.0			0.0
CSM7KOMH	2571127	Clostridium_sp._HBUAS56010	3946960	2.0	0	0.0			0.0
CSM7KOMH	2584603	Akkermansia_sp._BIOML-A47	3137614	22.0	18	0.8181818181818182	99.55995599559957	38.833333333333336	0.016764331112750008
CSM7KOMH	259063	Anaerocolumna_jejuensis	6621268	4.0	0	0.0			0.0
CSM7KOMH	2594500	Bacteroides_sp._HF-5092	5832052	2.0	2	1.0	99.50495049504951	42.0	0.003497911198322649
CSM7KOMH	261299	Intestinibacter_bartlettii	3006269	10.0	0	0.0			0.0
CSM7KOMH	2723058	Bacteroides_sp._GM023	7037196	2.0	0	0.0			0.0
CSM7KOMH	2724191	Ferrimonas_lipolytica	4133133	2.0	0	0.0			0.0
CSM7KOMH	2755405	Bacteroides_sp._CACC_737	4634436	2.0	0	0.0			0.0
CSM7KOMH	2763675	Jilunia_laotingensis	4738048	6.0	0	0.0			0.0
CSM7KOMH	2784518	Bacteroides_sp._FSHCM14E1	5121660	2.0	2	1.0	100.0	42.0	0.003983083609610946
CSM7KOMH	28037	Streptococcus_mitis	1906344	4.0	0	0.0			0.0
CSM7KOMH	28052	Lachnospira_pectinoschiza	2704308	2.0	0	0.0			0.0
CSM7KOMH	28111	Bacteroides_eggerthii	4206509	14.0	0	0.0			0.0
CSM7KOMH	28116	Bacteroides_ovatus	6472489	978.0	217	0.22188139059304704	98.27256715558411	32.68663594470046	0.295867632992501
CSM7KOMH	28117	Alistipes_putredinis	2550678	6.0	0	0.0			0.0
CSM7KOMH	28118	Odoribacter_splanchnicus	4392177	6.0	2	0.3333333333333333	97.54416618132402	33.0	0.004530782798598508
CSM7KOMH	28131	Prevotella_intermedia	2674170	2.0	0	0.0			0.0
CSM7KOMH	2841264	Candidatus_Minimicrobia_vallesae	706973	2.0	2	1.0	94.01980198019803	13.5	0.02871396786015873
CSM7KOMH	2847299	Bacteroides_sp._DH3716P	6640706	6.0	2	0.3333333333333333	100.0	42.0	0.0016263331037392713
CSM7KOMH	2849174	Bacteroides_sp._MSK.20.82	6877329	2.0	0	0.0			0.0
CSM7KOMH	2850324	Bacteroides_sp._MSK.20.12	6129424	4.0	2	0.5	98.51485148514851	14.0	0.003311893580865021
CSM7KOMH	2854755	Prevotella_lacticifex	4192550	2.0	0	0.0			0.0
CSM7KOMH	2883214	Lacrimispora_sp._210928-DFI.3.58	4706493	4.0	0	0.0			0.0
CSM7KOMH	2902631	Candidatus_Nanosynbacter_sp._TM7-087	741912	2.0	2	1.0	95.54455445544555	25.0	0.027496522498625175
CSM7KOMH	291644	Bacteroides_salyersiae	5561372	14.0	2	0.14285714285714285	94.05940594059406	13.5	0.0036681595836423097
CSM7KOMH	291645	Bacteroides_nordii	5678582	16.0	1	0.0625	92.07920792079209	3	0.0017962230711822073
CSM7KOMH	292800	Flavonifractor_plautii	3985392	20.0	6	0.3	96.43519146435192	26.0	0.011642518477479756
CSM7KOMH	29466	Veillonella_parvula	2132142	2.0	0	0.0			0.0
CSM7KOMH	2972763	Bacteroides_sp._BFG-606	6616729	2.0	2	1.0	98.50990099009901	42.0	0.001556660398211866
CSM7KOMH	299767	Enterobacter_ludwigii	4952770	2.0	1	0.5	99.00990099009901	42	0.0020594535986932566
CSM7KOMH	301302	Roseburia_faecis	3385415	38.0	21	0.5526315789473685	98.58664718930909	39.095238095238095	0.05603448912467157
CSM7KOMH	304766	Sedimentibacter_sp._B4	4106353	2.0	0	0.0			0.0
CSM7KOMH	310297	Phocaeicola_plebeius	4421924	12.0	2	0.16666666666666666	97.02970297029702	1.0	0.004613376439757897
CSM7KOMH	310300	Bacteroides_pyogenes	3397546	14.0	2	0.14285714285714285	100.0	42.0	0.002089743597290515
CSM7KOMH	310514	Hallella_multisaccharivorax	3388644	4.0	0	0.0			0.0
CSM7KOMH	328812	Parabacteroides_goldsteinii	7053599	2.0	0	0.0			0.0
CSM7KOMH	328813	Alistipes_onderdonkii	3507492	2.0	0	0.0			0.0
CSM7KOMH	329854	Bacteroides_intestinalis	6052596	4.0	1	0.25	97.02970297029702	40	0.0016687054612599288
CSM7KOMH	33035	Blautia_producta	6197116	14.0	0	0.0			0.0
CSM7KOMH	33038	-Ruminococcus-_gnavus	3549191	12.0	4	0.3333333333333333	97.02970297029702	36.5	0.01073484070031734
CSM7KOMH	33039	-Ruminococcus-_torques	2979783	4.0	0	0.0			0.0
CSM7KOMH	33043	Coprococcus_eutactus	3112919	4.0	0	0.0			0.0
CSM7KOMH	338188	Bacteroides_finegoldii	4892401	18.0	0	0.0			0.0
CSM7KOMH	349096	Pectinatus_haikarae	3071721	2.0	0	0.0			0.0
CSM7KOMH	35701	Heliomicrobium_modesticaldum	3075407	2.0	0	0.0			0.0
CSM7KOMH	357276	Phocaeicola_dorei	5625488	16.0	3	0.1875	97.35973597359737	29.0	0.005386199383946779
CSM7KOMH	358743	Enterocloster_citroniae	6184194	2.0	0	0.0			0.0
CSM7KOMH	363265	Prevotella_stercorea	3097322	2.0	0	0.0			0.0
CSM7KOMH	371601	Bacteroides_xylanisolvens	6558523	220.0	120	0.5454545454545454	98.8461447932413	34.725	0.13004452374414177
CSM7KOMH	387661	Parabacteroides_johnsonii	4749455	2.0	0	0.0			0.0
CSM7KOMH	393921	Porphyromonas_crevioricanis	2133352	4.0	0	0.0			0.0
CSM7KOMH	39486	Dorea_formicigenerans	3188304	2.0	0	0.0			0.0
CSM7KOMH	39496	Eubacterium_ventriosum	2761423	2.0	0	0.0			0.0
CSM7KOMH	39777	Veillonella_atypica	2071607	2.0	0	0.0			0.0
CSM7KOMH	40520	Blautia_obeum	3649956	2.0	0	0.0			0.0
CSM7KOMH	411486	Clostridium_sp._M62-1	3842594	2.0	1	0.5	97.02970297029702	40	0.0026544568590905
CSM7KOMH	411489	Clostridium_sp._L2-50	2954616	6.0	2	0.3333333333333333	92.64705882352942	3.0	0.002335328854917187
CSM7KOMH	418240	Blautia_wexlerae	4685728	8.0	3	0.375	97.02970297029704	30.666666666666668	0.004503035600871412
CSM7KOMH	457387	Bacteroides_sp._1_1_30	6480532	10.0	6	0.6	98.1266501650165	16.666666666666668	0.00836351089694488
CSM7KOMH	457390	Bacteroides_sp._3_1_23	6520178	6.0	6	1.0	100.0	42.0	0.0076071542832112865
CSM7KOMH	46503	Parabacteroides_merdae	4403124	12.0	0	0.0			0.0
CSM7KOMH	46506	Bacteroides_stercoris	4009829	12.0	0	0.0			0.0
CSM7KOMH	469588	Bacteroides_sp._2_1_22	6003748	12.0	8	0.6666666666666666	99.62871287128714	42.0	0.008594631220364345
CSM7KOMH	469590	Bacteroides_sp._2_2_4	7101224	56.0	45	0.8035714285714286	99.4427074286376	40.55555555555556	0.05265289476856385
CSM7KOMH	470	Acinetobacter_baumannii	3999136	2.0	0	0.0			0.0
CSM7KOMH	47500	Aneurinibacillus_migulanus	6348994	2.0	1	0.5	100.0	1	0.0012915431956621788
CSM7KOMH	47678	Bacteroides_caccae	5499725	68.0	17	0.25	98.39446930545624	3.823529411764706	0.023510266422412027
CSM7KOMH	487174	Barnesiella_intestinihominis	3443906	2.0	0	0.0			0.0
CSM7KOMH	501571	Butyricicoccus_pullicaecorum	2997778	34.0	21	0.6176470588235294	96.92340598692678	33.80952380952381	0.04730170146021487
CSM7KOMH	546	Citrobacter_freundii	5171093	2.0	2	1.0	97.52475247524752	41.0	0.003519565399423294
CSM7KOMH	55211	Erwinia_persicina	4802925	2.0	0	0.0			0.0
CSM7KOMH	556258	Bacteroides_sp._D1	5974559	2.0	2	1.0	99.01475441661813	42.0	0.003431215592648763
CSM7KOMH	556259	Bacteroides_sp._D2	6920457	6.0	6	1.0	98.68957483983694	35.333333333333336	0.008669947663860927
CSM7KOMH	562	Escherichia_coli	5594605	252.0	121	0.4801587301587302	98.12199078793711	36.107438016528924	0.187126705102505
CSM7KOMH	573	Klebsiella_pneumoniae	5682322	14.0	0	0.0			0.0
CSM7KOMH	582	Morganella_morganii	3889903	8.0	2	0.25	95.54455445544554	23.5	0.0027507112645225344
CSM7KOMH	584	Proteus_mirabilis	4099895	4.0	2	0.5	97.52475247524752	32.5	0.004975737183513237
CSM7KOMH	585544	Bacteroides_sp._D22	6344045	4.0	4	1.0	100.0	42.0	0.0056430873362342164
CSM7KOMH	59620	uncultured_Clostridium_sp.	3849243	6.0	0	0.0			0.0
CSM7KOMH	60133	Prevotella_pallens	3108714	2.0	2	1.0	96.56862745098039	22.5	0.0065943666738078836
CSM7KOMH	623	Shigella_flexneri	4828820	6.0	6	1.0	99.5049504950495	41.666666666666664	0.010913639357027183
CSM7KOMH	624	Shigella_sonnei	4994001	20.0	14	0.7	99.36350777934936	40.714285714285715	0.021165394240009162
CSM7KOMH	626930	Bacteroides_fluxus	4330716	2.0	0	0.0			0.0
CSM7KOMH	626931	Bacteroides_oleiciplenus	7087734	4.0	2	0.5	97.02970297029702	33.0	0.002878211851629872
CSM7KOMH	647910	Listeria_rocourtiae	3278980	4.0	0	0.0			0.0
CSM7KOMH	649756	Anaerostipes_hadrus	2946270	8.0	2	0.25	98.46153846153847	42.0	0.0022401205592155506
CSM7KOMH	667126	Methanocaldococcus_villosus	1249385	2.0	0	0.0			0.0
CSM7KOMH	670	Vibrio_parahaemolyticus	5165770	6.0	0	0.0			0.0
CSM7KOMH	671228	Veillonella_sp._oral_taxon_158	1978772	2.0	2	1.0	99.50495049504951	42.0	0.010309424228764102
CSM7KOMH	671267	Phocaeicola_sartorii	5630518	2.0	0	0.0			0.0
CSM7KOMH	674529	Bacteroides_faecis	6352228	12.0	2	0.16666666666666666	96.03960396039605	22.5	0.0032114716285372626
CSM7KOMH	727	Haemophilus_influenzae	1890662	2.0	1	0.5	96.03960396039604	1	0.00539493574208399
CSM7KOMH	796942	Stomatobaculum_longum	2313632	2.0	0	0.0			0.0
CSM7KOMH	813	Chlamydia_trachomatis	1042519	10.0	0	0.0			0.0
CSM7KOMH	817	Bacteroides_fragilis	5241700	2404.0	212	0.08818635607321132	96.2559919395834	24.080188679245282	0.3493523093652823
CSM7KOMH	818	Bacteroides_thetaiotaomicron	6304193	178.0	3	0.016853932584269662	92.73927392739274	6.333333333333333	0.003235941539226353
CSM7KOMH	820	Bacteroides_uniformis	4709701	26.0	0	0.0			0.0
CSM7KOMH	821	Phocaeicola_vulgatus	5163189	28.0	9	0.32142857142857145	97.57975797579758	14.88888888888889	0.017004994393968534
CSM7KOMH	823	Parabacteroides_distasonis	5348976	18.0	2	0.1111111111111111	97.52475247524752	41.0	0.001981687709946726
CSM7KOMH	839	Prevotella_ruminicola	3619559	4.0	0	0.0			0.0
CSM7KOMH	84035	Propionispira_arboris	4261607	2.0	1	0.5	96.03960396039604	15	0.0023934633109059565
CSM7KOMH	853	Faecalibacterium_prausnitzii	3127383	2.0	0	0.0			0.0
CSM7KOMH	85831	Bacteroides_acidifaciens	4849831	14.0	2	0.14285714285714285	97.02970297029702	32.5	0.0035671346073708546
CSM7KOMH	86956	Pectinatus_cerevisiiphilus	2637495	2.0	0	0.0			0.0
CSM7KOMH	871324	Bacteroides_stercorirosoris	6268181	8.0	6	0.75	98.84488448844884	39.0	0.006891951588507096
CSM7KOMH	88431	Dorea_longicatena	2919963	12.0	1	0.08333333333333333	94.05940594059405	23	0.003493194948018177
CSM7KOMH	89014	Blautia_luti	3741599	2.0	2	1.0	100.0	42.0	0.0045702385530892
CSM7KOMH	99481	Tetrasphaera_japonica	5162321	2.0	0	0.0			0.0
HSM6XRQY	100886	Catenibacterium_mitsuokai	2650196	16.0	0	0.0			0.0
HSM6XRQY	1019	Capnocytophaga_sputigena	2855148	2.0	0	0.0			0.0
HSM6XRQY	106588	Pseudoflavonifractor_capillosus	4241076	4.0	0	0.0			0.0
HSM6XRQY	1096246	Hungatella_effluvii	6863335	4.0	0	0.0			0.0
HSM6XRQY	1099853	Coprobacter_fastidiosus	3444538	2.0	0	0.0			0.0
HSM6XRQY	1133319	Bacteroides_reticulotermitis	5382020	4.0	0	0.0			0.0
HSM6XRQY	1150298	Fusicatenibacter_saccharivorans	3782803	14.0	0	0.0			0.0
HSM6XRQY	116085	Coprococcus_catus	3599035	2.0	0	0.0			0.0
HSM6XRQY	1262687	Acidaminococcus_sp._CAG-542	2044712	2.0	0	0.0			0.0
HSM6XRQY	1290	Staphylococcus_hominis	2257431	6.0	0	0.0			0.0
HSM6XRQY	1322	Blautia_hansenii	3065949	4.0	0	0.0			0.0
HSM6XRQY	1392489	Leeuwenhoekiella_sp._MAR_2009_132	4281274	4.0	0	0.0			0.0
HSM6XRQY	1408310	Prevotella_sp._MA2016	3384011	2.0	1	0.5	95.04950495049505	2	0.003014174599314246
HSM6XRQY	1411144	Bacteroides_caecigallinarum	3353010	2.0	0	0.0			0.0
HSM6XRQY	1411316	Pedobacter_sp.	4361339	2.0	0	0.0			0.0
HSM6XRQY	1450156	Defluviitalea_raffinosedens	3092142	2.0	0	0.0			0.0
HSM6XRQY	1470345	Bacteroides_timonensis	7017222	2.0	0	0.0			0.0
HSM6XRQY	1472416	Butyricimonas_faecihominis	4851713	4.0	3	0.75	100.0	42.0	0.003936753884658882
HSM6XRQY	1496	Clostridioides_difficile	4095894	4.0	0	0.0			0.0
HSM6XRQY	1501392	Coprobacter_secundus	4171466	6.0	0	0.0			0.0
HSM6XRQY	1512	-Clostridium-_symbiosum	5299950	12.0	4	0.3333333333333333	99.00990099009901	21.5	0.007679317729412542
HSM6XRQY	151276	Bacteroides_coprosuis	2763468	2.0	0	0.0			0.0
HSM6XRQY	1531	Enterocloster_clostridioformis	5539047	6.0	4	0.6666666666666666	100.0	42.0	0.005163343080497421
HSM6XRQY	154288	Turicibacter_sanguinis	2999687	6.0	0	0.0			0.0
HSM6XRQY	158836	Enterobacter_hormaechei	4915930	2.0	0	0.0			0.0
HSM6XRQY	162156	uncultured_Bacteroides_sp.	5299784	6.0	2	0.3333333333333333	98.51485148514851	42.0	0.0032642839783659106
HSM6XRQY	1629	Weissella_viridescens	1593241	2.0	0	0.0			0.0
HSM6XRQY	165179	Prevotella_copri	3551614	8.0	1	0.125	92.07920792079209	3	0.002871933718022285
HSM6XRQY	1729724	Pseudomonas_sp._TTU2014-080ASC	4522705	4.0	0	0.0			0.0
HSM6XRQY	1739114	Novosphingobium_sp._Fuku2-ISO-50	4422865	2.0	0	0.0			0.0
HSM6XRQY	1750560	Parabacteroides_massiliensis	5015786	2.0	1	0.5	94.05940594059405	23	0.0020335795825419983
HSM6XRQY	1773	Mycobacterium_tuberculosis	4411532	4.0	0	0.0			0.0
HSM6XRQY	1776391	Romboutsia_timonensis	3112481	4.0	2	0.5	100.0	42.0	0.002024108741547338
HSM6XRQY	1796613	Bacteroides_caecimuris	4839927	4.0	2	0.5	99.00990099009901	42.0	0.002871944142959181
HSM6XRQY	1816689	Sutterella_massiliensis	2933700	10.0	0	0.0			0.0
HSM6XRQY	1833852	Desulforamulus_ferrireducens	3240180	2.0	0	0.0			0.0
HSM6XRQY	1834438	Pedobacter_quisquiliarum	3773827	4.0	2	0.5	98.46153846153847	42.0	0.0017488878001031844
HSM6XRQY	1852370	Prevotellamassilia_timonensis	3475353	2.0	0	0.0			0.0
HSM6XRQY	1852384	Massiliimalia_massiliensis	2842720	2.0	0	0.0			0.0
HSM6XRQY	1871020	Clostridium_sp._Marseille-P3244	2972275	4.0	2	0.5	99.50495049504951	42.0	0.006863429527886888
HSM6XRQY	1897013	Parabacteroides_sp._merdae-related_45_40	5338609	6.0	4	0.6666666666666666	98.67720643032044	42.0	0.004308238344482617
HSM6XRQY	1903262	Bacteroides_ndongoniae	4949270	2.0	0	0.0			0.0
HSM6XRQY	1917883	Bacteroides_togonis	3977103	2.0	0	0.0			0.0
HSM6XRQY	1944635	Sutterella_seckii	2783178	2.0	0	0.0			0.0
HSM6XRQY	1955272	Allobacillus_salarius	2595246	2.0	2	1.0	100.0	42.0	0.0074752065892790135
HSM6XRQY	1964360	Fibrobacter_sp._UWB5	3361559	2.0	0	0.0			0.0
HSM6XRQY	1965586	Mediterranea_sp._An20	3844582	2.0	0	0.0			0.0
HSM6XRQY	197461	Pseudovibrio_exalbescens	4157019	4.0	0	0.0			0.0
HSM6XRQY	1979344	Flavobacterium_sp._MDT1-60	5563897	2.0	0	0.0			0.0
HSM6XRQY	2024555	Virgibacillus_profundi	4362047	2.0	0	0.0			0.0
HSM6XRQY	2041044	Eubacterium_maltosivorans	4337501	2.0	0	0.0			0.0
HSM6XRQY	204516	Phocaeicola_massiliensis	4646209	18.0	2	0.1111111111111111	100.0	42.0	0.0031423468035983743
HSM6XRQY	208479	Enterocloster_bolteae	6377378	6.0	0	0.0			0.0
HSM6XRQY	218538	Dialister_invisus	1895960	4.0	0	0.0			0.0
HSM6XRQY	228604	Prevotella_salivae	3099908	6.0	0	0.0			0.0
HSM6XRQY	2292066	Roseburia_sp._AM23-20	4145911	2.0	1	0.5	97.02970297029702	1	0.0024602554179286532
HSM6XRQY	2292075	Sutterella_sp._AM11-39	2227305	2.0	0	0.0			0.0
HSM6XRQY	2292280	Bacteroides_sp._OF02-3LB	6810738	2.0	1	0.5	99.00990099009901	42	0.0014976350580509779
HSM6XRQY	2292284	Bacteroides_sp._OM08-11	3878769	6.0	2	0.3333333333333333	95.54455445544554	23.5	0.0052594005984888505
HSM6XRQY	2292952	Bacteroides_sp._AM41-16	4905507	4.0	2	0.5	97.02970297029702	40.0	0.002181222042899949
HSM6XRQY	2293113	Parabacteroides_sp._AF17-3	6857776	2.0	0	0.0			0.0
HSM6XRQY	2293114	Parabacteroides_sp._AF19-14	5216724	6.0	2	0.3333333333333333	100.0	42.0	0.00260700010197971
HSM6XRQY	2364790	Dysgonomonas_sp._Marseille-P4677	4729948	2.0	0	0.0			0.0
HSM6XRQY	2447885	Bacteroides_faecalis	5771427	10.0	6	0.6	99.17491749174917	2.8333333333333335	0.005631189652056588
HSM6XRQY	246787	Bacteroides_cellulosilyticus	7271073	2.0	0	0.0			0.0
HSM6XRQY	2494234	Sutterella_megalosphaeroides	2725161	6.0	0	0.0			0.0
HSM6XRQY	2547410	Enterocloster_alcoholdehydrogenati	3806033	32.0	16	0.5	99.68934393439343	42.0	0.029926172474069458
HSM6XRQY	2565572	Parasutterella_muris	2500219	2.0	0	0.0			0.0
HSM6XRQY	2570191	Thauera_sp._2A1	5051701	4.0	0	0.0			0.0
HSM6XRQY	2576304	Flavobacterium_sp._GSA192	3832776	2.0	0	0.0			0.0
HSM6XRQY	261299	Intestinibacter_bartlettii	3006269	8.0	2	0.25	98.51485148514851	42.0	0.00678581989835241
HSM6XRQY	2663009	Fusobacterium_pseudoperiodonticum	2413057	8.0	4	0.5	97.52105807595686	33.5	0.011230567698981002
HSM6XRQY	2755405	Bacteroides_sp._CACC_737	4634436	4.0	2	0.5	100.0	42.0	0.002826665423796984
HSM6XRQY	2758403	Faecalibacterium_sp._Marseille-Q3530	2909601	2.0	0	0.0			0.0
HSM6XRQY	2763020	Bacteroides_sp._NSJ-48	4514061	6.0	6	1.0	99.30169846252919	42.0	0.012627210841856145
HSM6XRQY	2763054	Mediterraneibacter_sp._NSJ-55	3598112	12.0	7	0.5833333333333334	96.0413439303114	28.571428571428573	0.011950711928922724
HSM6XRQY	2763658	Ligaoa_zhengdingensis	2951177	2.0	0	0.0			0.0
HSM6XRQY	2763666	Zhenhengia_yiwuensis	3949687	28.0	14	0.5	98.23196605374822	38.857142857142854	0.02000158493571769
HSM6XRQY	2763675	Jilunia_laotingensis	4738048	2.0	0	0.0			0.0
HSM6XRQY	2787132	Anaeromassilibacillus_sp._1001302B_160321_C8	3007086	4.0	0	0.0			0.0
HSM6XRQY	28037	Streptococcus_mitis	1906344	6.0	4	0.6666666666666666	96.2871287128713	32.0	0.015107451750575972
HSM6XRQY	2803863	Clostridium_paridis	4080554	2.0	0	0.0			0.0
HSM6XRQY	28111	Bacteroides_eggerthii	4206509	22.0	4	0.18181818181818182	96.77970297029702	6.5	0.00841552936175817
HSM6XRQY	28113	Bacteroides_heparinolyticus	3608975	8.0	0	0.0			0.0
HSM6XRQY	28116	Bacteroides_ovatus	6472489	210.0	65	0.30952380952380953	99.27865815914207	36.52307692307692	0.07970658582811033
HSM6XRQY	28118	Odoribacter_splanchnicus	4392177	2.0	0	0.0			0.0
HSM6XRQY	28123	Porphyromonas_asaccharolytica	2186370	10.0	6	0.6	94.99202729261691	23.833333333333332	0.021085177714659457
HSM6XRQY	28125	Prevotella_bivia	2521238	8.0	2	0.25	98.83720930232558	42.0	0.0034506857345478685
HSM6XRQY	28128	Prevotella_corporis	2800206	4.0	2	0.5	100.0	42.0	0.004713938903066418
HSM6XRQY	28131	Prevotella_intermedia	2674170	2.0	0	0.0			0.0
HSM6XRQY	281920	Porphyromonas_uenonis	2254407	8.0	2	0.25	93.56435643564356	13.0	0.00541162265731077
HSM6XRQY	2838470	Candidatus_Bacteroides_intestinigallinarum	7220215	4.0	0	0.0			0.0
HSM6XRQY	2886688	Sphingobacterium_sp._FBM7-1	3572354	2.0	0	0.0			0.0
HSM6XRQY	28901	Salmonella_enterica	4951383	8.0	0	0.0			0.0
HSM6XRQY	2896850	Phocaeicola_oris	2975682	8.0	4	0.5	97.41013290518241	33.5	0.005242495669900211
HSM6XRQY	290053	Bacteroides_helcogenes	3998906	2.0	0	0.0			0.0
HSM6XRQY	2903098	Flavobacterium_soyae	5360377	2.0	0	0.0			0.0
HSM6XRQY	291644	Bacteroides_salyersiae	5561372	8.0	0	0.0			0.0
HSM6XRQY	2918199	Corynebacterium_sp._ACRPH	2341876	4.0	2	0.5	100.0	42.0	0.004398183336777865
HSM6XRQY	292800	Flavonifractor_plautii	3985392	88.0	34	0.38636363636363635	98.95860867913593	40.64705882352941	0.061374138353266126
HSM6XRQY	2951805	Parabacteroides_sp._AD58	3770817	2.0	0	0.0			0.0
HSM6XRQY	2972459	Bacteroides_sp._ET336	3919301	4.0	0	0.0			0.0
HSM6XRQY	3031725	Faecalibacterium_sp._DFI.5.82	3480573	4.0	2	0.5	99.00990099009901	42.0	0.0029592828537140293
HSM6XRQY	3034143	Paraflavitalea_sp._H1-2-19X	8760788	2.0	0	0.0			0.0
HSM6XRQY	310297	Phocaeicola_plebeius	4421924	12.0	1	0.08333333333333333	100.0	1	0.0023066882198789487
HSM6XRQY	310298	Phocaeicola_coprocola	3924966	12.0	0	0.0			0.0
HSM6XRQY	310300	Bacteroides_pyogenes	3397546	2.0	0	0.0			0.0
HSM6XRQY	328812	Parabacteroides_goldsteinii	7053599	8.0	4	0.5	99.25242524252425	8.75	0.005302257755225382
HSM6XRQY	328813	Alistipes_onderdonkii	3507492	2.0	0	0.0			0.0
HSM6XRQY	328814	Alistipes_shahii	3809618	4.0	0	0.0			0.0
HSM6XRQY	329854	Bacteroides_intestinalis	6052596	12.0	2	0.16666666666666666	98.61111111111111	42.0	0.0012060940462571763
HSM6XRQY	33025	Phascolarctobacterium_faecium	2454371	142.0	67	0.47183098591549294	99.1199255739716	41.32835820895522	0.2058775955224373
HSM6XRQY	33038	-Ruminococcus-_gnavus	3549191	32.0	4	0.125	98.88888888888889	42.0	0.0055505606770669715
HSM6XRQY	33039	-Ruminococcus-_torques	2979783	2.0	0	0.0			0.0
HSM6XRQY	338188	Bacteroides_finegoldii	4892401	20.0	3	0.15	95.05203627158834	18.666666666666668	0.00504864584894002
HSM6XRQY	350893	Flavobacterium_daejeonense	4244138	2.0	0	0.0			0.0
HSM6XRQY	357276	Phocaeicola_dorei	5625488	56.0	13	0.23214285714285715	96.59219449796439	29.53846153846154	0.02321576368130196
HSM6XRQY	360807	Roseburia_inulinivorans	4227688	66.0	19	0.2878787878787879	97.30495914265035	33.68421052631579	0.03666306501331224
HSM6XRQY	371601	Bacteroides_xylanisolvens	6558523	80.0	15	0.1875	98.52080156616461	30.133333333333333	0.018830459236020062
HSM6XRQY	376804	Phocaeicola_barnesiae	3619906	2.0	1	0.5	94.05940594059405	23	0.0028177527261757625
HSM6XRQY	376806	Bacteroides_gallinarum	4917576	2.0	0	0.0			0.0
HSM6XRQY	387090	Phocaeicola_coprophilus	4113613	14.0	2	0.14285714285714285	96.53465346534654	32.0	0.0025768102152535985
HSM6XRQY	387661	Parabacteroides_johnsonii	4749455	6.0	1	0.16666666666666666	99.00990099009901	42	0.0021476148315964674
HSM6XRQY	393921	Porphyromonas_crevioricanis	2133352	4.0	0	0.0			0.0
HSM6XRQY	39491	-Eubacterium-_rectale	3451485	40.0	15	0.375	97.77448631062916	39.0	0.03592656494233641
HSM6XRQY	39777	Veillonella_atypica	2071607	8.0	0	0.0			0.0
HSM6XRQY	39778	Veillonella_dispar	2116915	2.0	0	0.0			0.0
HSM6XRQY	40520	Blautia_obeum	3649956	4.0	0	0.0			0.0
HSM6XRQY	410072	Coprococcus_comes	3373066	2.0	0	0.0			0.0
HSM6XRQY	418240	Blautia_wexlerae	4685728	6.0	0	0.0			0.0
HSM6XRQY	437898	Sutterella_parvirubra	2376899	12.0	0	0.0			0.0
HSM6XRQY	45254	Dysgonomonas_capnocytophagoides	4784336	2.0	0	0.0			0.0
HSM6XRQY	454154	Paraprevotella_clara	4233768	6.0	0	0.0			0.0
HSM6XRQY	454155	Paraprevotella_xylaniphila	4125322	4.0	0	0.0			0.0
HSM6XRQY	457387	Bacteroides_sp._1_1_30	6480532	4.0	2	0.5	93.56435643564356	15.5	0.0017282531742764328
HSM6XRQY	457390	Bacteroides_sp._3_1_23	6520178	8.0	5	0.625	97.62376237623762	30.0	0.006502889951777391
HSM6XRQY	457392	Bacteroides_sp._3_2_5	5116282	2.0	0	0.0			0.0
HSM6XRQY	46503	Parabacteroides_merdae	4403124	216.0	78	0.3611111111111111	98.75134465818276	34.61538461538461	0.14448832238201786
HSM6XRQY	46506	Bacteroides_stercoris	4009829	2832.0	1116	0.3940677966101695	98.69880865187045	39.03046594982079	2.130365160210074
HSM6XRQY	469585	Bacteroides_sp._1_1_14	6446424	6.0	6	1.0	100.0	42.0	0.008609424387846657
HSM6XRQY	469588	Bacteroides_sp._2_1_22	6003748	4.0	2	0.5	100.0	42.0	0.002798252025234903
HSM6XRQY	469590	Bacteroides_sp._2_2_4	7101224	20.0	14	0.7	99.78852927309538	42.0	0.012518968560912879
HSM6XRQY	469591	Parabacteroides_sp._20_3	5094618	4.0	1	0.25	92.07920792079209	3	0.002002112817879574
HSM6XRQY	47678	Bacteroides_caccae	5499725	38.0	1	0.02631578947368421	100.0	1	0.0018546381864547772
HSM6XRQY	47715	Lacticaseibacillus_rhamnosus	2988387	4.0	0	0.0			0.0
HSM6XRQY	477666	Bacteroides_graminisolvens	3773938	2.0	0	0.0			0.0
HSM6XRQY	487174	Barnesiella_intestinihominis	3443906	10.0	2	0.2	100.0	42.0	0.005226623490885059
HSM6XRQY	487175	Parasutterella_excrementihominis	2831696	2.0	0	0.0			0.0
HSM6XRQY	51201	Streptomyces_griseocarneus	7375626	4.0	0	0.0			0.0
HSM6XRQY	544645	Butyricimonas_virosa	4813254	2.0	0	0.0			0.0
HSM6XRQY	549	Pantoea_agglomerans	4692018	2.0	0	0.0			0.0
HSM6XRQY	556259	Bacteroides_sp._D2	6920457	6.0	3	0.5	98.34983498349834	28.666666666666668	0.00439277348302287
HSM6XRQY	562	Escherichia_coli	5594605	58.0	31	0.5344827586206896	98.40195062615011	33.225806451612904	0.03628495666807576
HSM6XRQY	563193	Parabacteroides_sp._D13	5370710	6.0	2	0.3333333333333333	100.0	42.0	0.0037983804748347983
HSM6XRQY	585543	Bacteroides_sp._D20	4487454	2.0	2	1.0	99.5	42.0	0.0042340266886301235
HSM6XRQY	592978	Mediterraneibacter_faecis	3288691	4.0	0	0.0			0.0
HSM6XRQY	59620	uncultured_Clostridium_sp.	3849243	4.0	0	0.0			0.0
HSM6XRQY	61171	Holdemania_filiformis	3744856	6.0	2	0.3333333333333333	94.55445544554456	16.0	0.00534065929370849
HSM6XRQY	624	Shigella_sonnei	4994001	18.0	16	0.8888888888888888	99.37801750535878	40.8125	0.028033634754979022
HSM6XRQY	626929	Bacteroides_clarus	3897457	60.0	0	0.0			0.0
HSM6XRQY	626930	Bacteroides_fluxus	4330716	4.0	0	0.0			0.0
HSM6XRQY	626932	Alistipes_indistinctus	2857445	2.0	0	0.0			0.0
HSM6XRQY	626935	Collinsella_tanakaei	2492085	8.0	4	0.5	99.50495049504951	42.0	0.010874428440442441
HSM6XRQY	626947	Parasutterella_secunda	1880404	2.0	0	0.0			0.0
HSM6XRQY	649756	Anaerostipes_hadrus	2946270	6.0	0	0.0			0.0
HSM6XRQY	652721	Prevotella_sp._oral_taxon_317	4099098	2.0	0	0.0			0.0
HSM6XRQY	670	Vibrio_parahaemolyticus	5165770	2.0	0	0.0			0.0
HSM6XRQY	671228	Veillonella_sp._oral_taxon_158	1978772	4.0	2	0.5	93.59833042127741	13.0	0.005508466867329839
HSM6XRQY	671267	Phocaeicola_sartorii	5630518	34.0	8	0.23529411764705882	95.04579207920791	22.25	0.012751935079507783
HSM6XRQY	672	Vibrio_vulnificus	5007160	2.0	0	0.0			0.0
HSM6XRQY	674529	Bacteroides_faecis	6352228	14.0	0	0.0			0.0
HSM6XRQY	712888	Actinobaculum_sp._oral_taxon_183	2366015	4.0	2	0.5	100.0	42.0	0.007945849878382006
HSM6XRQY	729	Haemophilus_parainfluenzae	2141704	4.0	0	0.0			0.0
HSM6XRQY	813	Chlamydia_trachomatis	1042519	8.0	0	0.0			0.0
HSM6XRQY	817	Bacteroides_fragilis	5241700	846.0	332	0.39243498817966904	99.10851411413155	40.11144578313253	0.5286071312742049
HSM6XRQY	818	Bacteroides_thetaiotaomicron	6304193	196.0	63	0.32142857142857145	98.35535207207812	38.58730158730159	0.08026404013963405
HSM6XRQY	820	Bacteroides_uniformis	4709701	128.0	4	0.03125	99.1919191919192	42.0	0.006221201728092717
HSM6XRQY	821	Phocaeicola_vulgatus	5163189	1726.0	767	0.4443800695249131	98.9588116048691	36.12907431551499	1.1621112455887244
HSM6XRQY	823	Parabacteroides_distasonis	5348976	50.0	0	0.0			0.0
HSM6XRQY	84112	Eggerthella_lenta	3467966	2.0	2	1.0	100.0	42.0	0.003143052728890652
HSM6XRQY	853	Faecalibacterium_prausnitzii	3127383	118.0	3	0.025423728813559324	94.6963696369637	18.333333333333332	0.009752563085493526
HSM6XRQY	85831	Bacteroides_acidifaciens	4849831	2.0	0	0.0			0.0
HSM6XRQY	871325	Bacteroides_faecichinchillae	4806522	2.0	0	0.0			0.0
HSM6XRQY	871665	Blautia_faecis	4104676	2.0	0	0.0			0.0
HSM6XRQY	88431	Dorea_longicatena	2919963	4.0	0	0.0			0.0
HSM6XRQY	892	Desulfuromonas_sp.	3696576	2.0	0	0.0			0.0
HSM6XRQY	936576	Streptococcus_sp._ACS2	2128555	4.0	2	0.5	99.0	42.0	0.005073864664056132
HSM6XRQY	95486	Burkholderia_cenocepacia	7780598	2.0	0	0.0			0.0
HSM6XRQY	989	Marinilabilia_salmonicolor	4982627	2.0	0	0.0			0.0
HSM7J4QT	100884	Coprobacillus_cateniformis	3861289	8.0	2	0.25	99.00990099009901	42.0	0.0026416049148354345
HSM7J4QT	100886	Catenibacterium_mitsuokai	2650196	22.0	0	0.0			0.0
HSM7J4QT	1034346	Dielma_fastidiosa	3618065	48.0	26	0.5416666666666666	99.96191926884997	42.0	0.06279599730795328
HSM7J4QT	106588	Pseudoflavonifractor_capillosus	4241076	2.0	0	0.0			0.0
HSM7J4QT	109327	Anaerovorax_odorimutans	3263520	2.0	0	0.0			0.0
HSM7J4QT	1131567	Undibacterium_squillarum	4185104	4.0	2	0.5	97.02970297029702	33.0	0.004874430838516797
HSM7J4QT	1150298	Fusicatenibacter_saccharivorans	3782803	4.0	0	0.0			0.0
HSM7J4QT	116085	Coprococcus_catus	3599035	8.0	2	0.25	98.9010989010989	42.0	0.002556240770095317
HSM7J4QT	1193534	uncultured_Flavonifractor_sp.	2635928	26.0	0	0.0			0.0
HSM7J4QT	1217282	Parabacteroides_faecis	6660562	4.0	0	0.0			0.0
HSM7J4QT	1226322	Oscillibacter_sp._KLE_1728	3590714	6.0	6	1.0	99.50330033003301	42.0	0.016431272443307932
HSM7J4QT	1226323	Oscillibacter_sp._KLE_1745	3594235	14.0	8	0.5714285714285714	99.3774502450245	42.0	0.01847402854849502
HSM7J4QT	1226325	Clostridium_sp._KLE_1755	6640751	4.0	2	0.5	99.50495049504951	42.0	0.00307194171261654
HSM7J4QT	1261634	Roseburia_sp._499	3381825	2.0	2	1.0	98.51485148514851	41.0	0.006032245902730035
HSM7J4QT	1262694	Alistipes_sp._CAG-29	3127447	20.0	11	0.55	98.36583535234509	34.72727272727273	0.023565547233893973
HSM7J4QT	1262756	Blautia_sp._CAG-257	2866244	2.0	1	0.5	97.02970297029702	40	0.0035586642309587044
HSM7J4QT	1262805	Clostridium_sp._CAG-43	2618944	8.0	4	0.5	94.76744186046511	25.0	0.006491165905036534
HSM7J4QT	1262880	Eubacterium_sp._CAG-156	2450450	2.0	2	1.0	100.0	42.0	0.008284192699300127
HSM7J4QT	1280	Staphylococcus_aureus	2821361	2.0	0	0.0			0.0
HSM7J4QT	1282	Staphylococcus_epidermidis	2491058	4.0	2	0.5	98.21428571428571	1.0	0.004576368755765623
HSM7J4QT	1297617	Intestinimonas_butyriciproducens	3224506	2.0	0	0.0			0.0
HSM7J4QT	1304	Streptococcus_salivarius	2210574	4.0	2	0.5	98.68421052631578	42.0	0.003483258194477995
HSM7J4QT	1323	Faecalicoccus_pleomorphus	2055154	22.0	0	0.0			0.0
HSM7J4QT	1347393	Bacteroides_neonati	5025334	2.0	0	0.0			0.0
HSM7J4QT	1352	Enterococcus_faecium	2919198	2.0	0	0.0			0.0
HSM7J4QT	1354	Enterococcus_hirae	2931746	4.0	0	0.0			0.0
HSM7J4QT	137732	Granulicatella_elegans	1743361	6.0	2	0.3333333333333333	95.40229885057471	24.0	0.005047721039991143
HSM7J4QT	1452	Bacillus_atrophaeus	4292910	12.0	0	0.0			0.0
HSM7J4QT	1496	Clostridioides_difficile	4095894	26.0	0	0.0			0.0
HSM7J4QT	1501392	Coprobacter_secundus	4171466	12.0	0	0.0			0.0
HSM7J4QT	1512	-Clostridium-_symbiosum	5299950	4.0	1	0.25	95.04950495049505	3	0.0019245464579854526
HSM7J4QT	1528099	Lawsonella_clevelandensis	1860551	4.0	0	0.0			0.0
HSM7J4QT	1531	Enterocloster_clostridioformis	5539047	4.0	0	0.0			0.0
HSM7J4QT	154046	Hungatella_hathewayi	6931886	20.0	4	0.2	100.0	42.0	0.0033612785899825815
HSM7J4QT	1550024	Ruthenibacterium_lactatiformans	4111078	4.0	2	0.5	98.66666666666667	42.0	0.0018486635378847107
HSM7J4QT	1580	Levilactobacillus_brevis	2494328	2.0	0	0.0			0.0
HSM7J4QT	1587	Lactobacillus_helveticus	2120944	4.0	0	0.0			0.0
HSM7J4QT	160404	Anaerotignum_lactatifermentans	2922609	18.0	10	0.5555555555555556	95.33069306930693	23.7	0.031102347252061426
HSM7J4QT	162156	uncultured_Bacteroides_sp.	5299784	4.0	0	0.0			0.0
HSM7J4QT	1628085	Agathobaculum_butyriciproducens	2695431	2.0	0	0.0			0.0
HSM7J4QT	1650661	Clostridium_phoceensis	3453778	4.0	1	0.25	96.96969696969697	40	0.0028953800736468875
HSM7J4QT	165179	Prevotella_copri	3551614	2.0	0	0.0			0.0
HSM7J4QT	165186	uncultured_Ruminococcus_sp.	2960314	4.0	0	0.0			0.0
HSM7J4QT	1652957	Lactococcus_nasutitermitis	2189889	2.0	0	0.0			0.0
HSM7J4QT	1658008	Dysgonomonas_sp._BGC7	4322346	2.0	0	0.0			0.0
HSM7J4QT	166486	Roseburia_intestinalis	4493348	10.0	4	0.4	97.92661619103086	37.25	0.0070103628741864646
HSM7J4QT	1673717	Anaeromassilibacillus_senegalensis	3511751	2.0	0	0.0			0.0
HSM7J4QT	1686	Bifidobacterium_catenulatum	2079525	4.0	0	0.0			0.0
HSM7J4QT	169435	Anaerotruncus_colihominis	3563916	4.0	0	0.0			0.0
HSM7J4QT	1720194	Clostridium_sp._AT4	3412755	194.0	107	0.5515463917525774	99.07684823329134	40.33644859813084	0.25264046203140866
HSM7J4QT	1720294	Eisenbergiella_massiliensis	6692195	16.0	4	0.25	98.51485148514851	41.5	0.006096654386191676
HSM7J4QT	1736399	Tetrasphaera_sp._Soil756	3470999	4.0	0	0.0			0.0
HSM7J4QT	1737424	Blautia_massiliensis	3717343	4.0	0	0.0			0.0
HSM7J4QT	1739298	Bacteroides_sp._HMSC067B03	6513253	2.0	2	1.0	100.0	42.0	0.0031167221663276398
HSM7J4QT	1745713	Bariatricus_massiliensis	4219447	8.0	4	0.5	99.75247524752476	42.0	0.008650422673871718
HSM7J4QT	1747	Cutibacterium_acnes	2494738	6.0	2	0.3333333333333333	99.50495049504951	42.0	0.005812233589258671
HSM7J4QT	1761887	Prevotella_sp._ne3005	3567607	2.0	0	0.0			0.0
HSM7J4QT	1780376	Alistipes_sp._CHKCI003	2869882	2.0	0	0.0			0.0
HSM7J4QT	1796622	Extibacter_muris	3711428	2.0	0	0.0			0.0
HSM7J4QT	1796652	Turicimonas_muris	2887949	4.0	0	0.0			0.0
HSM7J4QT	1798186	Pseudobutyrivibrio_sp._OR37	3558369	2.0	0	0.0			0.0
HSM7J4QT	180164	Blautia_schinkii	3494515	2.0	0	0.0			0.0
HSM7J4QT	180311	Hespellia_stercorisuis	4402942	2.0	0	0.0			0.0
HSM7J4QT	1834438	Pedobacter_quisquiliarum	3773827	2.0	0	0.0			0.0
HSM7J4QT	1851428	Faecalibacterium_longum	2951594	8.0	4	0.5	96.53465346534654	8.0	0.007758519633797874
HSM7J4QT	1870988	Pseudoflavonifractor_phocaeensis	3146058	14.0	0	0.0			0.0
HSM7J4QT	1870997	Alterileibacterium_massiliense	1450823	2.0	2	1.0	100.0	42.0	0.01151070806018377
HSM7J4QT	1871035	Negativibacillus_massiliensis	2876881	2.0	2	1.0	98.01980198019803	42.0	0.007091012801711298
HSM7J4QT	1871336	Criibacterium_bergeronii	2176288	4.0	0	0.0			0.0
HSM7J4QT	1903261	Mailhella_massiliensis	3465670	4.0	0	0.0			0.0
HSM7J4QT	1926283	Lachnoclostridium_edouardi	3329949	10.0	0	0.0			0.0
HSM7J4QT	1926599	Carboxydocella_sp._ULO1	2700370	2.0	0	0.0			0.0
HSM7J4QT	1940789	Lactococcus_petauri	2106259	4.0	0	0.0			0.0
HSM7J4QT	1943579	Oribacterium_sp._C9	3720024	2.0	0	0.0			0.0
HSM7J4QT	1945634	Butyricicoccus_porcorum	2990647	2.0	0	0.0			0.0
HSM7J4QT	1965537	Flavonifractor_sp._An10	3882968	6.0	0	0.0			0.0
HSM7J4QT	1965542	Eubacterium_sp._An11	3912469	2.0	0	0.0			0.0
HSM7J4QT	1965551	Faecalibacterium_sp._An122	3256715	2.0	0	0.0			0.0
HSM7J4QT	1965562	Lachnoclostridium_sp._An14	4288148	128.0	13	0.1015625	98.03328703911114	36.46153846153846	0.026188461778837855
HSM7J4QT	1965571	Erysipelatoclostridium_sp._An173	2931751	4.0	2	0.5	95.04950495049505	23.0	0.0038202425785818783
HSM7J4QT	1965576	Pseudoflavonifractor_sp._An184	3590977	4.0	2	0.5	99.5	42.0	0.0046783925377411216
HSM7J4QT	1965587	Anaeromassilibacillus_sp._An200	3721138	2.0	0	0.0			0.0
HSM7J4QT	1965603	Blautia_sp._An249	3938978	2.0	0	0.0			0.0
HSM7J4QT	1965620	Bacteroides_sp._An279	3937191	4.0	0	0.0			0.0
HSM7J4QT	1965655	Faecalibacterium_sp._An77	3051386	2.0	0	0.0			0.0
HSM7J4QT	1965660	Flavonifractor_sp._An82	3668665	2.0	1	0.5	93.06930693069307	8	0.0027803029167285647
HSM7J4QT	197	Campylobacter_jejuni	1641481	2.0	0	0.0			0.0
HSM7J4QT	1972867	Agrobacterium_rosae	5464393	2.0	0	0.0			0.0
HSM7J4QT	1981510	Monoglobus_pectinilyticus	2759678	4.0	2	0.5	95.40229885057471	24.0	0.003188777821180587
HSM7J4QT	204516	Phocaeicola_massiliensis	4646209	6.0	0	0.0			0.0
HSM7J4QT	2049028	Granulicatella_sp.	1930300	6.0	4	0.6666666666666666	96.03960396039602	32.0	0.018080091177537172
HSM7J4QT	2067550	Clostridium_sp._chh4-2	6089737	2.0	0	0.0			0.0
HSM7J4QT	208479	Enterocloster_bolteae	6377378	30.0	3	0.1	97.02310231023102	18.333333333333332	0.004782529748119054
HSM7J4QT	2086273	Subdoligranulum_sp._APC924-74	3508961	14.0	10	0.7142857142857143	98.27062706270627	29.5	0.020233909695776042
HSM7J4QT	2093857	Dysosmobacter_welbionis	3396268	78.0	20	0.2564102564102564	98.21435643564357	37.15	0.05673874970997578
HSM7J4QT	210	Helicobacter_pylori	1696601	8.0	0	0.0			0.0
HSM7J4QT	2126740	Clostridium_fessum	3109172	8.0	4	0.5	97.02970297029704	29.0	0.013058138951463604
HSM7J4QT	214856	Alistipes_finegoldii	3563510	20.0	5	0.25	98.41584158415841	35.2	0.010523332332447502
HSM7J4QT	216816	Bifidobacterium_longum	2385164	18.0	5	0.2777777777777778	97.50312962330716	26.2	0.011361902158509855
HSM7J4QT	2182327	Candidatus_Nitrotoga_fabula	2304384	2.0	0	0.0			0.0
HSM7J4QT	218538	Dialister_invisus	1895960	768.0	380	0.4947916666666667	98.02699760187568	37.06842105263158	1.5431232726428827
HSM7J4QT	2211183	Evtepia_gabavorous	2494407	4.0	0	0.0			0.0
HSM7J4QT	2292206	Clostridium_sp._AF27-2AA	3575329	4.0	4	1.0	99.25495049504951	42.0	0.009341797635965808
HSM7J4QT	2292209	Collinsella_sp._AF05-8-2	2333248	2.0	0	0.0			0.0
HSM7J4QT	2292304	Clostridium_sp._AM33-3	3217602	6.0	4	0.6666666666666666	95.75117175583105	27.75	0.009416950884540722
HSM7J4QT	2292305	Clostridium_sp._AM42-4	3653786	2.0	0	0.0			0.0
HSM7J4QT	2292307	Clostridium_sp._AM58-1XD	4360356	14.0	2	0.14285714285714285	95.02475247524752	23.0	0.004655583167979862
HSM7J4QT	2292357	Faecalibacterium_sp._OM04-11BH	2961722	6.0	4	0.6666666666666666	97.71787618322273	24.25	0.009994185814873914
HSM7J4QT	2292372	Ruminococcus_sp._AM42-11	4698861	2.0	2	1.0	97.87451571244081	41.0	0.004149941868891205
HSM7J4QT	2292911	Alistipes_sp._AM16-43	3366396	2.0	2	1.0	99.00990099009901	42.0	0.006059893132002296
HSM7J4QT	2292926	Bacteroides_sp._AF26-10BH	4823286	2.0	1	0.5	98.9795918367347	42	0.002052542602698658
HSM7J4QT	2292936	Bacteroides_sp._AF39-16AC	4917973	2.0	2	1.0	97.52475247524752	41.0	0.0021146923742769636
HSM7J4QT	2292952	Bacteroides_sp._AM41-16	4905507	6.0	4	0.6666666666666666	100.0	42.0	0.005177854195295205
HSM7J4QT	2292960	Blautia_sp._AF19-1	3558929	4.0	2	0.5	100.0	42.0	0.0021073755615804643
HSM7J4QT	2292993	Clostridium_sp._AF02-29	3052050	16.0	9	0.5625	97.24972497249726	35.666666666666664	0.02853819563899674
HSM7J4QT	2293025	Clostridium_sp._AM27-28	3250566	4.0	4	1.0	99.25742574257427	42.0	0.012397840868328777
HSM7J4QT	2293030	Clostridium_sp._AM34-9AC	3804624	4.0	2	0.5	100.0	42.0	0.0027860834605469556
HSM7J4QT	2293051	Clostridium_sp._TF06-15AC	3226053	2.0	2	1.0	95.51980198019803	23.5	0.0032857488702138496
HSM7J4QT	2302955	Faecalibacterium_sp._AF10-46	2898008	6.0	3	0.5	96.7876787678768	12.666666666666666	0.006659746971022854
HSM7J4QT	2302956	Faecalibacterium_sp._AF27-11BH	2779402	16.0	14	0.875	97.90850574161531	33.07142857142857	0.045225555713063456
HSM7J4QT	2302957	Faecalibacterium_sp._AM43-5AT	2939397	6.0	6	1.0	97.6897689768977	34.5	0.017962867894333427
HSM7J4QT	2304577	Pseudoflavonifractor_sp._524-17	3724166	4.0	0	0.0			0.0
HSM7J4QT	2305242	Clostridium_sp._AM34-11AC	3752211	4.0	4	1.0	100.0	42.0	0.010846937978701092
HSM7J4QT	2305243	Desulfotomaculum_sp._OF05-3	3720446	2.0	2	1.0	100.0	42.0	0.0035210832249681894
HSM7J4QT	231438	Desulfoluna_butyratoxydans	6440645	2.0	0	0.0			0.0
HSM7J4QT	239935	Akkermansia_muciniphila	2878459	2.0	0	0.0			0.0
HSM7J4QT	2447885	Bacteroides_faecalis	5771427	2.0	1	0.5	94.05940594059405	8	0.0017500004764852784
HSM7J4QT	246787	Bacteroides_cellulosilyticus	7271073	8.0	1	0.125	100.0	42	0.0014028190887369718
HSM7J4QT	2516960	Bacteroides_muris_-ex_Afrizal_et_al._2022-	4387127	4.0	2	0.5	98.51485148514851	41.0	0.004649967963088372
HSM7J4QT	2528203	Bacteroides_sp._A1C1	4502190	2.0	2	1.0	100.0	42.0	0.004531128184283649
HSM7J4QT	253	Chryseobacterium_indologenes	4929686	4.0	0	0.0			0.0
HSM7J4QT	2530045	Megasphaera_sp._SW808	2486044	4.0	0	0.0			0.0
HSM7J4QT	253257	Lacrimispora_amygdalina	5946122	10.0	0	0.0			0.0
HSM7J4QT	2547410	Enterocloster_alcoholdehydrogenati	3806033	8.0	0	0.0			0.0
HSM7J4QT	2565572	Parasutterella_muris	2500219	2.0	0	0.0			0.0
HSM7J4QT	2569538	Ferrimonas_sediminicola	3966543	2.0	0	0.0			0.0
HSM7J4QT	2580425	Faecalibacterium_sp._Marseille-P9312	2800344	8.0	6	0.75	98.16601913355892	29.333333333333332	0.018497727422059577
HSM7J4QT	2584588	Akkermansia_sp._BIOML-A32	3144254	4.0	2	0.5	100.0	42.0	0.0043889583983991115
HSM7J4QT	2584603	Akkermansia_sp._BIOML-A47	3137614	14.0	8	0.5714285714285714	100.0	42.0	0.007107311479359794
HSM7J4QT	2584637	Dorea_sp._BIOML-A1	3012413	2.0	2	1.0	100.0	42.0	0.006340432072229139
HSM7J4QT	2585118	Alistipes_communis	3301347	68.0	38	0.5588235294117647	99.40368494421945	42.0	0.08920601197026547
HSM7J4QT	2592621	Novosphingobium_sp._BW1	4460758	2.0	0	0.0			0.0
HSM7J4QT	2592642	Clostridium_sp._MCC328	3645623	2.0	2	1.0	100.0	42.0	0.0051842990896206215
HSM7J4QT	259315	uncultured_Faecalibacterium_sp.	2673385	22.0	10	0.45454545454545453	99.20594059405941	42.0	0.025510728907359025
HSM7J4QT	2605782	Desulfovibrio_porci	3311244	6.0	4	0.6666666666666666	100.0	42.0	0.00933184023889511
HSM7J4QT	2606634	Velocimicrobium_porci	3095654	2.0	0	0.0			0.0
HSM7J4QT	2652274	Eisenbergiella_porci	6105837	4.0	4	1.0	100.0	39.0	0.006338197367535359
HSM7J4QT	2653165	Pseudomonas_sp._8O	5224806	2.0	2	1.0	94.05940594059405	23.0	0.003904451189192479
HSM7J4QT	2676122	Galactobacter_valiniphilus	3416165	4.0	0	0.0			0.0
HSM7J4QT	2692629	Copranaerobaculum_intestinale	2299421	16.0	8	0.5	98.38737623762376	41.75	0.024962805854169375
HSM7J4QT	270498	Christensenella_hongkongensis	3152139	4.0	2	0.5	100.0	42.0	0.005297989714286077
HSM7J4QT	2714358	Pusillibacter_faecalis	3407680	22.0	14	0.6363636363636364	99.85855728429986	42.0	0.031575734810780354
HSM7J4QT	2758403	Faecalibacterium_sp._Marseille-Q3530	2909601	2.0	2	1.0	99.50495049504951	42.0	0.00701127061751766
HSM7J4QT	2763042	Dysosmobacter_sp._BX15	3671022	2.0	0	0.0			0.0
HSM7J4QT	2763054	Mediterraneibacter_sp._NSJ-55	3598112	6.0	6	1.0	97.6897689768977	36.0	0.014896701381168791
HSM7J4QT	2763064	Roseburia_sp._BX1005	3504022	2.0	2	1.0	100.0	42.0	0.005821881255311754
HSM7J4QT	2763069	Ruminococcus_sp._M6-2020-	3705135	2.0	0	0.0			0.0
HSM7J4QT	2763644	Zhenpiania_hominis	3442329	2.0	0	0.0			0.0
HSM7J4QT	2763662	Yeguia_hominis	2977335	2.0	0	0.0			0.0
HSM7J4QT	2763676	Qingrenia_yutianensis	2635915	2.0	2	1.0	98.01980198019803	41.0	0.004021373982089711
HSM7J4QT	2779354	Gemmiger_gallinarum	2955389	2.0	2	1.0	98.51485148514851	42.0	0.005616857882329534
HSM7J4QT	2779518	Blautia_liquoris	3518434	2.0	0	0.0			0.0
HSM7J4QT	278064	uncultured_Dialister_sp.	2345410	4.0	0	0.0			0.0
HSM7J4QT	2787078	Anaeromassilibacillus_sp._D41t1_190614_C2	3107887	4.0	2	0.5	100.0	42.0	0.002123629334013753
HSM7J4QT	2787120	Holdemania_sp._1001302B_160321_E10	3764649	2.0	2	1.0	100.0	42.0	0.005046951256279138
HSM7J4QT	28037	Streptococcus_mitis	1906344	2.0	0	0.0			0.0
HSM7J4QT	28111	Bacteroides_eggerthii	4206509	6.0	0	0.0			0.0
HSM7J4QT	28116	Bacteroides_ovatus	6472489	76.0	4	0.05263157894736842	98.65977861831128	31.75	0.006102752743187358
HSM7J4QT	28117	Alistipes_putredinis	2550678	280.0	120	0.42857142857142855	99.17522067823872	40.041666666666664	0.344065381831811
HSM7J4QT	28118	Odoribacter_splanchnicus	4392177	74.0	34	0.4594594594594595	99.24903848859658	32.55882352941177	0.059309995931402584
HSM7J4QT	28125	Prevotella_bivia	2521238	4.0	0	0.0			0.0
HSM7J4QT	28131	Prevotella_intermedia	2674170	2.0	0	0.0			0.0
HSM7J4QT	28137	Prevotella_veroralis	2990547	4.0	0	0.0			0.0
HSM7J4QT	2817018	Faecalibacterium_sp._Marseille-Q4896	2884496	10.0	8	0.8	99.50371287128714	42.0	0.02097420138561468
HSM7J4QT	2817019	Faecalibacterium_sp._Marseille-Q0746	2860703	2.0	2	1.0	98.51485148514851	6.0	0.007096157832532773
HSM7J4QT	2817020	Faecalibacterium_sp._Marseille-Q4164	2937381	2.0	0	0.0			0.0
HSM7J4QT	2817021	Faecalibacterium_sp._Marseille-Q4137	3284209	2.0	2	1.0	100.0	42.0	0.0045673098149356505
HSM7J4QT	2841514	Roseburia_sp._MSJ-14	3404698	4.0	0	0.0			0.0
HSM7J4QT	2841521	Anaerotignum_sp._MSJ-24	2292124	6.0	0	0.0			0.0
HSM7J4QT	2841531	Pseudoflavonifractor_sp._MSJ-37	2579358	2.0	0	0.0			0.0
HSM7J4QT	287	Pseudomonas_aeruginosa	6264404	4.0	0	0.0			0.0
HSM7J4QT	2881258	Ruminococcus_sp._CLA-AA-H200	3813516	4.0	0	0.0			0.0
HSM7J4QT	2881265	Faecalibacterium_sp._CLA-AA-H223	2808211	4.0	0	0.0			0.0
HSM7J4QT	2883214	Lacrimispora_sp._210928-DFI.3.58	4706493	8.0	2	0.25	97.00990099009901	41.0	0.004313190309642445
HSM7J4QT	2885351	Hominisplanchenecus_faecis	3266661	2.0	2	1.0	96.9690846635684	33.0	0.006153071898185945
HSM7J4QT	28901	Salmonella_enterica	4951383	2.0	0	0.0			0.0
HSM7J4QT	2897707	Merdimmobilis_hominis	2580742	2.0	2	1.0	99.00990099009901	42.0	0.007904703376005814
HSM7J4QT	290052	Acetivibrio_ethanolgignens	3660245	2.0	0	0.0			0.0
HSM7J4QT	290055	Faecalicatena_fissicatena	3118757	4.0	0	0.0			0.0
HSM7J4QT	2903556	Faecalibacterium_gallinarum	2813415	4.0	2	0.5	95.04950495049505	4.5	0.007250974349678238
HSM7J4QT	2914164	Ruminococcus_sp._OA3	4056304	2.0	0	0.0			0.0
HSM7J4QT	291645	Bacteroides_nordii	5678582	6.0	0	0.0			0.0
HSM7J4QT	292	Burkholderia_cepacia	8366868	2.0	0	0.0			0.0
HSM7J4QT	2924040	Parabacteroides_sp._AGMB00274	4308683	10.0	4	0.4	99.12747524752476	42.0	0.0035277601067425944
HSM7J4QT	2925782	Tepidibacter_sp._8C15b	3666533	6.0	0	0.0			0.0
HSM7J4QT	292800	Flavonifractor_plautii	3985392	124.0	26	0.20967741935483872	98.5422325013069	38.15384615384615	0.05454921372853662
HSM7J4QT	2929489	Faecalibacterium_sp._IP-3-29	3002063	14.0	8	0.5714285714285714	99.67948717948718	42.0	0.015822452759985384
HSM7J4QT	2929494	Faecalibacterium_sp._I4-1-79	3227950	2.0	2	1.0	100.0	42.0	0.0037794885298719
HSM7J4QT	2929495	Faecalibacterium_sp._I4-3-84	3119411	4.0	3	0.75	99.66996699669967	36.333333333333336	0.0077258174700287965
HSM7J4QT	29347	-Clostridium-_scindens	3658040	8.0	0	0.0			0.0
HSM7J4QT	2939421	Bacteroides_sp._ET71	3628556	2.0	1	0.5	98.0	42	0.002783476402183127
HSM7J4QT	2941233	Acetatifactor_aquisgranensis	5880648	2.0	0	0.0			0.0
HSM7J4QT	2941333	Mediterraneibacter_agrestimuris	4042800	2.0	0	0.0			0.0
HSM7J4QT	2949656	Barnesiella_sp._B2-R-119	3339361	2.0	2	1.0	100.0	42.0	0.0060490614821218786
HSM7J4QT	2951142	Turicibacter_sp._TA25	2264273	2.0	0	0.0			0.0
HSM7J4QT	29546	Lawsonia_intracellularis	1719192	4.0	0	0.0			0.0
HSM7J4QT	2972763	Bacteroides_sp._BFG-606	6616729	8.0	4	0.5	99.01960784313725	37.5	0.0017531320989570527
HSM7J4QT	2981780	Bacteroides_cellulolyticus	3614006	4.0	0	0.0			0.0
HSM7J4QT	2983399	Acutalibacter_sp._LFL-21	2981203	2.0	0	0.0			0.0
HSM7J4QT	2986996	Ruminococcus_sp._1001136sp1	4479269	4.0	0	0.0			0.0
HSM7J4QT	2997294	Gemmiger_qucibialis	3494751	76.0	53	0.6973684210526315	98.82559014527503	36.509433962264154	0.11803416037365752
HSM7J4QT	2998082	Fournierella_sp._CML151	3203970	2.0	0	0.0			0.0
HSM7J4QT	3002517	Butyricicoccus_sp._OF27-2pH9A	2902140	2.0	2	1.0	93.68044515103338	8.0	0.006064490341609984
HSM7J4QT	301301	Roseburia_hominis	3592125	2.0	0	0.0			0.0
HSM7J4QT	301302	Roseburia_faecis	3385415	30.0	0	0.0			0.0
HSM7J4QT	3014267	Agathobaculum_massiliense	3218823	2.0	2	1.0	100.0	42.0	0.006151316801203421
HSM7J4QT	310298	Phocaeicola_coprocola	3924966	10.0	0	0.0			0.0
HSM7J4QT	310300	Bacteroides_pyogenes	3397546	2.0	0	0.0			0.0
HSM7J4QT	328812	Parabacteroides_goldsteinii	7053599	2.0	2	1.0	100.0	1.0	0.0028921405937592996
HSM7J4QT	328813	Alistipes_onderdonkii	3507492	68.0	23	0.3382352941176471	97.93453360681339	36.869565217391305	0.056393571246919454
HSM7J4QT	328814	Alistipes_shahii	3809618	18.0	0	0.0			0.0
HSM7J4QT	329854	Bacteroides_intestinalis	6052596	56.0	6	0.10714285714285714	97.22202220222022	35.666666666666664	0.007368738967543844
HSM7J4QT	33025	Phascolarctobacterium_faecium	2454371	6.0	0	0.0			0.0
HSM7J4QT	33038	-Ruminococcus-_gnavus	3549191	12.0	0	0.0			0.0
HSM7J4QT	33039	-Ruminococcus-_torques	2979783	48.0	8	0.16666666666666666	100.0	42.0	0.018927552778172103
HSM7J4QT	334542	Rhodococcus_qingshengii	6726107	2.0	0	0.0			0.0
HSM7J4QT	338188	Bacteroides_finegoldii	4892401	14.0	2	0.14285714285714285	99.50495049504951	42.0	0.0032908177395924824
HSM7J4QT	34038	Rahnella_aquatilis	5448900	2.0	1	0.5	96.15384615384616	40	0.0014498339114316651
HSM7J4QT	349931	Clostridium_cavendishii	4987666	2.0	0	0.0			0.0
HSM7J4QT	351091	Oscillibacter_valericigenes	2493294	8.0	0	0.0			0.0
HSM7J4QT	35701	Heliomicrobium_modesticaldum	3075407	4.0	0	0.0			0.0
HSM7J4QT	357276	Phocaeicola_dorei	5625488	26.0	7	0.2692307692307692	96.98550212164074	33.857142857142854	0.009012551444425799
HSM7J4QT	35833	Bilophila_wadsworthia	4461530	258.0	122	0.4728682170542636	97.40479378015701	34.52459016393443	0.23458320351986872
HSM7J4QT	360807	Roseburia_inulinivorans	4227688	12.0	4	0.3333333333333333	96.26237623762377	31.5	0.0072616522316689405
HSM7J4QT	363265	Prevotella_stercorea	3097322	4.0	0	0.0			0.0
HSM7J4QT	371601	Bacteroides_xylanisolvens	6558523	90.0	47	0.5222222222222223	99.04281754833805	37.97872340425532	0.051048078965340214
HSM7J4QT	386414	Hoylesella_timonensis	3217068	4.0	4	1.0	98.51237623762376	24.25	0.012651271281800694
HSM7J4QT	387661	Parabacteroides_johnsonii	4749455	6.0	2	0.3333333333333333	97.50990099009901	16.0	0.0042741746158243415
HSM7J4QT	39485	Lachnospira_eligens	2831389	4.0	0	0.0			0.0
HSM7J4QT	39486	Dorea_formicigenerans	3188304	28.0	6	0.21428571428571427	98.54041742202389	42.0	0.014051357712438964
HSM7J4QT	39488	Anaerobutyricum_hallii	3455681	20.0	4	0.2	98.26732673267327	37.0	0.005179876267514275
HSM7J4QT	39490	Eubacterium_ramulus	3378009	12.0	4	0.3333333333333333	98.26732673267327	22.75	0.009325019560338649
HSM7J4QT	39491	-Eubacterium-_rectale	3451485	772.0	279	0.36139896373056996	98.01779427110073	35.193548387096776	0.5754624458747467
HSM7J4QT	39496	Eubacterium_ventriosum	2761423	2.0	0	0.0			0.0
HSM7J4QT	397865	Barnesiella_viscericola	3076856	2.0	0	0.0			0.0
HSM7J4QT	40214	Acinetobacter_johnsonii	3540498	4.0	0	0.0			0.0
HSM7J4QT	40518	Ruminococcus_bromii	2085998	22.0	4	0.18181818181818182	96.04445738691517	27.0	0.016059459309165205
HSM7J4QT	40519	Ruminococcus_callidus	3228728	4.0	0	0.0			0.0
HSM7J4QT	40520	Blautia_obeum	3649956	16.0	0	0.0			0.0
HSM7J4QT	40545	Sutterella_wadsworthensis	3026517	4.0	0	0.0			0.0
HSM7J4QT	410072	Coprococcus_comes	3373066	14.0	4	0.2857142857142857	98.01980198019803	41.0	0.009160805036130334
HSM7J4QT	411483	Faecalibacterium_duncaniae	3102523	42.0	27	0.6428571428571429	99.22095913295033	38.74074074074074	0.06365786812861661
HSM7J4QT	411489	Clostridium_sp._L2-50	2954616	2.0	2	1.0	97.01980198019803	41.0	0.0048398844384515615
HSM7J4QT	418240	Blautia_wexlerae	4685728	22.0	6	0.2727272727272727	98.50330033003301	24.5	0.006957296710351091
HSM7J4QT	454155	Paraprevotella_xylaniphila	4125322	2.0	0	0.0			0.0
HSM7J4QT	457387	Bacteroides_sp._1_1_30	6480532	4.0	2	0.5	98.90109890109889	42.0	0.002083162308279629
HSM7J4QT	46228	-Ruminococcus-_lactaris	2733858	52.0	20	0.38461538461538464	99.70247524752476	42.0	0.04594240081233188
HSM7J4QT	46503	Parabacteroides_merdae	4403124	58.0	26	0.4482758620689655	99.1999238385377	39.11538461538461	0.04823847795338037
HSM7J4QT	46506	Bacteroides_stercoris	4009829	16.0	2	0.125	100.0	42.0	0.003990195093107461
HSM7J4QT	469585	Bacteroides_sp._1_1_14	6446424	4.0	2	0.5	100.0	42.0	0.002094184310557295
HSM7J4QT	469590	Bacteroides_sp._2_2_4	7101224	6.0	6	1.0	100.0	42.0	0.008266180590838989
HSM7J4QT	474960	Hydrogenoanaerobacterium_saccharovorans	3176247	34.0	0	0.0			0.0
HSM7J4QT	47678	Bacteroides_caccae	5499725	148.0	88	0.5945945945945946	99.93249324932495	42.0	0.1364613685229716
HSM7J4QT	477666	Bacteroides_graminisolvens	3773938	2.0	0	0.0			0.0
HSM7J4QT	487174	Barnesiella_intestinihominis	3443906	2.0	0	0.0			0.0
HSM7J4QT	487175	Parasutterella_excrementihominis	2831696	220.0	39	0.17727272727272728	98.51262424238546	38.282051282051285	0.11505472338838632
HSM7J4QT	52442	Nitrosomonas_nitrosa	3420013	2.0	0	0.0			0.0
HSM7J4QT	53443	Blautia_hydrogenotrophica	3597785	8.0	2	0.25	100.0	42.0	0.005670155387273002
HSM7J4QT	554131	Thiomonas_sp._CB2	3913946	2.0	2	1.0	96.03960396039604	24.0	0.005212131184231974
HSM7J4QT	562	Escherichia_coli	5594605	366.0	167	0.4562841530054645	97.82761456569496	36.0	0.2528328630886363
HSM7J4QT	563193	Parabacteroides_sp._D13	5370710	2.0	0	0.0			0.0
HSM7J4QT	571	Klebsiella_oxytoca	5857964	2.0	0	0.0			0.0
HSM7J4QT	573	Klebsiella_pneumoniae	5682322	12.0	0	0.0			0.0
HSM7J4QT	585543	Bacteroides_sp._D20	4487454	2.0	2	1.0	100.0	42.0	0.0045237232515363945
HSM7J4QT	585544	Bacteroides_sp._D22	6344045	4.0	2	0.5	98.66666666666667	42.0	0.0011979738479156437
HSM7J4QT	592978	Mediterraneibacter_faecis	3288691	94.0	15	0.1595744680851064	97.28908302594965	32.8	0.039286147588812693
HSM7J4QT	59620	uncultured_Clostridium_sp.	3849243	60.0	0	0.0			0.0
HSM7J4QT	61171	Holdemania_filiformis	3744856	2.0	0	0.0			0.0
HSM7J4QT	618	Serratia_odorifera	5001108	2.0	0	0.0			0.0
HSM7J4QT	621	Shigella_boydii	4825405	2.0	1	0.5	99.00990099009901	42	0.002113812208508923
HSM7J4QT	622	Shigella_dysenteriae	5192674	4.0	3	0.75	99.33326665999932	42.0	0.004333027646257015
HSM7J4QT	623	Shigella_flexneri	4828820	4.0	2	0.5	97.75280898876404	42.0	0.0018638093778604297
HSM7J4QT	624	Shigella_sonnei	4994001	40.0	23	0.575	98.51539936602354	39.65217391304348	0.03896675230942084
HSM7J4QT	626929	Bacteroides_clarus	3897457	2.0	0	0.0			0.0
HSM7J4QT	626930	Bacteroides_fluxus	4330716	2.0	0	0.0			0.0
HSM7J4QT	626933	Odoribacter_laneus	3773011	4.0	0	0.0			0.0
HSM7J4QT	626947	Parasutterella_secunda	1880404	2.0	0	0.0			0.0
HSM7J4QT	642589	Caproiciproducens_galactitolivorans	2408423	2.0	0	0.0			0.0
HSM7J4QT	645466	Anaerostipes_butyraticus	3173732	2.0	0	0.0			0.0
HSM7J4QT	649756	Anaerostipes_hadrus	2946270	24.0	4	0.16666666666666666	99.00990099009901	41.5	0.007229479986559277
HSM7J4QT	652706	Oribacterium_sp._oral_taxon_078	2676554	2.0	0	0.0			0.0
HSM7J4QT	66219	Lachnoclostridium_phytofermentans	4847594	2.0	0	0.0			0.0
HSM7J4QT	670	Vibrio_parahaemolyticus	5165770	10.0	0	0.0			0.0
HSM7J4QT	671211	Fusobacterium_sp._oral_taxon_203	2126947	2.0	0	0.0			0.0
HSM7J4QT	671267	Phocaeicola_sartorii	5630518	4.0	1	0.25	92.45283018867924	8	0.0019003580132414104
HSM7J4QT	673271	Catenibacillus_scindens	3872981	2.0	0	0.0			0.0
HSM7J4QT	674529	Bacteroides_faecis	6352228	2.0	0	0.0			0.0
HSM7J4QT	693988	Bilophila_sp._4_1_30	4618310	4.0	4	1.0	99.75247524752476	16.0	0.007621835693143163
HSM7J4QT	745368	Gemmiger_formicilis	3241569	18.0	1	0.05555555555555555	97.02970297029702	6	0.0031466243661634223
HSM7J4QT	765821	uncultured_Blautia_sp.	3060889	52.0	0	0.0			0.0
HSM7J4QT	77095	Prevotella_bryantii	3465067	2.0	0	0.0			0.0
HSM7J4QT	813	Chlamydia_trachomatis	1042519	4.0	0	0.0			0.0
HSM7J4QT	817	Bacteroides_fragilis	5241700	482.0	183	0.3796680497925311	99.21536187709886	40.34426229508197	0.27891714520098443
HSM7J4QT	818	Bacteroides_thetaiotaomicron	6304193	82.0	7	0.08536585365853659	98.58557284299859	41.714285714285715	0.009596787407999723
HSM7J4QT	820	Bacteroides_uniformis	4709701	424.0	186	0.4386792452830189	99.78722482885527	40.06989247311828	0.3090642059867495
HSM7J4QT	821	Phocaeicola_vulgatus	5163189	886.0	378	0.42663656884875845	99.14474212652667	36.576719576719576	0.6041808657401462
HSM7J4QT	823	Parabacteroides_distasonis	5348976	44.0	0	0.0			0.0
HSM7J4QT	84030	Lacrimispora_saccharolytica	4662871	2.0	0	0.0			0.0
HSM7J4QT	84590	Taylorella_asinigenitalis	1638559	4.0	0	0.0			0.0
HSM7J4QT	853	Faecalibacterium_prausnitzii	3127383	584.0	70	0.11986301369863013	96.45218002120427	21.585714285714285	0.19252518799264434
HSM7J4QT	871325	Bacteroides_faecichinchillae	4806522	2.0	2	1.0	99.50495049504951	42.0	0.00424423314820987
HSM7J4QT	871665	Blautia_faecis	4104676	2.0	2	1.0	100.0	42.0	0.0035569189870284525
HSM7J4QT	876091	uncultured_Oscillibacter_sp.	3020033	4.0	4	1.0	98.75737573757375	41.5	0.012814429511200705
HSM7J4QT	88058	Treponema_primitia	4059867	2.0	0	0.0			0.0
HSM7J4QT	88431	Dorea_longicatena	2919963	28.0	4	0.14285714285714285	98.01980198019803	33.0	0.008767234379339737
HSM7J4QT	901	Desulfovibrio_piger	2582155	2.0	0	0.0			0.0
HSM7J4QT	905	Acidaminococcus_fermentans	2329769	2.0	0	0.0			0.0
HSM7J4QT	905011	uncultured_Anaerotruncus_sp.	2790038	2.0	0	0.0			0.0
HSM7J4QT	908612	Alistipes_sp._HGB5	3464615	4.0	1	0.25	95.0	24	0.0029151868245100823
HSM7J4QT	93975	Bacteroides_sp._AR29	4442069	4.0	2	0.5	100.0	1.0	0.004592454552146759
HSM7J4QT	943346	Sporomusa_sp._KB1	6057612	2.0	0	0.0			0.0
HSM7J4QT	94868	Lacrimispora_algidixylanolytica	4639933	4.0	0	0.0			0.0
HSMA33J3	100176	Papillibacter_cinnamivorans	2890610	2.0	0	0.0			0.0
HSMA33J3	100886	Catenibacterium_mitsuokai	2650196	10.0	0	0.0			0.0
HSMA33J3	1034346	Dielma_fastidiosa	3618065	102.0	55	0.5392156862745098	98.21006008065022	37.163636363636364	0.1200365388681519
HSMA33J3	1150298	Fusicatenibacter_saccharivorans	3782803	4.0	2	0.5	96.28260869565217	14.5	0.005128472193767426
HSMA33J3	116085	Coprococcus_catus	3599035	2.0	0	0.0			0.0
HSMA33J3	1235835	Anaerotruncus_sp._G3-2012-	3620383	2.0	2	1.0	99.5	42.0	0.005137577985533575
HSMA33J3	1263547	Oscillibacter_ruminantium	3108242	2.0	0	0.0			0.0
HSMA33J3	1288121	Alistipes_senegalensis	3674467	2.0	0	0.0			0.0
HSMA33J3	1313	Streptococcus_pneumoniae	2110968	2.0	0	0.0			0.0
HSMA33J3	1314	Streptococcus_pyogenes	1746380	4.0	0	0.0			0.0
HSMA33J3	1336	Streptococcus_equi	2154778	4.0	0	0.0			0.0
HSMA33J3	1386092	Cellulomonas_carbonis	3904075	2.0	0	0.0			0.0
HSMA33J3	1411144	Bacteroides_caecigallinarum	3353010	6.0	0	0.0			0.0
HSMA33J3	1434842	Sphingobacterium_sp._JB170	4401704	2.0	0	0.0			0.0
HSMA33J3	1462569	Bacteroides_caecicola	3299531	2.0	2	1.0	99.50495049504951	42.0	0.004727944668499857
HSMA33J3	1465754	Alistipes_timonensis	3488964	2.0	0	0.0			0.0
HSMA33J3	1472416	Butyricimonas_faecihominis	4851713	64.0	26	0.40625	98.90060577073456	39.15384615384615	0.03743007881958393
HSMA33J3	1472417	Butyricimonas_paravirosa	5608017	2.0	2	1.0	97.5	33.0	0.003601986227930479
HSMA33J3	1491	Clostridium_botulinum	3903260	2.0	0	0.0			0.0
HSMA33J3	1496	Clostridioides_difficile	4095894	8.0	0	0.0			0.0
HSMA33J3	1501392	Coprobacter_secundus	4171466	14.0	0	0.0			0.0
HSMA33J3	1512	-Clostridium-_symbiosum	5299950	4.0	1	0.25	95.04950495049505	23	0.0019245464579854526
HSMA33J3	1519439	Oscillibacter_sp._ER4	2729704	6.0	4	0.6666666666666666	98.68527836390197	41.5	0.013371413164211211
HSMA33J3	154046	Hungatella_hathewayi	6931886	4.0	2	0.5	99.00990099009901	42.0	0.0014714610136404437
HSMA33J3	154288	Turicibacter_sanguinis	2999687	2.0	2	1.0	100.0	42.0	0.006800709540695412
HSMA33J3	1550024	Ruthenibacterium_lactatiformans	4111078	4.0	0	0.0			0.0
HSMA33J3	1579	Lactobacillus_acidophilus	1978847	2.0	0	0.0			0.0
HSMA33J3	1587	Lactobacillus_helveticus	2120944	2.0	0	0.0			0.0
HSMA33J3	159272	uncultured_Prevotella_sp.	2941182	2.0	0	0.0			0.0
HSMA33J3	1602169	Prevotella_pectinovora	3292081	2.0	0	0.0			0.0
HSMA33J3	162156	uncultured_Bacteroides_sp.	5299784	6.0	2	0.3333333333333333	100.0	42.0	0.0011698589980270895
HSMA33J3	165179	Prevotella_copri	3551614	14452.0	4335	0.2999584832549128	97.72388658421998	35.13241061130334	8.812247051622164
HSMA33J3	166486	Roseburia_intestinalis	4493348	24.0	14	0.5833333333333334	97.9107863167269	29.5	0.01902812780136326
HSMA33J3	1673721	Intestinimonas_massiliensis	3105129	4.0	0	0.0			0.0
HSMA33J3	1680	Bifidobacterium_adolescentis	2089645	2.0	2	1.0	94.98484848484848	24.0	0.009618858705665315
HSMA33J3	1689270	Intestinimonas_timonensis	3444574	2.0	0	0.0			0.0
HSMA33J3	169435	Anaerotruncus_colihominis	3563916	2.0	0	0.0			0.0
HSMA33J3	1720194	Clostridium_sp._AT4	3412755	6.0	3	0.5	98.00660066006601	41.333333333333336	0.008937061113382005
HSMA33J3	1735	Holdemanella_biformis	2517763	4.0	2	0.5	100.0	42.0	0.0025419390149112524
HSMA33J3	1737424	Blautia_massiliensis	3717343	2.0	0	0.0			0.0
HSMA33J3	1742405	Parabacteroides_sp._PFB2-10	3687546	4.0	0	0.0			0.0
HSMA33J3	1742774	Paenibacillus_sp._YN15	7411752	2.0	0	0.0			0.0
HSMA33J3	1761888	Prevotella_sp._tc2-28	3371121	2.0	0	0.0			0.0
HSMA33J3	1776045	Clostridium_sp._C105KSO13	3208013	2.0	0	0.0			0.0
HSMA33J3	1796613	Bacteroides_caecimuris	4839927	4.0	0	0.0			0.0
HSMA33J3	1841855	Bacteroides_bouchesdurhonensis	5308568	12.0	8	0.6666666666666666	98.66210327623831	25.5	0.00923036118214931
HSMA33J3	185293	Prevotella_oryzae	3287991	2.0	0	0.0			0.0
HSMA33J3	1870988	Pseudoflavonifractor_phocaeensis	3146058	4.0	0	0.0			0.0
HSMA33J3	1870991	Massilioclostridium_coli	2985330	2.0	0	0.0			0.0
HSMA33J3	1871029	Intestinibacillus_massiliensis	2841380	2.0	0	0.0			0.0
HSMA33J3	1872444	Alistipes_sp.	3229522	2.0	0	0.0			0.0
HSMA33J3	1884669	Porphyromonas_loveana	2275291	4.0	0	0.0			0.0
HSMA33J3	1917867	Bacilliculturomica_massiliensis	4516356	4.0	0	0.0			0.0
HSMA33J3	1945593	Oscillibacter_sp.	3726880	8.0	0	0.0			0.0
HSMA33J3	1945634	Butyricicoccus_porcorum	2990647	2.0	0	0.0			0.0
HSMA33J3	1965548	Drancourtella_sp._An12	3632099	4.0	2	0.5	98.59154929577466	42.0	0.0019823248209919386
HSMA33J3	1965580	Bacteroides_sp._An19	4733083	2.0	0	0.0			0.0
HSMA33J3	1965649	Butyricimonas_sp._An62	5210888	4.0	2	0.5	94.77736163129421	24.0	0.0017271528384413559
HSMA33J3	2020964	Bifidobacterium_margollesii	2789387	4.0	0	0.0			0.0
HSMA33J3	2024219	Prevotella_sp._P4-98	3107872	2.0	1	0.5	96.03960396039604	4	0.0032819884474006656
HSMA33J3	2024555	Virgibacillus_profundi	4362047	2.0	0	0.0			0.0
HSMA33J3	2026191	Bacillus_luti	5315231	2.0	0	0.0			0.0
HSMA33J3	204516	Phocaeicola_massiliensis	4646209	2.0	1	0.5	98.01980198019803	42	0.0021953381778563987
HSMA33J3	2079531	Prevotella_sp._Marseille-P4119	3912650	4.0	4	1.0	97.014701470147	36.25	0.009226483329712598
HSMA33J3	2093856	Butyricimonas_faecalis	4976422	2.0	0	0.0			0.0
HSMA33J3	2093857	Dysosmobacter_welbionis	3396268	14.0	2	0.14285714285714285	97.52475247524752	41.0	0.006006593119270917
HSMA33J3	2108523	Lawsonibacter_asaccharolyticus	3126090	2.0	2	1.0	98.51485148514851	42.0	0.006525723827528958
HSMA33J3	214856	Alistipes_finegoldii	3563510	6.0	0	0.0			0.0
HSMA33J3	2292053	Parabacteroides_sp._AM08-6	4189784	2.0	0	0.0			0.0
HSMA33J3	2292054	Prevotella_sp._AM23-5	3940282	4.0	3	0.75	97.35973597359737	16.666666666666668	0.007740562731296897
HSMA33J3	2292236	Odoribacter_sp._AF15-53	5206690	2.0	0	0.0			0.0
HSMA33J3	2292287	Blautia_sp._OF03-15BH	3728016	2.0	2	1.0	100.0	42.0	0.005472079518972021
HSMA33J3	2292304	Clostridium_sp._AM33-3	3217602	4.0	2	0.5	95.04950495049505	6.5	0.006340125348007616
HSMA33J3	2292364	Prevotella_sp._AM34-19LB	3560375	8.0	7	0.875	96.31082401318189	28.857142857142858	0.01567250640733069
HSMA33J3	2292365	Prevotella_sp._TF12-30	3900702	2.0	2	1.0	93.56435643564356	13.0	0.003563461141097167
HSMA33J3	2292957	Bacteroides_sp._OF03-11BH	6871891	4.0	2	0.5	100.0	42.0	0.0009749863611049709
HSMA33J3	2292959	Blautia_sp._AF17-9LB	4076914	2.0	2	1.0	94.05940594059406	16.0	0.005003784725407502
HSMA33J3	2292971	Blautia_sp._AM23-13AC	3443045	4.0	2	0.5	100.0	42.0	0.002091172203674364
HSMA33J3	2293005	Clostridium_sp._AF23-6LB	2889150	2.0	0	0.0			0.0
HSMA33J3	2293024	Clostridium_sp._AM22-11AC	3795623	2.0	1	0.5	93.06930693069307	2	0.0026609597423137123
HSMA33J3	2293028	Clostridium_sp._AM29-11AC	3547659	2.0	2	1.0	100.0	42.0	0.004059014691096298
HSMA33J3	2293109	Faecalibacterium_sp._OF04-11AC	2745360	6.0	3	0.5	95.04950495049503	18.333333333333332	0.007503569659352508
HSMA33J3	2293125	Prevotella_sp._AM42-24	3992130	4.0	2	0.5	93.45827439886845	15.5	0.005034906177905028
HSMA33J3	2293144	Roseburia_sp._TF10-5	3443473	4.0	2	0.5	99.50495049504951	42.0	0.003717177396192739
HSMA33J3	2294119	Flavobacterium_sp._CJ74	4843008	4.0	0	0.0			0.0
HSMA33J3	2302956	Faecalibacterium_sp._AF27-11BH	2779402	2.0	2	1.0	97.52475247524752	41.0	0.004677265109545146
HSMA33J3	2315463	Faecalibacterium_sp._BCRC_81149	3164912	2.0	2	1.0	100.0	42.0	0.005813747744013104
HSMA33J3	2338368	Alcanivorax_profundi	3737376	2.0	0	0.0			0.0
HSMA33J3	239935	Akkermansia_muciniphila	2878459	4.0	0	0.0			0.0
HSMA33J3	2447885	Bacteroides_faecalis	5771427	6.0	3	0.5	97.6897689768977	24.0	0.0028935651442875392
HSMA33J3	246787	Bacteroides_cellulosilyticus	7271073	2.0	0	0.0			0.0
HSMA33J3	2478954	Catenibacterium_sp._co_0103	2540390	4.0	2	0.5	100.0	42.0	0.004133223638890092
HSMA33J3	2497860	Cellulosilyticum_sp._WCF-2	4779774	2.0	0	0.0			0.0
HSMA33J3	2518605	Prevotella_hominis	4105402	44.0	9	0.20454545454545456	97.35973597359737	23.0	0.019121148184757547
HSMA33J3	253257	Lacrimispora_amygdalina	5946122	2.0	0	0.0			0.0
HSMA33J3	2547410	Enterocloster_alcoholdehydrogenati	3806033	4.0	2	0.5	92.07920792079209	3.0	0.002706229819867563
HSMA33J3	2570191	Thauera_sp._2A1	5051701	2.0	0	0.0			0.0
HSMA33J3	2584603	Akkermansia_sp._BIOML-A47	3137614	8.0	4	0.5	100.0	42.0	0.004175147102224812
HSMA33J3	2585118	Alistipes_communis	3301347	124.0	57	0.4596774193548387	99.36533296800795	41.824561403508774	0.1424267124903865
HSMA33J3	259315	uncultured_Faecalibacterium_sp.	2673385	8.0	4	0.5	99.23076923076923	42.0	0.0067330369550214425
HSMA33J3	2652276	Holdemanella_porci	2070150	2.0	0	0.0			0.0
HSMA33J3	2681861	Sporofaciens_musculi	5763728	4.0	0	0.0			0.0
HSMA33J3	2691580	Prevotella_sp._Rep29	2730135	2.0	0	0.0			0.0
HSMA33J3	2714355	Vescimonas_coprocola	2557760	10.0	6	0.6	97.88056116971023	33.166666666666664	0.019431064681596395
HSMA33J3	2714358	Pusillibacter_faecalis	3407680	8.0	2	0.25	98.50990099009901	42.0	0.005957132125082167
HSMA33J3	2739389	Phocaeicola_faecicola	4547551	6.0	2	0.3333333333333333	97.51485148514851	41.0	0.004463941141066918
HSMA33J3	2763016	Anaerofilum_hominis	3136292	4.0	0	0.0			0.0
HSMA33J3	2763020	Bacteroides_sp._NSJ-48	4514061	2.0	2	1.0	97.84711029242459	42.0	0.004186917279141775
HSMA33J3	2763042	Dysosmobacter_sp._BX15	3671022	16.0	10	0.625	99.009900990099	41.6	0.02290915172940941
HSMA33J3	2763051	Lachnospira_sp._NSJ-43	2936761	4.0	2	0.5	100.0	42.0	0.0046309522633949446
HSMA33J3	2763054	Mediterraneibacter_sp._NSJ-55	3598112	4.0	2	0.5	97.53086419753086	40.0	0.00227897297249224
HSMA33J3	2763661	Bianquea_renquensis	3939669	2.0	0	0.0			0.0
HSMA33J3	2763663	Enterocloster_hominis	2775296	4.0	2	0.5	100.0	42.0	0.004756249423484918
HSMA33J3	2763666	Zhenhengia_yiwuensis	3949687	2.0	0	0.0			0.0
HSMA33J3	2766595	Alloprevotella_sp._Lung230	2486202	4.0	0	0.0			0.0
HSMA33J3	2785025	Anaeromicropila_herbilytica	5089009	2.0	0	0.0			0.0
HSMA33J3	28026	Bifidobacterium_pseudocatenulatum	2313752	4.0	2	0.5	99.50495049504951	42.0	0.004581303441336842
HSMA33J3	28051	Lachnospira_multipara	2871860	2.0	0	0.0			0.0
HSMA33J3	28052	Lachnospira_pectinoschiza	2704308	10.0	0	0.0			0.0
HSMA33J3	28111	Bacteroides_eggerthii	4206509	8.0	0	0.0			0.0
HSMA33J3	28116	Bacteroides_ovatus	6472489	86.0	10	0.11627906976744186	98.92244450601542	29.8	0.014260356410030204
HSMA33J3	28117	Alistipes_putredinis	2550678	248.0	116	0.46774193548387094	99.0313021892324	39.508620689655174	0.3807223020702731
HSMA33J3	28118	Odoribacter_splanchnicus	4392177	8.0	5	0.625	98.4076758191283	38.2	0.009767365932657085
HSMA33J3	28125	Prevotella_bivia	2521238	6.0	0	0.0			0.0
HSMA33J3	28127	Hoylesella_buccalis	3307707	10.0	2	0.2	99.0	42.0	0.004051144796077767
HSMA33J3	28130	Prevotella_disiens	3051352	12.0	6	0.5	99.66996699669967	42.0	0.017434894433680546
HSMA33J3	28131	Prevotella_intermedia	2674170	16.0	0	0.0			0.0
HSMA33J3	28133	Prevotella_nigrescens	2887107	2.0	0	0.0			0.0
HSMA33J3	2817018	Faecalibacterium_sp._Marseille-Q4896	2884496	4.0	2	0.5	100.0	42.0	0.004056167871267632
HSMA33J3	2823317	Phascolarctobacterium_sp._Marseille-Q4147	2385942	10.0	3	0.3	94.36963696369635	23.0	0.009891271455886187
HSMA33J3	282402	Prevotella_multiformis	3025491	2.0	0	0.0			0.0
HSMA33J3	2841521	Anaerotignum_sp._MSJ-24	2292124	8.0	4	0.5	95.86520376175548	28.0	0.007722095314215112
HSMA33J3	2841526	Oscillibacter_sp._MSJ-31	2703736	4.0	2	0.5	95.06172839506173	23.0	0.0030328404844259943
HSMA33J3	2841532	Intestinimonas_sp._MSJ-38	3060516	2.0	0	0.0			0.0
HSMA33J3	2847299	Bacteroides_sp._DH3716P	6640706	4.0	1	0.25	95.0	23	0.0015209226247932073
HSMA33J3	2854755	Prevotella_lacticifex	4192550	20.0	10	0.5	98.51287128712872	41.8	0.016505468032581603
HSMA33J3	287	Pseudomonas_aeruginosa	6264404	2.0	0	0.0			0.0
HSMA33J3	2881276	Fusicatenibacter_sp._CLA-AA-H277	3901120	4.0	2	0.5	97.02970297029702	41.0	0.002717168402920187
HSMA33J3	2903556	Faecalibacterium_gallinarum	2813415	2.0	2	1.0	97.52475247524752	33.0	0.007250974349678238
HSMA33J3	2914163	Lawsonibacter_sp._OA9	3000443	4.0	2	0.5	98.98948657752373	42.0	0.0035994684784880103
HSMA33J3	291644	Bacteroides_salyersiae	5561372	34.0	11	0.3235294117647059	98.78074807732219	41.81818181818182	0.014672638334569239
HSMA33J3	291645	Bacteroides_nordii	5678582	2.0	0	0.0			0.0
HSMA33J3	292800	Flavonifractor_plautii	3985392	28.0	7	0.25	99.29833319466401	36.42857142857143	0.013900765595956432
HSMA33J3	2929489	Faecalibacterium_sp._IP-3-29	3002063	6.0	4	0.6666666666666666	100.0	42.0	0.010892509584242569
HSMA33J3	2929493	Faecalibacterium_sp._I3-3-89	2816187	2.0	0	0.0			0.0
HSMA33J3	29466	Veillonella_parvula	2132142	4.0	0	0.0			0.0
HSMA33J3	2965272	Bacteroides_sp._SL.2.06	5754745	4.0	2	0.5	94.66666666666667	23.0	0.001320649307658289
HSMA33J3	2981724	Alitiscatomonas_aceti	3399574	14.0	8	0.5714285714285714	97.80259800544292	37.25	0.013766430735145052
HSMA33J3	2981769	Brotolimicola_acetigignens	4097696	4.0	2	0.5	98.51485148514851	42.0	0.004295096561579971
HSMA33J3	2981780	Bacteroides_cellulolyticus	3614006	2.0	0	0.0			0.0
HSMA33J3	2997294	Gemmiger_qucibialis	3494751	2.0	0	0.0			0.0
HSMA33J3	2997947	Coprococcus_sp._AF51-11b1	3335027	2.0	2	1.0	95.54455445544554	23.5	0.004677623299601472
HSMA33J3	301301	Roseburia_hominis	3592125	16.0	5	0.3125	98.21782178217822	26.2	0.01199846887288165
HSMA33J3	301302	Roseburia_faecis	3385415	4.0	2	0.5	98.51485148514851	42.0	0.006025849120418029
HSMA33J3	3035284	Prevotella_sp._B2-R-102	3414194	8.0	1	0.125	95.04950495049505	23	0.002987527949495547
HSMA33J3	310297	Phocaeicola_plebeius	4421924	22.0	0	0.0			0.0
HSMA33J3	310298	Phocaeicola_coprocola	3924966	2.0	0	0.0			0.0
HSMA33J3	310300	Bacteroides_pyogenes	3397546	4.0	0	0.0			0.0
HSMA33J3	328812	Parabacteroides_goldsteinii	7053599	96.0	38	0.3958333333333333	98.52512102316871	38.6578947368421	0.04560792299080228
HSMA33J3	328813	Alistipes_onderdonkii	3507492	22.0	2	0.09090909090909091	94.05940594059406	16.0	0.0029935920024906685
HSMA33J3	328814	Alistipes_shahii	3809618	26.0	11	0.4230769230769231	99.01251301600747	40.09090909090909	0.0237031639392716
HSMA33J3	33025	Phascolarctobacterium_faecium	2454371	2.0	0	0.0			0.0
HSMA33J3	33038	-Ruminococcus-_gnavus	3549191	6.0	0	0.0			0.0
HSMA33J3	33039	-Ruminococcus-_torques	2979783	4.0	0	0.0			0.0
HSMA33J3	33043	Coprococcus_eutactus	3112919	2.0	0	0.0			0.0
HSMA33J3	338188	Bacteroides_finegoldii	4892401	12.0	2	0.16666666666666666	100.0	42.0	0.0011037525337763605
HSMA33J3	351091	Oscillibacter_valericigenes	2493294	22.0	0	0.0			0.0
HSMA33J3	357276	Phocaeicola_dorei	5625488	56.0	7	0.125	97.1110727960515	25.571428571428573	0.00979470581041147
HSMA33J3	35833	Bilophila_wadsworthia	4461530	16.0	6	0.375	96.82912721747407	32.666666666666664	0.008270705340992888
HSMA33J3	358743	Enterocloster_citroniae	6184194	2.0	0	0.0			0.0
HSMA33J3	360807	Roseburia_inulinivorans	4227688	48.0	14	0.2916666666666667	99.27189147486176	39.0	0.02450511958309128
HSMA33J3	363265	Prevotella_stercorea	3097322	20.0	2	0.1	95.54455445544555	4.5	0.006554048949382725
HSMA33J3	371601	Bacteroides_xylanisolvens	6558523	42.0	9	0.21428571428571427	98.34873487348736	37.55555555555556	0.011572727579060102
HSMA33J3	376805	Phocaeicola_salanitronis	4308663	6.0	0	0.0			0.0
HSMA33J3	387090	Phocaeicola_coprophilus	4113613	2.0	2	1.0	100.0	42.0	0.003986762974543303
HSMA33J3	387661	Parabacteroides_johnsonii	4749455	4.0	2	0.5	95.04950495049505	21.5	0.003937293857926857
HSMA33J3	39486	Dorea_formicigenerans	3188304	6.0	0	0.0			0.0
HSMA33J3	39488	Anaerobutyricum_hallii	3455681	6.0	2	0.3333333333333333	99.50495049504951	42.0	0.005498192686188338
HSMA33J3	39491	-Eubacterium-_rectale	3451485	60.0	17	0.2833333333333333	98.23127854581125	38.411764705882355	0.0369406212108701
HSMA33J3	39496	Eubacterium_ventriosum	2761423	40.0	18	0.45	99.36728500436249	42.0	0.050408792857885236
HSMA33J3	40518	Ruminococcus_bromii	2085998	4.0	0	0.0			0.0
HSMA33J3	40520	Blautia_obeum	3649956	12.0	0	0.0			0.0
HSMA33J3	40543	Sneathia_sanguinegens	1305941	4.0	2	0.5	95.51980198019803	23.5	0.008959057109011816
HSMA33J3	40545	Sutterella_wadsworthensis	3026517	174.0	89	0.5114942528735632	98.35182869509023	35.168539325842694	0.25233626640788737
HSMA33J3	407975	Hoylesella_pleuritidis	2399924	4.0	0	0.0			0.0
HSMA33J3	410072	Coprococcus_comes	3373066	10.0	0	0.0			0.0
HSMA33J3	411483	Faecalibacterium_duncaniae	3102523	14.0	9	0.6428571428571429	98.99246352334518	35.77777777777778	0.021853182071494715
HSMA33J3	418240	Blautia_wexlerae	4685728	10.0	2	0.2	94.55445544554456	16.0	0.004353645794207431
HSMA33J3	419005	Prevotella_amnii	2415558	2.0	0	0.0			0.0
HSMA33J3	43654	Pseudoalteromonas_aurantia	5602374	2.0	0	0.0			0.0
HSMA33J3	454154	Paraprevotella_clara	4233768	638.0	260	0.40752351097178685	98.18437220766839	38.01538461538462	0.5100184988879882
HSMA33J3	454155	Paraprevotella_xylaniphila	4125322	52.0	26	0.5	97.40315117733243	33.23076923076923	0.05529265351892531
HSMA33J3	457387	Bacteroides_sp._1_1_30	6480532	2.0	2	1.0	97.02970297029702	32.0	0.0031324588783760345
HSMA33J3	46228	-Ruminococcus-_lactaris	2733858	164.0	80	0.4878048780487805	99.29956286815548	39.75	0.20410716284459543
HSMA33J3	46503	Parabacteroides_merdae	4403124	58.0	12	0.20689655172413793	98.8440594059406	36.5	0.02348332683794506
HSMA33J3	46506	Bacteroides_stercoris	4009829	158.0	57	0.36075949367088606	98.46091124125675	36.526315789473685	0.10556559893202429
HSMA33J3	469588	Bacteroides_sp._2_1_22	6003748	4.0	4	1.0	100.0	42.0	0.005663129098689685
HSMA33J3	469590	Bacteroides_sp._2_2_4	7101224	6.0	4	0.6666666666666666	100.0	42.0	0.004337280446300525
HSMA33J3	469591	Parabacteroides_sp._20_3	5094618	2.0	0	0.0			0.0
HSMA33J3	47678	Bacteroides_caccae	5499725	22.0	0	0.0			0.0
HSMA33J3	487174	Barnesiella_intestinihominis	3443906	16.0	4	0.25	96.54678703164434	35.75	0.009495032675107857
HSMA33J3	51201	Streptomyces_griseocarneus	7375626	2.0	0	0.0			0.0
HSMA33J3	53442	Eubacterium_callanderi	4316707	2.0	0	0.0			0.0
HSMA33J3	544644	Butyricimonas_synergistica	4770838	18.0	0	0.0			0.0
HSMA33J3	544645	Butyricimonas_virosa	4813254	24.0	6	0.25	96.84818481848185	29.666666666666668	0.008061074690843243
HSMA33J3	562	Escherichia_coli	5594605	132.0	58	0.4393939393939394	98.3296207218574	37.0	0.08651191639088014
HSMA33J3	563193	Parabacteroides_sp._D13	5370710	2.0	0	0.0			0.0
HSMA33J3	574930	Parabacteroides_gordonii	6867216	2.0	0	0.0			0.0
HSMA33J3	592978	Mediterraneibacter_faecis	3288691	6.0	0	0.0			0.0
HSMA33J3	59620	uncultured_Clostridium_sp.	3849243	24.0	0	0.0			0.0
HSMA33J3	621	Shigella_boydii	4825405	2.0	2	1.0	98.51485148514851	41.0	0.004227624417017846
HSMA33J3	624	Shigella_sonnei	4994001	14.0	10	0.7142857142857143	98.60062263958355	41.8	0.017621141845986815
HSMA33J3	626929	Bacteroides_clarus	3897457	6.0	0	0.0			0.0
HSMA33J3	626930	Bacteroides_fluxus	4330716	2.0	0	0.0			0.0
HSMA33J3	626933	Odoribacter_laneus	3773011	2.0	0	0.0			0.0
HSMA33J3	626940	Phascolarctobacterium_succinatutens	2345971	72.0	18	0.25	96.84644345299697	33.166666666666664	0.06462142967666692
HSMA33J3	649756	Anaerostipes_hadrus	2946270	4.0	0	0.0			0.0
HSMA33J3	670	Vibrio_parahaemolyticus	5165770	22.0	0	0.0			0.0
HSMA33J3	671267	Phocaeicola_sartorii	5630518	4.0	2	0.5	96.03960396039604	31.5	0.0031435828817170993
HSMA33J3	674529	Bacteroides_faecis	6352228	8.0	0	0.0			0.0
HSMA33J3	712710	Tannerella_serpentiformis	2973544	2.0	0	0.0			0.0
HSMA33J3	745368	Gemmiger_formicilis	3241569	18.0	5	0.2777777777777778	98.8118811881188	31.0	0.014437452974161588
HSMA33J3	76517	Campylobacter_hominis	1714951	4.0	2	0.5	98.50990099009901	42.0	0.011837072895960293
HSMA33J3	765821	uncultured_Blautia_sp.	3060889	4.0	0	0.0			0.0
HSMA33J3	77095	Prevotella_bryantii	3465067	4.0	0	0.0			0.0
HSMA33J3	813	Chlamydia_trachomatis	1042519	8.0	0	0.0			0.0
HSMA33J3	817	Bacteroides_fragilis	5241700	72.0	0	0.0			0.0
HSMA33J3	818	Bacteroides_thetaiotaomicron	6304193	60.0	18	0.3	99.50495049504951	34.666666666666664	0.02396817483221088
HSMA33J3	820	Bacteroides_uniformis	4709701	68.0	17	0.25	97.95806639487478	31.764705882352942	0.030511491069178276
HSMA33J3	821	Phocaeicola_vulgatus	5163189	1036.0	425	0.41023166023166024	98.89260662680051	38.23058823529412	0.6885473299544138
HSMA33J3	823	Parabacteroides_distasonis	5348976	158.0	4	0.02531645569620253	98.76237623762376	42.0	0.00506639027731663
HSMA33J3	83554	Chlamydia_psittaci	1179220	2.0	0	0.0			0.0
HSMA33J3	853	Faecalibacterium_prausnitzii	3127383	170.0	35	0.20588235294117646	97.09135653088227	29.685714285714287	0.08419179870198182
HSMA33J3	85831	Bacteroides_acidifaciens	4849831	2.0	1	0.5	98.01980198019803	15	0.0021031660690857064
HSMA33J3	871325	Bacteroides_faecichinchillae	4806522	2.0	2	1.0	99.50495049504951	42.0	0.0033496153767734755
HSMA33J3	88431	Dorea_longicatena	2919963	12.0	0	0.0			0.0
HSMA33J3	93975	Bacteroides_sp._AR29	4442069	4.0	2	0.5	100.0	1.0	0.004592454552146759
HSMA33KE	100176	Papillibacter_cinnamivorans	2890610	2.0	0	0.0			0.0
HSMA33KE	100886	Catenibacterium_mitsuokai	2650196	10.0	0	0.0			0.0
HSMA33KE	1034346	Dielma_fastidiosa	3618065	30.0	16	0.5333333333333333	99.78370704717531	42.0	0.033083982736628555
HSMA33KE	105841	Anaerostipes_caccae	3284789	6.0	0	0.0			0.0
HSMA33KE	105843	Anaerobutyricum_soehngenii	3194235	8.0	2	0.25	98.01980198019803	42.0	0.006386505689155619
HSMA33KE	106588	Pseudoflavonifractor_capillosus	4241076	12.0	0	0.0			0.0
HSMA33KE	109327	Anaerovorax_odorimutans	3263520	4.0	0	0.0			0.0
HSMA33KE	1133319	Bacteroides_reticulotermitis	5382020	2.0	0	0.0			0.0
HSMA33KE	1150298	Fusicatenibacter_saccharivorans	3782803	82.0	19	0.23170731707317074	98.13860582119725	38.78947368421053	0.0365073201009939
HSMA33KE	116085	Coprococcus_catus	3599035	8.0	0	0.0			0.0
HSMA33KE	1193534	uncultured_Flavonifractor_sp.	2635928	2.0	0	0.0			0.0
HSMA33KE	1226324	Blautia_sp._KLE_1732	3573774	14.0	10	0.7142857142857143	99.70198019801981	42.0	0.02126603417003985
HSMA33KE	1226325	Clostridium_sp._KLE_1755	6640751	10.0	4	0.4	99.00990099009903	42.0	0.0029665319479679334
HSMA33KE	1227265	Capnocytophaga_sp._oral_taxon_863	2724306	2.0	2	1.0	100.0	42.0	0.006643893894445045
HSMA33KE	1235790	Eubacterium_sp._14-2	3996868	2.0	0	0.0			0.0
HSMA33KE	1235797	Oscillibacter_sp._1-3	4467686	2.0	0	0.0			0.0
HSMA33KE	1261635	Roseburia_sp._831b	3368602	6.0	2	0.3333333333333333	96.03960396039605	25.0	0.006055924683295919
HSMA33KE	1261637	Anaerostipes_sp._992a	2798165	2.0	0	0.0			0.0
HSMA33KE	1262694	Alistipes_sp._CAG-29	3127447	4.0	0	0.0			0.0
HSMA33KE	1262805	Clostridium_sp._CAG-43	2618944	4.0	2	0.5	100.0	42.0	0.0029019329928398623
HSMA33KE	1262912	Parabacteroides_sp._CAG-2	4561326	2.0	2	1.0	99.00990099009901	42.0	0.004472383688427444
HSMA33KE	1264	Ruminococcus_albus	4482087	2.0	0	0.0			0.0
HSMA33KE	1265	Ruminococcus_flavefaciens	3587803	2.0	0	0.0			0.0
HSMA33KE	1280674	Prevotella_sp._AGR2160	2908381	2.0	0	0.0			0.0
HSMA33KE	1284775	Prevotella_sp._S7-1-8	2838933	2.0	0	0.0			0.0
HSMA33KE	1288121	Alistipes_senegalensis	3674467	8.0	0	0.0			0.0
HSMA33KE	1297617	Intestinimonas_butyriciproducens	3224506	8.0	0	0.0			0.0
HSMA33KE	1297750	Bacteroides_luti	4118748	2.0	0	0.0			0.0
HSMA33KE	1307	Streptococcus_suis	2170808	4.0	0	0.0			0.0
HSMA33KE	1311	Streptococcus_agalactiae	2079123	2.0	0	0.0			0.0
HSMA33KE	1336	Streptococcus_equi	2154778	4.0	0	0.0			0.0
HSMA33KE	1337051	Murimonas_intestini	5727142	8.0	4	0.5	97.56091757091187	32.5	0.005517586258556187
HSMA33KE	1352	Enterococcus_faecium	2919198	4.0	0	0.0			0.0
HSMA33KE	1354	Enterococcus_hirae	2931746	4.0	0	0.0			0.0
HSMA33KE	137838	Clostridium_neonatale	4739640	2.0	0	0.0			0.0
HSMA33KE	1392486	Prevotella_sp._HUN102	3318148	2.0	1	0.5	93.06930693069307	8	0.0030740039323140502
HSMA33KE	1402135	Pseudosulfitobacter_pseudonitzschiae	4933696	2.0	0	0.0			0.0
HSMA33KE	140626	Lachnobacterium_bovis	2717066	2.0	0	0.0			0.0
HSMA33KE	1408281	Endomicrobium_proavitum	1588979	2.0	0	0.0			0.0
HSMA33KE	1408310	Prevotella_sp._MA2016	3384011	2.0	0	0.0			0.0
HSMA33KE	1409788	Sunxiuqinia_dokdonensis	4962831	4.0	0	0.0			0.0
HSMA33KE	1432052	Eisenbergiella_tayi	7555015	10.0	2	0.2	94.05940594059405	23.0	0.0021839797803181065
HSMA33KE	1465	Brevibacillus_laterosporus	5400144	2.0	0	0.0			0.0
HSMA33KE	1465757	Peptoniphilus_senegalensis	1851340	2.0	2	1.0	94.05940594059405	23.0	0.010802985945315285
HSMA33KE	1470347	Alistipes_ihumii	2780015	2.0	0	0.0			0.0
HSMA33KE	1491	Clostridium_botulinum	3903260	2.0	0	0.0			0.0
HSMA33KE	1496	Clostridioides_difficile	4095894	34.0	0	0.0			0.0
HSMA33KE	1501392	Coprobacter_secundus	4171466	2.0	0	0.0			0.0
HSMA33KE	1502	Clostridium_perfringens	3355233	2.0	1	0.5	96.03960396039604	1	0.003040027324480893
HSMA33KE	1509	Clostridium_sporogenes	4141984	4.0	0	0.0			0.0
HSMA33KE	1512	-Clostridium-_symbiosum	5299950	10.0	2	0.2	100.0	42.0	0.0035849394805611374
HSMA33KE	1531	Enterocloster_clostridioformis	5539047	6.0	0	0.0			0.0
HSMA33KE	154046	Hungatella_hathewayi	6931886	10.0	0	0.0			0.0
HSMA33KE	1547	Thomasclavelia_ramosa	3543719	2.0	0	0.0			0.0
HSMA33KE	1550024	Ruthenibacterium_lactatiformans	4111078	38.0	8	0.21052631578947367	98.57102363462153	28.25	0.015251474187548861
HSMA33KE	1550235	Clostridium_sp._KNHs216	3945418	2.0	0	0.0			0.0
HSMA33KE	155865	Eubacterium_pyruvativorans	2158512	2.0	0	0.0			0.0
HSMA33KE	160404	Anaerotignum_lactatifermentans	2922609	94.0	30	0.3191489361702128	96.97481237849811	32.733333333333334	0.08406872079022544
HSMA33KE	1613	Limosilactobacillus_fermentum	1905587	2.0	0	0.0			0.0
HSMA33KE	162156	uncultured_Bacteroides_sp.	5299784	8.0	6	0.75	97.02970297029702	35.0	0.007453133939043554
HSMA33KE	1628085	Agathobaculum_butyriciproducens	2695431	4.0	0	0.0			0.0
HSMA33KE	1629	Weissella_viridescens	1593241	2.0	0	0.0			0.0
HSMA33KE	163	Treponema_bryantii	3516600	2.0	0	0.0			0.0
HSMA33KE	1650661	Clostridium_phoceensis	3453778	6.0	1	0.16666666666666666	95.04950495049505	23	0.0029532876751198252
HSMA33KE	165179	Prevotella_copri	3551614	2.0	0	0.0			0.0
HSMA33KE	165185	uncultured_Eubacterium_sp.	2611477	8.0	0	0.0			0.0
HSMA33KE	165186	uncultured_Ruminococcus_sp.	2960314	28.0	3	0.10714285714285714	94.14688456797485	16.666666666666668	0.006283117263911869
HSMA33KE	1653435	Merdimonas_faecis	3318223	2.0	0	0.0			0.0
HSMA33KE	166486	Roseburia_intestinalis	4493348	6.0	0	0.0			0.0
HSMA33KE	1673717	Anaeromassilibacillus_senegalensis	3511751	112.0	0	0.0			0.0
HSMA33KE	1673721	Intestinimonas_massiliensis	3105129	4.0	2	0.5	99.00990099009901	42.0	0.006569775361989792
HSMA33KE	1680	Bifidobacterium_adolescentis	2089645	2.0	0	0.0			0.0
HSMA33KE	169435	Anaerotruncus_colihominis	3563916	48.0	18	0.375	99.2248714667385	41.55555555555556	0.03611196223480014
HSMA33KE	1720194	Clostridium_sp._AT4	3412755	8.0	2	0.25	100.0	42.0	0.00597757530206534
HSMA33KE	1720313	Bittarella_massiliensis	2806977	4.0	2	0.5	100.0	42.0	0.00580695887426224
HSMA33KE	1735	Holdemanella_biformis	2517763	10.0	0	0.0			0.0
HSMA33KE	1737424	Blautia_massiliensis	3717343	4.0	4	1.0	99.25742574257426	42.0	0.010948680280512183
HSMA33KE	1739298	Bacteroides_sp._HMSC067B03	6513253	4.0	2	0.5	100.0	42.0	0.0011822049596415184
HSMA33KE	1739517	Bacteroides_sp._HMSC073E02	6622929	2.0	2	1.0	100.0	42.0	0.0030802081677155225
HSMA33KE	174709	Allobaculum_stercoricanis	2052877	2.0	0	0.0			0.0
HSMA33KE	1755100	Fusobacterium_gastrosuis	1813656	2.0	0	0.0			0.0
HSMA33KE	1776382	Neglectibacter_timonensis	3671597	4.0	0	0.0			0.0
HSMA33KE	1776392	Massilimicrobiota_timonensis	2661126	4.0	0	0.0			0.0
HSMA33KE	1796613	Bacteroides_caecimuris	4839927	4.0	2	0.5	93.56435643564356	13.0	0.0035950955458625717
HSMA33KE	1796620	Acutalibacter_muris	3802913	2.0	0	0.0			0.0
HSMA33KE	1796628	Longibaculum_muris	3167958	16.0	2	0.125	98.00990099009901	42.0	0.0052399684591778045
HSMA33KE	1796635	Longicatena_caecimuris	3103757	10.0	4	0.4	98.46153846153845	41.0	0.008699134629418476
HSMA33KE	180164	Blautia_schinkii	3494515	4.0	2	0.5	97.02970297029702	17.5	0.0058377199697239816
HSMA33KE	1841855	Bacteroides_bouchesdurhonensis	5308568	4.0	0	0.0			0.0
HSMA33KE	1841865	Mediterranea_massiliensis	3949838	4.0	0	0.0			0.0
HSMA33KE	1852366	Holdemania_sp._Marseille-P2844	3680275	2.0	2	1.0	100.0	42.0	0.004238813675608481
HSMA33KE	1852370	Prevotellamassilia_timonensis	3475353	2.0	0	0.0			0.0
HSMA33KE	1870988	Pseudoflavonifractor_phocaeensis	3146058	12.0	0	0.0			0.0
HSMA33KE	1870991	Massilioclostridium_coli	2985330	2.0	0	0.0			0.0
HSMA33KE	1871006	Bacteroides_congonensis	6373337	4.0	2	0.5	99.50495049504951	42.0	0.0019299152076847656
HSMA33KE	1871035	Negativibacillus_massiliensis	2876881	10.0	0	0.0			0.0
HSMA33KE	1895907	Dysgonomonas_sp._37-18	4410792	2.0	0	0.0			0.0
HSMA33KE	1917868	Blautia_marasmi	6170525	4.0	0	0.0			0.0
HSMA33KE	1917870	Lachnoclostridium_pacaense	6263362	10.0	6	0.6	99.66831683168317	42.0	0.008653499510326882
HSMA33KE	1917873	Pygmaiobacter_massiliensis	2804249	4.0	0	0.0			0.0
HSMA33KE	1926283	Lachnoclostridium_edouardi	3329949	2.0	0	0.0			0.0
HSMA33KE	1944639	Anaeromassilibacillus_sp._Marseille-P3371	3545090	4.0	0	0.0			0.0
HSMA33KE	1944642	Marasmitruncus_massiliensis	3761792	2.0	0	0.0			0.0
HSMA33KE	1945593	Oscillibacter_sp.	3726880	10.0	0	0.0			0.0
HSMA33KE	195	Campylobacter_coli	1716536	2.0	0	0.0			0.0
HSMA33KE	1955272	Allobacillus_salarius	2595246	6.0	4	0.6666666666666666	99.27184466019418	41.5	0.006897226698355377
HSMA33KE	1965537	Flavonifractor_sp._An10	3882968	2.0	0	0.0			0.0
HSMA33KE	1965545	Tyzzerella_sp._An114	2751690	2.0	0	0.0			0.0
HSMA33KE	1965570	Anaeromassilibacillus_sp._An172	2814283	2.0	0	0.0			0.0
HSMA33KE	1965576	Pseudoflavonifractor_sp._An184	3590977	4.0	0	0.0			0.0
HSMA33KE	1965582	Gemmiger_sp._An194	3071855	4.0	0	0.0			0.0
HSMA33KE	1965583	Lachnoclostridium_sp._An196	3252622	4.0	2	0.5	98.33333333333333	42.0	0.0018754100537965988
HSMA33KE	1965586	Mediterranea_sp._An20	3844582	2.0	2	1.0	98.51485148514851	4.0	0.005306168524952777
HSMA33KE	1965587	Anaeromassilibacillus_sp._An200	3721138	2.0	0	0.0			0.0
HSMA33KE	1965618	Desulfovibrio_sp._An276	3200405	2.0	0	0.0			0.0
HSMA33KE	1965634	Flavonifractor_sp._An4	3212734	4.0	2	0.5	91.8918918918919	3.0	0.002334460307015769
HSMA33KE	1965636	Blautia_sp._An46	3820310	4.0	0	0.0			0.0
HSMA33KE	1965640	Bacteroides_sp._An51A	4486442	6.0	4	0.6666666666666666	98.26732673267327	41.5	0.005104267479664287
HSMA33KE	1965664	Flavonifractor_sp._An9	3350225	2.0	2	1.0	96.53465346534654	32.0	0.005342924728936116
HSMA33KE	1977903	Propionibacterium_sp.	2445559	2.0	0	0.0			0.0
HSMA33KE	1981510	Monoglobus_pectinilyticus	2759678	6.0	0	0.0			0.0
HSMA33KE	2004706	Desulfurobacterium_sp.	1686093	2.0	0	0.0			0.0
HSMA33KE	2024555	Virgibacillus_profundi	4362047	2.0	1	0.5	93.44262295081968	8	0.001421351030834835
HSMA33KE	2045012	Clostridium_minihomine	2705425	2.0	0	0.0			0.0
HSMA33KE	2064846	Desertimonas_flava	6220585	2.0	0	0.0			0.0
HSMA33KE	2067550	Clostridium_sp._chh4-2	6089737	4.0	0	0.0			0.0
HSMA33KE	2079004	Clostridium_sp._Cult3	2472187	4.0	0	0.0			0.0
HSMA33KE	208479	Enterocloster_bolteae	6377378	8.0	0	0.0			0.0
HSMA33KE	2086273	Subdoligranulum_sp._APC924-74	3508961	22.0	12	0.5454545454545454	98.17772099790623	27.916666666666668	0.01997742351653381
HSMA33KE	2086583	Pseudoruminococcus_massiliensis	2428410	2.0	0	0.0			0.0
HSMA33KE	2093857	Dysosmobacter_welbionis	3396268	26.0	10	0.38461538461538464	97.82178217821783	31.2	0.028148544225602926
HSMA33KE	2108523	Lawsonibacter_asaccharolyticus	3126090	2.0	2	1.0	99.50495049504951	42.0	0.0037107057058498
HSMA33KE	2126740	Clostridium_fessum	3109172	8.0	0	0.0			0.0
HSMA33KE	214851	Subdoligranulum_variabile	3244954	4.0	0	0.0			0.0
HSMA33KE	214853	Anaerofustis_stercorihominis	2284703	2.0	0	0.0			0.0
HSMA33KE	214856	Alistipes_finegoldii	3563510	56.0	21	0.375	98.32581520700333	39.19047619047619	0.04961400417004583
HSMA33KE	2161814	Lactimicrobium_massiliense	2457574	2.0	0	0.0			0.0
HSMA33KE	218538	Dialister_invisus	1895960	2.0	2	1.0	99.50495049504951	42.0	0.01075972066921243
HSMA33KE	2267611	Capnocytophaga_felis	2882901	2.0	0	0.0			0.0
HSMA33KE	2292046	Lachnotalea_sp._AF33-28	5162566	2.0	0	0.0			0.0
HSMA33KE	2292206	Clostridium_sp._AF27-2AA	3575329	2.0	0	0.0			0.0
HSMA33KE	2292310	Clostridium_sp._OF09-36	3906899	2.0	2	1.0	98.51485148514851	41.0	0.0032762556697780005
HSMA33KE	2292348	Eisenbergiella_sp._OF01-20	7234838	2.0	0	0.0			0.0
HSMA33KE	2292922	Bacteroides_sp._AF25-17LB	4747821	6.0	4	0.6666666666666666	100.0	42.0	0.006234438914188214
HSMA33KE	2292925	Bacteroides_sp._AF25-5LB	4668245	2.0	2	1.0	99.50495049504951	42.0	0.004327107938850681
HSMA33KE	2292927	Bacteroides_sp._AF27-10BH	4668250	2.0	0	0.0			0.0
HSMA33KE	2292952	Bacteroides_sp._AM41-16	4905507	2.0	2	1.0	99.01960784313727	42.0	0.003220869932506467
HSMA33KE	2292957	Bacteroides_sp._OF03-11BH	6871891	2.0	2	1.0	96.5	21.5	0.0029540631537956583
HSMA33KE	2292968	Blautia_sp._AF34-10	3555463	2.0	2	1.0	99.00990099009901	42.0	0.005034506054485731
HSMA33KE	2292980	Blautia_sp._OF03-13	3545221	4.0	2	0.5	99.50495049504951	42.0	0.005302913414988798
HSMA33KE	2292993	Clostridium_sp._AF02-29	3052050	4.0	2	0.5	100.0	42.0	0.003636899788666634
HSMA33KE	2293015	Clostridium_sp._AF36-4	2893834	8.0	4	0.5	99.75247524752476	42.0	0.006911246464033528
HSMA33KE	2293028	Clostridium_sp._AM29-11AC	3547659	4.0	1	0.25	92.07920792079209	3	0.0028751354061932106
HSMA33KE	2293043	Clostridium_sp._OM05-5BH	3036263	2.0	2	1.0	98.4795918367347	42.0	0.00658704466642053
HSMA33KE	2293093	Coprococcus_sp._OM04-5BH	2644330	4.0	2	0.5	97.5609756097561	41.0	0.003138791300631918
HSMA33KE	2293117	Parabacteroides_sp._AF39-10AC	5551839	4.0	2	0.5	100.0	42.0	0.003098072548573545
HSMA33KE	2293123	Parabacteroides_sp._OF01-14	4928274	6.0	1	0.16666666666666666	93.06930693069307	8	0.002069690118690641
HSMA33KE	2293151	Ruminococcus_sp._AF17-12	3707059	2.0	2	1.0	100.0	42.0	0.005260234595672742
HSMA33KE	2293231	Ruminococcus_sp._OM04-4AA	3313141	2.0	2	1.0	98.51485148514851	1.0	0.006157299070579851
HSMA33KE	2293317	Candidatus_Syntrophocurvum_alkaliphilum	2360781	2.0	0	0.0			0.0
HSMA33KE	2302925	Bacteroides_sp._AF32-8BH	7260257	4.0	2	0.5	99.00990099009901	42.0	0.0021211370341297836
HSMA33KE	2302938	Bacteroides_sp._51	6202740	2.0	0	0.0			0.0
HSMA33KE	2304575	Odoribacter_sp._Z80	2563163	2.0	0	0.0			0.0
HSMA33KE	2304577	Pseudoflavonifractor_sp._524-17	3724166	2.0	0	0.0			0.0
HSMA33KE	2320081	Acutalibacter_sp._1XD8-33	3623976	4.0	0	0.0			0.0
HSMA33KE	2320852	Acutalibacter_sp._1XD8-36	3197856	2.0	0	0.0			0.0
HSMA33KE	2447885	Bacteroides_faecalis	5771427	2.0	2	1.0	99.50495049504951	1.0	0.0035346544277524436
HSMA33KE	246787	Bacteroides_cellulosilyticus	7271073	6.0	2	0.3333333333333333	100.0	42.0	0.0017053879117978875
HSMA33KE	2478953	Blautia_sp._aa_0143	3616539	2.0	2	1.0	100.0	42.0	0.0056407521113418105
HSMA33KE	2479843	Agathobaculum_sp._Marseille-P7918	2828178	2.0	0	0.0			0.0
HSMA33KE	2490854	Prevotella_koreensis	2691540	2.0	0	0.0			0.0
HSMA33KE	2508949	Candidatus_Borkfalkia_ceftriaxoniphila	2608799	22.0	13	0.5909090909090909	98.56697977490057	39.07692307692308	0.03840847838411468
HSMA33KE	2509240	Blautia_faecicola	3738517	4.0	3	0.75	98.006467313398	28.333333333333332	0.00813156660782872
HSMA33KE	2509433	Senegalimassilia_faecalis	2748041	2.0	0	0.0			0.0
HSMA33KE	2516960	Bacteroides_muris_-ex_Afrizal_et_al._2022-	4387127	8.0	2	0.25	99.50980392156863	42.0	0.003897767263177018
HSMA33KE	2528203	Bacteroides_sp._A1C1	4502190	4.0	2	0.5	100.0	1.0	0.004531128184283649
HSMA33KE	252967	Thiospirochaeta_perfilievii	3700583	2.0	0	0.0			0.0
HSMA33KE	253	Chryseobacterium_indologenes	4929686	2.0	0	0.0			0.0
HSMA33KE	253257	Lacrimispora_amygdalina	5946122	2.0	0	0.0			0.0
HSMA33KE	2584603	Akkermansia_sp._BIOML-A47	3137614	6.0	4	0.6666666666666666	100.0	42.0	0.006501755792777569
HSMA33KE	2584627	Clostridium_sp._BIOML-A1	2876826	4.0	0	0.0			0.0
HSMA33KE	258475	Pelotomaculum_propionicicum	3946752	2.0	0	0.0			0.0
HSMA33KE	2585118	Alistipes_communis	3301347	104.0	56	0.5384615384615384	99.32583961518915	41.17857142857143	0.12631207806995146
HSMA33KE	258515	Acetanaerobacterium_elongatum	2916215	4.0	0	0.0			0.0
HSMA33KE	259315	uncultured_Faecalibacterium_sp.	2673385	10.0	2	0.2	99.00990099009901	42.0	0.005386429564017154
HSMA33KE	2593411	Selenomonas_sp._mPRGC5	2960121	2.0	0	0.0			0.0
HSMA33KE	2606708	Mogibacterium_kristiansenii	1802987	2.0	0	0.0			0.0
HSMA33KE	261299	Intestinibacter_bartlettii	3006269	2.0	1	0.5	100.0	42	0.003392909949176205
HSMA33KE	2650157	Bacteroides_zhangwenhongii	5320612	18.0	0	0.0			0.0
HSMA33KE	2681861	Sporofaciens_musculi	5763728	2.0	0	0.0			0.0
HSMA33KE	2683272	Spartinivicinus_ruber	6687090	2.0	0	0.0			0.0
HSMA33KE	2696063	Anaerocolumna_sedimenticola	5500435	6.0	0	0.0			0.0
HSMA33KE	2697504	Bacteroides_sp._Marseille-P8574	4794406	2.0	2	1.0	99.00990099009901	42.0	0.0037543754116776927
HSMA33KE	2709398	Parabacteroides_sp._ZJ-118	3176705	2.0	0	0.0			0.0
HSMA33KE	2714353	Vescimonas_fastidiosa	2504406	22.0	10	0.45454545454545453	97.69515781238637	37.6	0.024796299002637752
HSMA33KE	2714355	Vescimonas_coprocola	2557760	136.0	88	0.6470588235294118	97.95987430067308	36.88636363636363	0.2839203052671087
HSMA33KE	2715212	Bacteroides_faecium	6782182	2.0	0	0.0			0.0
HSMA33KE	2722793	Tepidanaerobacter_sp._GT38	2521808	2.0	0	0.0			0.0
HSMA33KE	2736254	Bacillus_sp._WMMC1349	4514885	2.0	0	0.0			0.0
HSMA33KE	2746063	Bacteroides_sp._L10-4	4482024	2.0	2	1.0	100.0	37.0	0.004127599495228049
HSMA33KE	2755405	Bacteroides_sp._CACC_737	4634436	2.0	2	1.0	100.0	30.5	0.0029129758184167393
HSMA33KE	2763027	Blautia_sp._M29	3618389	6.0	4	0.6666666666666666	98.05810184599024	41.0	0.007600067322778175
HSMA33KE	2763042	Dysosmobacter_sp._BX15	3671022	8.0	2	0.25	100.0	42.0	0.0046036226424140195
HSMA33KE	2763050	Hungatella_sp._L12	7159456	2.0	0	0.0			0.0
HSMA33KE	2763052	Lawsonibacter_faecis	4054796	12.0	10	0.8333333333333334	99.86111111111111	42.0	0.02424289656002423
HSMA33KE	2763054	Mediterraneibacter_sp._NSJ-55	3598112	24.0	12	0.5	97.55683901723505	36.916666666666664	0.02754222214316842
HSMA33KE	2763656	Guopingia_tenuis	2203091	14.0	6	0.42857142857142855	99.00990099009903	42.0	0.023648591910184372
HSMA33KE	2763658	Ligaoa_zhengdingensis	2951177	2.0	0	0.0			0.0
HSMA33KE	2763659	Fumia_xinanensis	2834305	2.0	0	0.0			0.0
HSMA33KE	2763661	Bianquea_renquensis	3939669	2.0	0	0.0			0.0
HSMA33KE	2763662	Yeguia_hominis	2977335	12.0	4	0.3333333333333333	99.05803080308031	42.0	0.007422745508987063
HSMA33KE	2763670	Wujia_chipingensis	2942917	2.0	2	1.0	99.00990099009901	42.0	0.006184340231138017
HSMA33KE	2763677	Zongyangia_hominis	2561368	10.0	0	0.0			0.0
HSMA33KE	2763678	Youxingia_wuxianensis	2660737	2.0	0	0.0			0.0
HSMA33KE	2764712	Lentihominibacter_faecis	2097162	6.0	4	0.6666666666666666	99.11144960649912	42.0	0.01263612443864613
HSMA33KE	2774330	Aerococcaceae_bacterium_zg-1292	2424983	2.0	0	0.0			0.0
HSMA33KE	2779355	Ructibacterium_gallinarum	3008341	6.0	0	0.0			0.0
HSMA33KE	2780922	Solibaculum_mannosilyticum	2541474	2.0	0	0.0			0.0
HSMA33KE	2785133	Flavonifractor_sp._AGMB03687	3327744	2.0	2	1.0	100.0	42.0	0.004657810216170475
HSMA33KE	2785794	Bacteroides_sp._HF-5613	4438358	2.0	2	1.0	100.0	42.0	0.004596294395359725
HSMA33KE	2787078	Anaeromassilibacillus_sp._D41t1_190614_C2	3107887	2.0	2	1.0	98.4375	41.0	0.006403064204071769
HSMA33KE	2787112	Romboutsia_sp._1001713B170207_170306_H8	3401524	2.0	0	0.0			0.0
HSMA33KE	2787114	Ruminococcus_sp._D54t1_190329_F1	4332946	2.0	2	1.0	100.0	42.0	0.004546560238692104
HSMA33KE	28026	Bifidobacterium_pseudocatenulatum	2313752	16.0	2	0.125	99.00990099009901	42.0	0.008816848132384111
HSMA33KE	28051	Lachnospira_multipara	2871860	2.0	0	0.0			0.0
HSMA33KE	28052	Lachnospira_pectinoschiza	2704308	2.0	0	0.0			0.0
HSMA33KE	28111	Bacteroides_eggerthii	4206509	8.0	0	0.0			0.0
HSMA33KE	28113	Bacteroides_heparinolyticus	3608975	4.0	0	0.0			0.0
HSMA33KE	28116	Bacteroides_ovatus	6472489	194.0	31	0.15979381443298968	97.60457411965106	31.774193548387096	0.040108218028644005
HSMA33KE	28117	Alistipes_putredinis	2550678	8.0	0	0.0			0.0
HSMA33KE	28118	Odoribacter_splanchnicus	4392177	94.0	36	0.3829787234042553	98.89303948709887	39.19444444444444	0.07447331926741568
HSMA33KE	28123	Porphyromonas_asaccharolytica	2186370	6.0	3	0.5	94.36303630363038	17.666666666666668	0.01395006334700897
HSMA33KE	28124	Porphyromonas_endodontalis	2102930	2.0	0	0.0			0.0
HSMA33KE	28125	Prevotella_bivia	2521238	4.0	0	0.0			0.0
HSMA33KE	28127	Hoylesella_buccalis	3307707	28.0	11	0.39285714285714285	96.0690614515997	28.727272727272727	0.030716142632947842
HSMA33KE	2817018	Faecalibacterium_sp._Marseille-Q4896	2884496	4.0	2	0.5	95.8904109589041	24.0	0.0025654395083231176
HSMA33KE	2818044	Sinanaerobacter_chloroacetimidivorans	4778346	2.0	0	0.0			0.0
HSMA33KE	28189	Capnocytophaga_cynodegmi	2640475	2.0	0	0.0			0.0
HSMA33KE	281920	Porphyromonas_uenonis	2254407	6.0	1	0.16666666666666666	93.06930693069307	8	0.004524471402013922
HSMA33KE	2841521	Anaerotignum_sp._MSJ-24	2292124	10.0	0	0.0			0.0
HSMA33KE	2841525	Pseudoflavonifractor_sp._MSJ-30	2456461	2.0	0	0.0			0.0
HSMA33KE	2841532	Intestinimonas_sp._MSJ-38	3060516	4.0	2	0.5	96.53465346534654	32.5	0.00519520237763828
HSMA33KE	2881261	Roseburia_sp._CLA-AA-H209	3172806	4.0	2	0.5	99.50495049504951	42.0	0.006429639883434412
HSMA33KE	2881265	Faecalibacterium_sp._CLA-AA-H223	2808211	2.0	0	0.0			0.0
HSMA33KE	2881276	Fusicatenibacter_sp._CLA-AA-H277	3901120	4.0	2	0.5	94.36619718309859	23.0	0.0018456238208514478
HSMA33KE	2883214	Lacrimispora_sp._210928-DFI.3.58	4706493	2.0	2	1.0	100.0	42.0	0.004334437552547088
HSMA33KE	28901	Salmonella_enterica	4951383	4.0	0	0.0			0.0
HSMA33KE	2897707	Merdimmobilis_hominis	2580742	10.0	7	0.7	99.43422913719942	36.142857142857146	0.021234203186525424
HSMA33KE	290054	Eubacterium_coprostanoligenes	1823434	2.0	0	0.0			0.0
HSMA33KE	291645	Bacteroides_nordii	5678582	8.0	2	0.25	100.0	42.0	0.0016201227700859125
HSMA33KE	2925782	Tepidibacter_sp._8C15b	3666533	4.0	0	0.0			0.0
HSMA33KE	292800	Flavonifractor_plautii	3985392	256.0	89	0.34765625	98.83997112587912	39.82022471910113	0.17250498821696836
HSMA33KE	2929491	Faecalibacterium_sp._HTF-F	2919330	10.0	8	0.8	98.79688085268154	42.0	0.020997968711998986
HSMA33KE	293386	Bacillus_stratosphericus	3069546	2.0	0	0.0			0.0
HSMA33KE	29347	-Clostridium-_scindens	3658040	16.0	4	0.25	96.02970297029702	28.5	0.008037090901138315
HSMA33KE	29348	Thomasclavelia_spiroformis	2528470	2.0	0	0.0			0.0
HSMA33KE	29364	-Clostridium-_polysaccharolyticum	3458343	2.0	0	0.0			0.0
HSMA33KE	2937417	Bacteroides_muris_-ex_Fokt_et_al._2023-	4249514	2.0	2	1.0	100.0	42.0	0.004777016854162617
HSMA33KE	2941233	Acetatifactor_aquisgranensis	5880648	2.0	1	0.5	92.07920792079209	3	0.0017345027282707618
HSMA33KE	2941335	Odoribacter_lunatus	2631876	2.0	0	0.0			0.0
HSMA33KE	2941505	Anaerotardibacter_muris	1752169	2.0	0	0.0			0.0
HSMA33KE	29466	Veillonella_parvula	2132142	2.0	0	0.0			0.0
HSMA33KE	2949651	Parabacteroides_sp._TA-V-105	7396255	6.0	4	0.6666666666666666	100.0	42.0	0.0036234553838395242
HSMA33KE	2965279	Clostridium_sp._DFI.5.61	3736670	12.0	6	0.5	99.83498349834984	42.0	0.009875102698391883
HSMA33KE	2981725	Brotonthovivens_ammoniilytica	3452403	2.0	0	0.0			0.0
HSMA33KE	2981770	Gallintestinimicrobium_propionicum	3795992	2.0	2	1.0	99.00990099009901	42.0	0.0028714496763955245
HSMA33KE	2983399	Acutalibacter_sp._LFL-21	2981203	2.0	0	0.0			0.0
HSMA33KE	2986996	Ruminococcus_sp._1001136sp1	4479269	2.0	1	0.5	99.00990099009901	12	0.0022771572772253687
HSMA33KE	2997294	Gemmiger_qucibialis	3494751	16.0	8	0.5	99.25742574257427	41.75	0.015623430682185942
HSMA33KE	301301	Roseburia_hominis	3592125	2.0	0	0.0			0.0
HSMA33KE	301302	Roseburia_faecis	3385415	2.0	2	1.0	99.50495049504951	42.0	0.006025849120418029
HSMA33KE	3031725	Faecalibacterium_sp._DFI.5.82	3480573	2.0	2	1.0	99.00990099009901	21.5	0.00586110390444332
HSMA33KE	3031819	Robertmurraya_sp._DFI.2.37	5416197	2.0	0	0.0			0.0
HSMA33KE	310297	Phocaeicola_plebeius	4421924	8.0	2	0.25	95.77464788732394	24.0	0.001628250508149846
HSMA33KE	310298	Phocaeicola_coprocola	3924966	8.0	4	0.5	96.92631110125937	12.5	0.008356760287859819
HSMA33KE	315405	Streptococcus_gallolyticus	2258003	2.0	0	0.0			0.0
HSMA33KE	316330	Microbispora_sp._ATCC_PTA-5024	8538433	2.0	0	0.0			0.0
HSMA33KE	328812	Parabacteroides_goldsteinii	7053599	4.0	0	0.0			0.0
HSMA33KE	328813	Alistipes_onderdonkii	3507492	16.0	5	0.3125	99.009900990099	18.4	0.014540304012097533
HSMA33KE	328814	Alistipes_shahii	3809618	34.0	9	0.2647058823529412	99.00990099009901	37.77777777777778	0.02084198468192874
HSMA33KE	329854	Bacteroides_intestinalis	6052596	8.0	2	0.25	100.0	42.0	0.003353932758769956
HSMA33KE	33025	Phascolarctobacterium_faecium	2454371	470.0	236	0.502127659574468	99.06849039594938	40.44491525423729	0.7241773961638236
HSMA33KE	33038	-Ruminococcus-_gnavus	3549191	16.0	0	0.0			0.0
HSMA33KE	33039	-Ruminococcus-_torques	2979783	150.0	8	0.05333333333333334	99.00990099009901	29.375	0.02298825115788633
HSMA33KE	333367	Enterocloster_asparagiformis	6353279	6.0	2	0.3333333333333333	99.16666666666666	42.0	0.0025656043123558716
HSMA33KE	338188	Bacteroides_finegoldii	4892401	28.0	6	0.21428571428571427	98.24768191104825	4.333333333333333	0.009708934324884653
HSMA33KE	33871	Coriobacterium_glomerans	2115681	2.0	0	0.0			0.0
HSMA33KE	34012	Azospirillum_sp.	6072898	2.0	0	0.0			0.0
HSMA33KE	341220	Lactonifactor_longoviformis	4899275	4.0	0	0.0			0.0
HSMA33KE	342942	Mediterraneibacter_glycyrrhizinilyticus	3271904	2.0	0	0.0			0.0
HSMA33KE	351091	Oscillibacter_valericigenes	2493294	12.0	2	0.16666666666666666	95.04950495049505	23.5	0.008181947255317665
HSMA33KE	357276	Phocaeicola_dorei	5625488	80.0	16	0.2	98.9480198019802	36.75	0.019998265039406358
HSMA33KE	360807	Roseburia_inulinivorans	4227688	16.0	8	0.5	97.02970297029704	32.25	0.01192140952690927
HSMA33KE	371601	Bacteroides_xylanisolvens	6558523	234.0	95	0.405982905982906	98.38063503718793	33.98947368421052	0.10279753535971438
HSMA33KE	37658	Anaeromicropila_populeti	4222819	2.0	0	0.0			0.0
HSMA33KE	386414	Hoylesella_timonensis	3217068	4.0	2	0.5	98.7012987012987	42.0	0.002424567960639937
HSMA33KE	387090	Phocaeicola_coprophilus	4113613	2.0	2	1.0	100.0	42.0	0.004959144187846547
HSMA33KE	387661	Parabacteroides_johnsonii	4749455	4.0	0	0.0			0.0
HSMA33KE	39482	Faecalicatena_contorta	5055003	2.0	0	0.0			0.0
HSMA33KE	39485	Lachnospira_eligens	2831389	4.0	0	0.0			0.0
HSMA33KE	39486	Dorea_formicigenerans	3188304	42.0	4	0.09523809523809523	97.42463010345978	36.75	0.010695341473084123
HSMA33KE	39488	Anaerobutyricum_hallii	3455681	110.0	32	0.2909090909090909	99.19550800681546	32.21875	0.08177838174299075
HSMA33KE	39490	Eubacterium_ramulus	3378009	40.0	19	0.475	98.5930171964565	33.63157894736842	0.04751319490267788
HSMA33KE	39491	-Eubacterium-_rectale	3451485	272.0	114	0.41911764705882354	97.43117660296822	33.280701754385966	0.2600330002882817
HSMA33KE	39496	Eubacterium_ventriosum	2761423	286.0	139	0.486013986013986	98.84973946918753	40.13669064748201	0.3561207391985943
HSMA33KE	396504	Ruminiclostridium_sufflavum	4401411	2.0	0	0.0			0.0
HSMA33KE	397865	Barnesiella_viscericola	3076856	2.0	1	0.5	92.07920792079209	3	0.003315072268575455
HSMA33KE	40518	Ruminococcus_bromii	2085998	8.0	0	0.0			0.0
HSMA33KE	40520	Blautia_obeum	3649956	8.0	0	0.0			0.0
HSMA33KE	410072	Coprococcus_comes	3373066	22.0	2	0.09090909090909091	95.54455445544555	22.5	0.006047910120940415
HSMA33KE	411483	Faecalibacterium_duncaniae	3102523	4.0	4	1.0	98.94492574257426	41.5	0.011958009658590767
HSMA33KE	411486	Clostridium_sp._M62-1	3842594	6.0	3	0.5	94.42179512068854	4.666666666666667	0.005360961891888657
HSMA33KE	411489	Clostridium_sp._L2-50	2954616	10.0	6	0.6	97.35973597359737	29.833333333333332	0.0173288170104
HSMA33KE	418240	Blautia_wexlerae	4685728	16.0	4	0.25	98.51485148514853	21.5	0.008707291588414863
HSMA33KE	419005	Prevotella_amnii	2415558	4.0	2	0.5	97.22222222222221	40.0	0.0030220760586166843
HSMA33KE	43305	Butyrivibrio_proteoclasticus	4404886	4.0	0	0.0			0.0
HSMA33KE	43997	Catonella_morbi	3479204	2.0	0	0.0			0.0
HSMA33KE	454155	Paraprevotella_xylaniphila	4125322	4.0	0	0.0			0.0
HSMA33KE	457387	Bacteroides_sp._1_1_30	6480532	4.0	0	0.0			0.0
HSMA33KE	457388	Parabacteroides_sp._2_1_7	5166302	2.0	2	1.0	100.0	21.5	0.003948665796153612
HSMA33KE	457390	Bacteroides_sp._3_1_23	6520178	2.0	2	1.0	99.375	42.0	0.0024385837319165216
HSMA33KE	457393	Bacteroides_sp._4_1_36	4638757	4.0	3	0.75	98.68957483983694	27.666666666666668	0.006618152233453918
HSMA33KE	460384	Enterocloster_lavalensis	6495707	4.0	2	0.5	100.0	42.0	0.001216187860690145
HSMA33KE	46228	-Ruminococcus-_lactaris	2733858	6.0	1	0.16666666666666666	95.09803921568627	23	0.0037675694933679803
HSMA33KE	46503	Parabacteroides_merdae	4403124	186.0	96	0.5161290322580645	99.92528419508618	41.78125	0.17505752733740862
HSMA33KE	46506	Bacteroides_stercoris	4009829	20.0	1	0.05	94.05940594059405	23	0.0025437493718560066
HSMA33KE	469585	Bacteroides_sp._1_1_14	6446424	4.0	4	1.0	97.77227722772277	36.75	0.0063290903607953804
HSMA33KE	469588	Bacteroides_sp._2_1_22	6003748	4.0	4	1.0	98.75495049504951	41.5	0.005163441237040595
HSMA33KE	471827	Candidatus_Desulforudis_audaxviator	2212508	2.0	0	0.0			0.0
HSMA33KE	474960	Hydrogenoanaerobacterium_saccharovorans	3176247	12.0	0	0.0			0.0
HSMA33KE	47678	Bacteroides_caccae	5499725	196.0	76	0.3877551020408163	99.44708244362074	37.19736842105263	0.10993276936574102
HSMA33KE	487174	Barnesiella_intestinihominis	3443906	4.0	0	0.0			0.0
HSMA33KE	487175	Parasutterella_excrementihominis	2831696	40.0	13	0.325	98.54760091393754	39.07692307692308	0.0430484063261028
HSMA33KE	501571	Butyricicoccus_pullicaecorum	2997778	2.0	0	0.0			0.0
HSMA33KE	520762	Thermotalea_metallivorans	3094505	4.0	2	0.5	96.3855421686747	40.0	0.0027144890701420745
HSMA33KE	536633	Blautia_glucerasea	2895849	12.0	0	0.0			0.0
HSMA33KE	544645	Butyricimonas_virosa	4813254	2.0	2	1.0	99.50495049504951	42.0	0.004238297002402117
HSMA33KE	562	Escherichia_coli	5594605	12.0	0	0.0			0.0
HSMA33KE	563193	Parabacteroides_sp._D13	5370710	4.0	0	0.0			0.0
HSMA33KE	585543	Bacteroides_sp._D20	4487454	2.0	2	1.0	98.01980198019803	40.0	0.002718690821120395
HSMA33KE	592978	Mediterraneibacter_faecis	3288691	74.0	25	0.33783783783783783	98.37544554455445	37.76	0.07136578048834627
HSMA33KE	59620	uncultured_Clostridium_sp.	3849243	26.0	0	0.0			0.0
HSMA33KE	626929	Bacteroides_clarus	3897457	2.0	0	0.0			0.0
HSMA33KE	626930	Bacteroides_fluxus	4330716	6.0	0	0.0			0.0
HSMA33KE	626938	Succinatimonas_hippei	2306546	4.0	0	0.0			0.0
HSMA33KE	649756	Anaerostipes_hadrus	2946270	48.0	20	0.4166666666666667	98.15477957455852	38.2	0.05128518431779844
HSMA33KE	652721	Prevotella_sp._oral_taxon_317	4099098	2.0	0	0.0			0.0
HSMA33KE	671267	Phocaeicola_sartorii	5630518	2.0	2	1.0	96.03960396039604	24.0	0.0020246805000889794
HSMA33KE	673271	Catenibacillus_scindens	3872981	2.0	0	0.0			0.0
HSMA33KE	674529	Bacteroides_faecis	6352228	154.0	30	0.19480519480519481	98.83361467294272	33.0	0.039513695037394755
HSMA33KE	691816	Bacteroides_rodentium	4268282	4.0	2	0.5	100.0	42.0	0.004779440533685449
HSMA33KE	706562	Lactobacillus_rogosae	2817405	2.0	2	1.0	100.0	42.0	0.0071342245790008895
HSMA33KE	74426	Collinsella_aerofaciens	2455328	2.0	0	0.0			0.0
HSMA33KE	745368	Gemmiger_formicilis	3241569	56.0	2	0.03571428571428571	96.03960396039604	32.5	0.0062932487323268445
HSMA33KE	76122	Alloprevotella_tannerae	2585719	2.0	0	0.0			0.0
HSMA33KE	76489	Clostridium_acetireducens	2424212	2.0	0	0.0			0.0
HSMA33KE	765821	uncultured_Blautia_sp.	3060889	38.0	0	0.0			0.0
HSMA33KE	78120	Succinispira_mobilis	2085243	4.0	0	0.0			0.0
HSMA33KE	796942	Stomatobaculum_longum	2313632	4.0	2	0.5	93.53465346534654	15.5	0.0054027606810417555
HSMA33KE	81028	Treponema_brennaborense	3055580	4.0	0	0.0			0.0
HSMA33KE	813	Chlamydia_trachomatis	1042519	4.0	0	0.0			0.0
HSMA33KE	817	Bacteroides_fragilis	5241700	538.0	170	0.3159851301115242	98.92624685478928	39.417647058823526	0.2661350325276151
HSMA33KE	818	Bacteroides_thetaiotaomicron	6304193	176.0	4	0.022727272727272728	96.59177456207158	7.0	0.006186358824991557
HSMA33KE	820	Bacteroides_uniformis	4709701	222.0	75	0.33783783783783783	97.9472613610326	36.25333333333333	0.13440343665128635
HSMA33KE	821	Phocaeicola_vulgatus	5163189	1082.0	535	0.4944547134935305	99.03248032158925	36.15514018691589	0.8559438749966348
HSMA33KE	823	Parabacteroides_distasonis	5348976	40.0	7	0.175	98.30127298444131	37.142857142857146	0.011946211760905266
HSMA33KE	84112	Eggerthella_lenta	3467966	10.0	4	0.4	99.75247524752476	42.0	0.009804017686447907
HSMA33KE	853	Faecalibacterium_prausnitzii	3127383	82.0	8	0.0975609756097561	97.67021390888375	21.0	0.023725907571921955
HSMA33KE	85831	Bacteroides_acidifaciens	4849831	10.0	0	0.0			0.0
HSMA33KE	871664	Blautia_stercoris	3425373	6.0	6	1.0	98.16996699669967	35.5	0.016582135726532554
HSMA33KE	871665	Blautia_faecis	4104676	18.0	4	0.2222222222222222	96.31624927198602	32.5	0.007016388138795851
HSMA33KE	876091	uncultured_Oscillibacter_sp.	3020033	22.0	14	0.6363636363636364	100.0	42.0	0.03685390192756172
HSMA33KE	879566	Acetatifactor_muris	6016758	2.0	0	0.0			0.0
HSMA33KE	88431	Dorea_longicatena	2919963	68.0	24	0.35294117647058826	99.25659232589926	37.708333333333336	0.0660282339194024
HSMA33KE	89014	Blautia_luti	3741599	2.0	1	0.5	96.03960396039604	24	0.0027261072071058387
HSMA33KE	901	Desulfovibrio_piger	2582155	132.0	60	0.45454545454545453	98.34801893124636	39.233333333333334	0.19181652534414084
HSMA33KE	90426	Methanothrix_sp.	2088083	2.0	0	0.0			0.0
HSMA33KE	905011	uncultured_Anaerotruncus_sp.	2790038	4.0	0	0.0			0.0
HSMA33KE	908612	Alistipes_sp._HGB5	3464615	16.0	12	0.75	99.00990099009901	38.583333333333336	0.02793961233787881
HSMA33KE	910311	Eggerthella_sp._HGA1	3362931	2.0	2	1.0	99.00990099009901	42.0	0.006066136950178282
HSMA33KE	930138	Aliicoccus_persicus	2061411	2.0	0	0.0			0.0
HSMA33KE	93975	Bacteroides_sp._AR29	4442069	8.0	4	0.5	98.51485148514851	3.75	0.006235832896787511
MSM79HA3	100886	Catenibacterium_mitsuokai	2650196	4.0	0	0.0			0.0
MSM79HA3	1042156	Clostridium_sp._SY8519	2835737	2.0	0	0.0			0.0
MSM79HA3	105841	Anaerostipes_caccae	3284789	2.0	0	0.0			0.0
MSM79HA3	106588	Pseudoflavonifractor_capillosus	4241076	12.0	3	0.25	96.7223192907526	34.666666666666664	0.004975152532046113
MSM79HA3	1078087	Parabacteroides_sp._HGS0025	6761553	2.0	2	1.0	96.53465346534654	32.0	0.0026029523099205167
MSM79HA3	1099853	Coprobacter_fastidiosus	3444538	12.0	6	0.5	98.08993399339936	36.0	0.01059648637930544
MSM79HA3	1150298	Fusicatenibacter_saccharivorans	3782803	6.0	2	0.3333333333333333	96.03960396039604	24.0	0.0033572988072601193
MSM79HA3	1160721	Ruminococcus_bicirculans	2968500	14.0	2	0.14285714285714285	96.53950689186566	32.5	0.005726798046151255
MSM79HA3	1161942	Ruminococcus_champanellensis	2573208	12.0	6	0.5	98.26083731968703	39.0	0.016632934453802414
MSM79HA3	1197717	Cloacibacillus_porcorum	3585187	2.0	0	0.0			0.0
MSM79HA3	1261635	Roseburia_sp._831b	3368602	2.0	1	0.5	93.06930693069307	8	0.0030279623416479594
MSM79HA3	1262693	Alistipes_sp._CAG-268	2678396	8.0	0	0.0			0.0
MSM79HA3	1262910	Oscillibacter_sp._CAG-155	2277379	2.0	0	0.0			0.0
MSM79HA3	1262931	Prevotella_sp._CAG-592	2726024	4.0	0	0.0			0.0
MSM79HA3	1262956	Ruminococcus_sp._CAG-379	2164906	6.0	2	0.3333333333333333	100.0	42.0	0.0025405260089814523
MSM79HA3	1264	Ruminococcus_albus	4482087	4.0	0	0.0			0.0
MSM79HA3	1265	Ruminococcus_flavefaciens	3587803	4.0	0	0.0			0.0
MSM79HA3	1288121	Alistipes_senegalensis	3674467	2.0	0	0.0			0.0
MSM79HA3	1297617	Intestinimonas_butyriciproducens	3224506	8.0	0	0.0			0.0
MSM79HA3	1308	Streptococcus_thermophilus	1791634	4.0	2	0.5	99.50495049504951	42.0	0.007925725901607136
MSM79HA3	1313	Streptococcus_pneumoniae	2110968	2.0	0	0.0			0.0
MSM79HA3	1358418	Sinorhizobium_sp._GL28	7612113	8.0	3	0.375	98.67986798679868	41.333333333333336	0.003481293564612086
MSM79HA3	1406512	Candidatus_Methanomassiliicoccus_intestinalis	1931651	16.0	8	0.5	97.14295478055269	34.5	0.03173451104780315
MSM79HA3	1411144	Bacteroides_caecigallinarum	3353010	6.0	0	0.0			0.0
MSM79HA3	1423	Bacillus_subtilis	4215606	2.0	0	0.0			0.0
MSM79HA3	1460447	Terrisporobacter_petrolearius	4124338	2.0	0	0.0			0.0
MSM79HA3	1465754	Alistipes_timonensis	3488964	16.0	10	0.625	98.90396039603961	40.2	0.02912039218518735
MSM79HA3	1470345	Bacteroides_timonensis	7017222	4.0	2	0.5	95.50561797752809	24.0	0.0012825588245604885
MSM79HA3	1470347	Alistipes_ihumii	2780015	76.0	40	0.5263157894736842	99.87623762376238	39.65	0.12661802184520587
MSM79HA3	1470354	Candidatus_Soleaferrea_massiliensis	3098593	2.0	0	0.0			0.0
MSM79HA3	1472416	Butyricimonas_faecihominis	4851713	56.0	32	0.5714285714285714	99.62685643564356	41.125	0.055217610769639505
MSM79HA3	1472417	Butyricimonas_paravirosa	5608017	2.0	0	0.0			0.0
MSM79HA3	1496	Clostridioides_difficile	4095894	8.0	0	0.0			0.0
MSM79HA3	1501391	Alistipes_inops	2304821	4.0	2	0.5	96.55172413793103	40.0	0.002559851719504465
MSM79HA3	1501392	Coprobacter_secundus	4171466	8.0	0	0.0			0.0
MSM79HA3	1506	Clostridium_sp.	2978365	12.0	0	0.0			0.0
MSM79HA3	1512	-Clostridium-_symbiosum	5299950	2.0	0	0.0			0.0
MSM79HA3	1514668	Ruminococcus_sp._HUN007	4207177	2.0	0	0.0			0.0
MSM79HA3	1519439	Oscillibacter_sp._ER4	2729704	4.0	2	0.5	100.0	42.0	0.002710916641511314
MSM79HA3	1522	-Clostridium-_innocuum	4718906	4.0	2	0.5	100.0	42.0	0.0023522401166711096
MSM79HA3	1547	Thomasclavelia_ramosa	3543719	2.0	0	0.0			0.0
MSM79HA3	1547597	Sanguibacteroides_justesenii	3434369	8.0	2	0.25	100.0	40.5	0.005328489745860157
MSM79HA3	1550024	Ruthenibacterium_lactatiformans	4111078	2.0	0	0.0			0.0
MSM79HA3	158	Treponema_denticola	2843201	2.0	0	0.0			0.0
MSM79HA3	159272	uncultured_Prevotella_sp.	2941182	2.0	0	0.0			0.0
MSM79HA3	162156	uncultured_Bacteroides_sp.	5299784	8.0	1	0.125	92.0	3	0.0019057380451731618
MSM79HA3	1628158	Mariniphaga_sediminis	5826160	2.0	0	0.0			0.0
MSM79HA3	1631346	Rubeoparvulum_massiliense	2843796	2.0	0	0.0			0.0
MSM79HA3	1640674	Williamwhitmania_taraxaci	4154490	2.0	0	0.0			0.0
MSM79HA3	1650661	Clostridium_phoceensis	3453778	6.0	0	0.0			0.0
MSM79HA3	1650663	Fournierella_massiliensis	3391003	10.0	0	0.0			0.0
MSM79HA3	165179	Prevotella_copri	3551614	17254.0	5476	0.31737568100150687	97.71514504106459	35.30788897005113	10.636234680908455
MSM79HA3	165186	uncultured_Ruminococcus_sp.	2960314	2.0	0	0.0			0.0
MSM79HA3	166486	Roseburia_intestinalis	4493348	70.0	33	0.4714285714285714	98.5073528684478	39.90909090909091	0.05648349515773094
MSM79HA3	1673717	Anaeromassilibacillus_senegalensis	3511751	2.0	0	0.0			0.0
MSM79HA3	169435	Anaerotruncus_colihominis	3563916	2.0	0	0.0			0.0
MSM79HA3	1712515	Butyricicoccus_faecihominis	2995907	2.0	1	0.5	98.01980198019803	42	0.003404645070758205
MSM79HA3	1720294	Eisenbergiella_massiliensis	6692195	4.0	0	0.0			0.0
MSM79HA3	1735	Holdemanella_biformis	2517763	4.0	0	0.0			0.0
MSM79HA3	1739298	Bacteroides_sp._HMSC067B03	6513253	6.0	4	0.6666666666666666	100.0	42.0	0.00405327414734235
MSM79HA3	1739517	Bacteroides_sp._HMSC073E02	6622929	2.0	2	1.0	100.0	42.0	0.0025819391994086
MSM79HA3	1761885	Prevotella_sp._khp7	3080082	2.0	0	0.0			0.0
MSM79HA3	1776391	Romboutsia_timonensis	3112481	4.0	2	0.5	100.0	42.0	0.004048217483094676
MSM79HA3	1776758	Clostridium_sp._N3C	3036132	2.0	0	0.0			0.0
MSM79HA3	1780376	Alistipes_sp._CHKCI003	2869882	42.0	1	0.023809523809523808	92.07920792079209	3	0.003554153097583803
MSM79HA3	1796620	Acutalibacter_muris	3802913	4.0	0	0.0			0.0
MSM79HA3	1816676	Alistipes_provencensis	3805205	6.0	0	0.0			0.0
MSM79HA3	1816689	Sutterella_massiliensis	2933700	4.0	1	0.25	92.64705882352942	8	0.002351978729931486
MSM79HA3	1817964	Shinella_curvata	6076148	2.0	0	0.0			0.0
MSM79HA3	1834438	Pedobacter_quisquiliarum	3773827	2.0	0	0.0			0.0
MSM79HA3	1841857	Culturomica_massiliensis	4410591	2.0	0	0.0			0.0
MSM79HA3	1841864	Marseilla_massiliensis	4084489	6.0	0	0.0			0.0
MSM79HA3	1852370	Prevotellamassilia_timonensis	3475353	2.0	0	0.0			0.0
MSM79HA3	1852379	Colibacter_massiliensis	1715864	2.0	0	0.0			0.0
MSM79HA3	1855299	Oscillibacter_sp._PC13	2792998	6.0	0	0.0			0.0
MSM79HA3	1870988	Pseudoflavonifractor_phocaeensis	3146058	6.0	0	0.0			0.0
MSM79HA3	1871003	Tidjanibacter_massiliensis	2390301	2.0	2	1.0	97.49444332188321	14.5	0.008408982801747561
MSM79HA3	1871006	Bacteroides_congonensis	6373337	16.0	5	0.3125	99.60396039603961	42.0	0.004361922176718413
MSM79HA3	1871336	Criibacterium_bergeronii	2176288	2.0	0	0.0			0.0
MSM79HA3	1872444	Alistipes_sp.	3229522	8.0	0	0.0			0.0
MSM79HA3	1897051	Bacteroides_sp._43_46	4882528	4.0	2	0.5	99.4949494949495	42.0	0.004137201056501878
MSM79HA3	1907658	Bacteroides_ilei	3974623	2.0	0	0.0			0.0
MSM79HA3	1936995	Parabacteroides_bouchesdurhonensis	3732097	2.0	0	0.0			0.0
MSM79HA3	1945593	Oscillibacter_sp.	3726880	4.0	0	0.0			0.0
MSM79HA3	1945634	Butyricicoccus_porcorum	2990647	4.0	0	0.0			0.0
MSM79HA3	1965537	Flavonifractor_sp._An10	3882968	2.0	0	0.0			0.0
MSM79HA3	1965546	Alistipes_sp._An116	3254240	2.0	0	0.0			0.0
MSM79HA3	1965570	Anaeromassilibacillus_sp._An172	2814283	2.0	0	0.0			0.0
MSM79HA3	1965578	Pseudoflavonifractor_sp._An187	2606860	4.0	2	0.5	97.59036144578313	40.0	0.003222267402161988
MSM79HA3	1965583	Lachnoclostridium_sp._An196	3252622	2.0	0	0.0			0.0
MSM79HA3	1965603	Blautia_sp._An249	3938978	2.0	2	1.0	94.55445544554456	16.0	0.005179008362067521
MSM79HA3	1965604	Anaeromassilibacillus_sp._An250	3598956	2.0	2	1.0	97.1594427244582	41.0	0.004556877049900026
MSM79HA3	1965646	Barnesiella_sp._An55	3030180	2.0	0	0.0			0.0
MSM79HA3	1965650	Alistipes_sp._An66	3055655	6.0	0	0.0			0.0
MSM79HA3	2014781	Scatolibacter_rhodanostii	2702024	2.0	0	0.0			0.0
MSM79HA3	2022527	Prevotella_sp._885	3721400	10.0	6	0.6	97.64947703340808	33.166666666666664	0.01338206051486
MSM79HA3	2024224	Prevotella_sp._P2-180	4106229	2.0	2	1.0	99.50495049504951	42.0	0.0038721659215791423
MSM79HA3	2024555	Virgibacillus_profundi	4362047	2.0	0	0.0			0.0
MSM79HA3	2025659	Bacteroides_sp._KFT8	6031385	2.0	0	0.0			0.0
MSM79HA3	2027459	Veillonella_sp._T11011-6	2053092	2.0	1	0.5	95.04950495049505	23	0.004968116382509892
MSM79HA3	204516	Phocaeicola_massiliensis	4646209	62.0	33	0.532258064516129	98.52968920126996	32.93939393939394	0.05270963919186589
MSM79HA3	2048242	Alistipes_sp._Marseille-P5061	2666117	2.0	0	0.0			0.0
MSM79HA3	2078660	Vallitalea_okinawensis	5859119	2.0	0	0.0			0.0
MSM79HA3	208479	Enterocloster_bolteae	6377378	4.0	0	0.0			0.0
MSM79HA3	2093857	Dysosmobacter_welbionis	3396268	4.0	2	0.5	100.0	42.0	0.006006593119270917
MSM79HA3	214856	Alistipes_finegoldii	3563510	40.0	8	0.2	98.63861386138613	37.25	0.013497927605085995
MSM79HA3	2173	Methanobrevibacter_smithii	1853160	4.0	0	0.0			0.0
MSM79HA3	2292054	Prevotella_sp._AM23-5	3940282	4.0	2	0.5	93.06930693069307	33.0	0.0051772944169985805
MSM79HA3	2292204	Clostridium_sp._AF19-22AC	5921605	2.0	0	0.0			0.0
MSM79HA3	2292281	Bacteroides_sp._OF04-15BH	3751971	6.0	0	0.0			0.0
MSM79HA3	2292357	Faecalibacterium_sp._OM04-11BH	2961722	2.0	1	0.5	95.04950495049505	23	0.003443942409179524
MSM79HA3	2292363	Parabacteroides_sp._TM07-1AC	6085081	2.0	0	0.0			0.0
MSM79HA3	2292364	Prevotella_sp._AM34-19LB	3560375	2.0	2	1.0	95.54455445544554	24.0	0.005729733525260682
MSM79HA3	2292365	Prevotella_sp._TF12-30	3900702	2.0	1	0.5	98.01980198019803	42	0.0026149139308770573
MSM79HA3	2292911	Alistipes_sp._AM16-43	3366396	2.0	2	1.0	99.50495049504951	42.0	0.006059893132002296
MSM79HA3	2292924	Bacteroides_sp._AF25-38AC	5074582	2.0	2	1.0	98.51485148514851	42.0	0.004020035541843644
MSM79HA3	2292931	Bacteroides_sp._AF34-31BH	4724527	2.0	2	1.0	100.0	42.0	0.004317892563636529
MSM79HA3	2293030	Clostridium_sp._AM34-9AC	3804624	2.0	1	0.5	99.00990099009901	42	0.002680948235620655
MSM79HA3	2293113	Parabacteroides_sp._AF17-3	6857776	2.0	1	0.5	100.0	42	0.0014873626668470946
MSM79HA3	2293125	Prevotella_sp._AM42-24	3992130	4.0	2	0.5	96.53465346534654	32.0	0.00310611127393146
MSM79HA3	2293178	Ruminococcus_sp._AF37-20	2873186	2.0	0	0.0			0.0
MSM79HA3	2293317	Candidatus_Syntrophocurvum_alkaliphilum	2360781	2.0	0	0.0			0.0
MSM79HA3	2338368	Alcanivorax_profundi	3737376	8.0	6	0.75	98.01980198019801	35.5	0.012040533251136626
MSM79HA3	2364796	Ruminococcus_sp._Marseille-P6503	2642213	4.0	0	0.0			0.0
MSM79HA3	2447885	Bacteroides_faecalis	5771427	4.0	4	1.0	97.27722772277228	11.25	0.006445546309430925
MSM79HA3	246787	Bacteroides_cellulosilyticus	7271073	50.0	16	0.32	96.96162116211622	31.5	0.02013457986187183
MSM79HA3	2508949	Candidatus_Borkfalkia_ceftriaxoniphila	2608799	8.0	2	0.25	100.0	42.0	0.007819690209939516
MSM79HA3	2518605	Prevotella_hominis	4105402	52.0	14	0.2692307692307692	97.42740660620684	34.285714285714285	0.02345689898333951
MSM79HA3	2547410	Enterocloster_alcoholdehydrogenati	3806033	4.0	0	0.0			0.0
MSM79HA3	255519	Atlantibacter_subterranea	4778848	12.0	0	0.0			0.0
MSM79HA3	2585118	Alistipes_communis	3301347	66.0	32	0.48484848484848486	99.22586633663367	42.0	0.08529851602997202
MSM79HA3	2585119	Alistipes_dispar	2962376	2.0	0	0.0			0.0
MSM79HA3	2599308	Crassaminicella_thermophila	3083380	2.0	0	0.0			0.0
MSM79HA3	2606638	Bullifex_porci	2420487	2.0	0	0.0			0.0
MSM79HA3	2606640	Victivallis_lenta	5545070	10.0	8	0.8	99.19214570710803	32.375	0.0138140726807777
MSM79HA3	2610895	Flintibacter_sp._KGMB00164	2917795	2.0	0	0.0			0.0
MSM79HA3	2652274	Eisenbergiella_porci	6105837	4.0	0	0.0			0.0
MSM79HA3	2652309	Anaerovibrio_slackiae	3015068	2.0	0	0.0			0.0
MSM79HA3	2691580	Prevotella_sp._Rep29	2730135	2.0	0	0.0			0.0
MSM79HA3	2714353	Vescimonas_fastidiosa	2504406	8.0	1	0.125	96.03960396039604	24	0.004072822058404269
MSM79HA3	2714355	Vescimonas_coprocola	2557760	2.0	1	0.5	92.07920792079209	3	0.003987864381333667
MSM79HA3	2714358	Pusillibacter_faecalis	3407680	6.0	0	0.0			0.0
MSM79HA3	2754	Synergistes_jonesii	2741240	2.0	0	0.0			0.0
MSM79HA3	2758579	Klebsiella_sp._Kps	5476082	2.0	1	0.5	92.0	3	0.0018443843609354277
MSM79HA3	2763014	Agathobaculum_sp._M2	2563169	4.0	2	0.5	99.00990099009901	42.0	0.00421353410563252
MSM79HA3	2763042	Dysosmobacter_sp._BX15	3671022	40.0	23	0.575	99.24754282279568	39.73913043478261	0.04393871788292198
MSM79HA3	2763047	Flintibacter_sp._BX5	2849896	2.0	1	0.5	94.05940594059405	23	0.00357907797337166
MSM79HA3	2763062	Roseburia_sp._NSJ-69	3959994	2.0	2	1.0	100.0	42.0	0.0033838435108740064
MSM79HA3	2763064	Roseburia_sp._BX1005	3504022	10.0	6	0.6	98.34983498349835	38.833333333333336	0.013127771458055914
MSM79HA3	2763658	Ligaoa_zhengdingensis	2951177	2.0	0	0.0			0.0
MSM79HA3	2763660	Feifania_hominis	2356956	4.0	0	0.0			0.0
MSM79HA3	2763678	Youxingia_wuxianensis	2660737	2.0	0	0.0			0.0
MSM79HA3	2771369	Alicyclobacillaceae_bacterium_TP075	4090762	2.0	0	0.0			0.0
MSM79HA3	2779355	Ructibacterium_gallinarum	3008341	4.0	0	0.0			0.0
MSM79HA3	2779358	Gallalistipes_aquisgranensis	2988498	8.0	0	0.0			0.0
MSM79HA3	2786956	Phocaeicola_faecalis	4318148	2.0	2	1.0	95.58823529411765	23.5	0.00275581105603606
MSM79HA3	2787128	Alistipes_sp._D31t1_170403_E11	3754900	12.0	4	0.3333333333333333	95.02955142453021	19.0	0.008149351514021679
MSM79HA3	2796143	Alicyclobacillus_sp._ALC3	5073212	4.0	0	0.0			0.0
MSM79HA3	28052	Lachnospira_pectinoschiza	2704308	4.0	0	0.0			0.0
MSM79HA3	28111	Bacteroides_eggerthii	4206509	18.0	2	0.1111111111111111	98.51485148514851	42.0	0.004849627089826743
MSM79HA3	28116	Bacteroides_ovatus	6472489	28.0	1	0.03571428571428571	100.0	1	0.0015759007083673683
MSM79HA3	28117	Alistipes_putredinis	2550678	76.0	30	0.39473684210526316	98.90924092409242	40.2	0.11185261330516827
MSM79HA3	28118	Odoribacter_splanchnicus	4392177	42.0	20	0.47619047619047616	99.40978563875805	36.8	0.04111856147873822
MSM79HA3	28125	Prevotella_bivia	2521238	2.0	0	0.0			0.0
MSM79HA3	28131	Prevotella_intermedia	2674170	4.0	0	0.0			0.0
MSM79HA3	2815577	Alkalibacter_rhizosphaerae	2449552	2.0	0	0.0			0.0
MSM79HA3	2817862	Proteiniclasticum_aestuarii	3184189	2.0	0	0.0			0.0
MSM79HA3	2829812	Proteiniphilum_propionicum	3906720	2.0	0	0.0			0.0
MSM79HA3	2834113	Alistipes_montrealensis	3484450	2.0	0	0.0			0.0
MSM79HA3	2841526	Oscillibacter_sp._MSJ-31	2703736	16.0	8	0.5	96.8960396039604	30.5	0.025520243100657754
MSM79HA3	2841528	Eubacterium_sp._MSJ-33	2908239	2.0	2	1.0	97.02970297029702	33.0	0.007014554168347237
MSM79HA3	2841531	Pseudoflavonifractor_sp._MSJ-37	2579358	2.0	0	0.0			0.0
MSM79HA3	2841532	Intestinimonas_sp._MSJ-38	3060516	2.0	0	0.0			0.0
MSM79HA3	2854755	Prevotella_lacticifex	4192550	6.0	0	0.0			0.0
MSM79HA3	287	Pseudomonas_aeruginosa	6264404	2.0	0	0.0			0.0
MSM79HA3	2881265	Faecalibacterium_sp._CLA-AA-H223	2808211	2.0	2	1.0	97.52475247524752	41.0	0.0072644113992858805
MSM79HA3	2881276	Fusicatenibacter_sp._CLA-AA-H277	3901120	4.0	2	0.5	98.52941176470588	42.0	0.0017687228283159709
MSM79HA3	2883214	Lacrimispora_sp._210928-DFI.3.58	4706493	2.0	0	0.0			0.0
MSM79HA3	2897707	Merdimmobilis_hominis	2580742	18.0	0	0.0			0.0
MSM79HA3	290052	Acetivibrio_ethanolgignens	3660245	4.0	0	0.0			0.0
MSM79HA3	290053	Bacteroides_helcogenes	3998906	2.0	0	0.0			0.0
MSM79HA3	290054	Eubacterium_coprostanoligenes	1823434	2.0	0	0.0			0.0
MSM79HA3	291644	Bacteroides_salyersiae	5561372	2.0	0	0.0			0.0
MSM79HA3	291645	Bacteroides_nordii	5678582	4.0	2	0.5	98.51485148514851	41.0	0.0035924461423644145
MSM79HA3	2925782	Tepidibacter_sp._8C15b	3666533	2.0	0	0.0			0.0
MSM79HA3	292800	Flavonifractor_plautii	3985392	20.0	0	0.0			0.0
MSM79HA3	2929491	Faecalibacterium_sp._HTF-F	2919330	38.0	27	0.7105263157894737	98.08222008653944	39.2962962962963	0.08128577447565025
MSM79HA3	29348	Thomasclavelia_spiroformis	2528470	8.0	0	0.0			0.0
MSM79HA3	2937417	Bacteroides_muris_-ex_Fokt_et_al._2023-	4249514	4.0	0	0.0			0.0
MSM79HA3	2939421	Bacteroides_sp._ET71	3628556	2.0	0	0.0			0.0
MSM79HA3	2941233	Acetatifactor_aquisgranensis	5880648	2.0	0	0.0			0.0
MSM79HA3	2941326	Alistipes_muris	1949043	6.0	0	0.0			0.0
MSM79HA3	2941510	Pumilibacter_muris	2293417	4.0	0	0.0			0.0
MSM79HA3	2941511	Pumilibacter_intestinalis	2344908	2.0	0	0.0			0.0
MSM79HA3	2949650	Parabacteroides_sp._W1-Q-101	7293727	4.0	2	0.5	99.00495049504951	42.0	0.0014121724051366332
MSM79HA3	2965279	Clostridium_sp._DFI.5.61	3736670	2.0	2	1.0	98.98948657752373	42.0	0.003933984001798393
MSM79HA3	2981724	Alitiscatomonas_aceti	3399574	2.0	2	1.0	99.50495049504951	42.0	0.0060007518589093815
MSM79HA3	2981769	Brotolimicola_acetigignens	4097696	8.0	6	0.75	100.0	42.0	0.01186032345981742
MSM79HA3	2981780	Bacteroides_cellulolyticus	3614006	2.0	1	0.5	90.0990099009901	2	0.0028223528129173
MSM79HA3	301301	Roseburia_hominis	3592125	30.0	17	0.5666666666666667	99.12172393709959	40.64705882352941	0.035327278421547134
MSM79HA3	3035284	Prevotella_sp._B2-R-102	3414194	4.0	0	0.0			0.0
MSM79HA3	3036126	Tepidibacter_sp._SWIR-1	4161809	2.0	0	0.0			0.0
MSM79HA3	310297	Phocaeicola_plebeius	4421924	2.0	0	0.0			0.0
MSM79HA3	310300	Bacteroides_pyogenes	3397546	2.0	0	0.0			0.0
MSM79HA3	328812	Parabacteroides_goldsteinii	7053599	50.0	18	0.36	97.19437241049668	33.55555555555556	0.01950777184810194
MSM79HA3	328813	Alistipes_onderdonkii	3507492	14.0	2	0.14285714285714285	99.00990099009901	42.0	0.005131872004269717
MSM79HA3	328814	Alistipes_shahii	3809618	66.0	14	0.21212121212121213	99.1594261466963	31.214285714285715	0.030186753632516432
MSM79HA3	329854	Bacteroides_intestinalis	6052596	92.0	43	0.4673913043478261	97.69952952361429	35.04651162790697	0.06114731596161383
MSM79HA3	33025	Phascolarctobacterium_faecium	2454371	248.0	124	0.5	99.1366951310017	40.66129032258065	0.4150961692425473
MSM79HA3	338188	Bacteroides_finegoldii	4892401	8.0	0	0.0			0.0
MSM79HA3	351091	Oscillibacter_valericigenes	2493294	74.0	0	0.0			0.0
MSM79HA3	357276	Phocaeicola_dorei	5625488	42.0	16	0.38095238095238093	98.88613861386139	36.75	0.024957834769179135
MSM79HA3	360807	Roseburia_inulinivorans	4227688	68.0	22	0.3235294117647059	96.81877278636954	31.0	0.03583518935172132
MSM79HA3	363265	Prevotella_stercorea	3097322	28.0	0	0.0			0.0
MSM79HA3	367791	Flammeovirga_yaeyamensis	7433553	2.0	0	0.0			0.0
MSM79HA3	371601	Bacteroides_xylanisolvens	6558523	8.0	2	0.25	95.54455445544554	32.5	0.003110456424411411
MSM79HA3	376804	Phocaeicola_barnesiae	3619906	6.0	2	0.3333333333333333	100.0	42.0	0.0029282528330846157
MSM79HA3	387090	Phocaeicola_coprophilus	4113613	2.0	2	1.0	100.0	42.0	0.004934834657513966
MSM79HA3	387661	Parabacteroides_johnsonii	4749455	4.0	0	0.0			0.0
MSM79HA3	390641	Wenxinia_marina	4174507	2.0	0	0.0			0.0
MSM79HA3	39485	Lachnospira_eligens	2831389	10.0	0	0.0			0.0
MSM79HA3	39486	Dorea_formicigenerans	3188304	4.0	0	0.0			0.0
MSM79HA3	39488	Anaerobutyricum_hallii	3455681	4.0	2	0.5	99.50495049504951	31.5	0.005903322673591689
MSM79HA3	39490	Eubacterium_ramulus	3378009	4.0	0	0.0			0.0
MSM79HA3	39491	-Eubacterium-_rectale	3451485	16.0	8	0.5	98.47013650494902	41.5	0.014544464194397484
MSM79HA3	39496	Eubacterium_ventriosum	2761423	2.0	0	0.0			0.0
MSM79HA3	40518	Ruminococcus_bromii	2085998	26.0	11	0.4230769230769231	96.9414235541201	31.727272727272727	0.04860982608804035
MSM79HA3	40520	Blautia_obeum	3649956	4.0	0	0.0			0.0
MSM79HA3	40545	Sutterella_wadsworthensis	3026517	80.0	36	0.45	96.77040462402685	31.583333333333332	0.10051157816063812
MSM79HA3	410072	Coprococcus_comes	3373066	8.0	0	0.0			0.0
MSM79HA3	411483	Faecalibacterium_duncaniae	3102523	4.0	2	0.5	97.52475247524752	33.0	0.006575293720626728
MSM79HA3	437897	Megamonas_funiformis	2568766	8.0	0	0.0			0.0
MSM79HA3	457416	Veillonella_sp._3_1_44	2163458	2.0	2	1.0	100.0	42.0	0.009429348755557076
MSM79HA3	45851	Butyrivibrio_crossotus	2521323	30.0	18	0.6	99.77997799779979	37.05555555555556	0.053424333177462785
MSM79HA3	46228	-Ruminococcus-_lactaris	2733858	14.0	6	0.42857142857142855	99.83333333333333	42.0	0.01821601560871121
MSM79HA3	46503	Parabacteroides_merdae	4403124	4.0	0	0.0			0.0
MSM79HA3	46506	Bacteroides_stercoris	4009829	2.0	2	1.0	97.02970297029702	1.0	0.005087498743712013
MSM79HA3	469585	Bacteroides_sp._1_1_14	6446424	2.0	2	1.0	100.0	17.5	0.0031645451803976902
MSM79HA3	469588	Bacteroides_sp._2_1_22	6003748	2.0	2	1.0	98.01980198019803	33.0	0.0033812211971588416
MSM79HA3	469591	Parabacteroides_sp._20_3	5094618	4.0	2	0.5	95.04950495049505	23.0	0.002021741374917609
MSM79HA3	472963	Anaerobacillus_alkalidiazotrophicus	4609363	2.0	0	0.0			0.0
MSM79HA3	47678	Bacteroides_caccae	5499725	118.0	53	0.4491525423728814	98.94976135687132	40.18867924528302	0.08504061566714699
MSM79HA3	487174	Barnesiella_intestinihominis	3443906	238.0	110	0.46218487394957986	97.93299434418229	36.22727272727273	0.26136021134142456
MSM79HA3	516123	Sporosalibacterium_faouarense	4119796	2.0	0	0.0			0.0
MSM79HA3	539206	Pedobacter_xinjiangensis	5509061	2.0	0	0.0			0.0
MSM79HA3	544644	Butyricimonas_synergistica	4770838	14.0	0	0.0			0.0
MSM79HA3	544645	Butyricimonas_virosa	4813254	6.0	0	0.0			0.0
MSM79HA3	562	Escherichia_coli	5594605	2.0	0	0.0			0.0
MSM79HA3	563193	Parabacteroides_sp._D13	5370710	4.0	2	0.5	99.50495049504951	42.0	0.0037983804748347983
MSM79HA3	572010	Slackia_isoflavoniconvertens	2318650	2.0	0	0.0			0.0
MSM79HA3	59620	uncultured_Clostridium_sp.	3849243	4.0	0	0.0			0.0
MSM79HA3	626929	Bacteroides_clarus	3897457	2.0	0	0.0			0.0
MSM79HA3	626932	Alistipes_indistinctus	2857445	12.0	4	0.3333333333333333	98.86144960649912	42.0	0.009868956357865156
MSM79HA3	626933	Odoribacter_laneus	3773011	16.0	8	0.5	99.50495049504951	42.0	0.019851519118285102
MSM79HA3	626935	Collinsella_tanakaei	2492085	10.0	0	0.0			0.0
MSM79HA3	645887	Alkalibaculum_bacchi	3098941	2.0	0	0.0			0.0
MSM79HA3	652721	Prevotella_sp._oral_taxon_317	4099098	4.0	0	0.0			0.0
MSM79HA3	65555	Desulfocapsa_sulfexigens	4023512	2.0	0	0.0			0.0
MSM79HA3	670	Vibrio_parahaemolyticus	5165770	32.0	0	0.0			0.0
MSM79HA3	674529	Bacteroides_faecis	6352228	12.0	6	0.5	99.66996699669967	42.0	0.00831204421503762
MSM79HA3	732242	Phocaeicola_paurosaccharolyticus	2903850	2.0	0	0.0			0.0
MSM79HA3	74426	Collinsella_aerofaciens	2455328	4.0	0	0.0			0.0
MSM79HA3	745368	Gemmiger_formicilis	3241569	12.0	0	0.0			0.0
MSM79HA3	747377	Clostridium_sp._DMHC_10	3988828	2.0	0	0.0			0.0
MSM79HA3	747656	Streptococcus_danieliae	1698092	2.0	0	0.0			0.0
MSM79HA3	765821	uncultured_Blautia_sp.	3060889	2.0	0	0.0			0.0
MSM79HA3	813	Chlamydia_trachomatis	1042519	10.0	0	0.0			0.0
MSM79HA3	817	Bacteroides_fragilis	5241700	104.0	35	0.33653846153846156	98.74634361395324	39.114285714285714	0.06087719632943511
MSM79HA3	818	Bacteroides_thetaiotaomicron	6304193	16.0	4	0.25	99.75247524752476	42.0	0.004393901011596568
MSM79HA3	820	Bacteroides_uniformis	4709701	102.0	25	0.24509803921568626	98.81303824500097	39.08	0.04845318205975284
MSM79HA3	821	Phocaeicola_vulgatus	5163189	110.0	42	0.38181818181818183	98.51197933204399	32.214285714285715	0.06929825733669637
MSM79HA3	823	Parabacteroides_distasonis	5348976	48.0	18	0.375	99.44884488448844	37.44444444444444	0.030080523823625305
MSM79HA3	847	Oxalobacter_formigenes	2468871	28.0	18	0.6428571428571429	99.0038503850385	38.611111111111114	0.06504997628470666
MSM79HA3	853	Faecalibacterium_prausnitzii	3127383	78.0	15	0.19230769230769232	94.60908187204262	20.866666666666667	0.03606849560798917
MSM79HA3	85831	Bacteroides_acidifaciens	4849831	4.0	0	0.0			0.0
MSM79HA3	86668	Neobacillus_niacini	5999678	2.0	0	0.0			0.0
MSM79HA3	88431	Dorea_longicatena	2919963	8.0	0	0.0			0.0
MSM79HA3	908612	Alistipes_sp._HGB5	3464615	12.0	12	1.0	99.83498349834984	42.0	0.030681619747071464
MSM79HA3	936596	Lachnoanaerobaculum_sp._MSX33	2871049	2.0	1	0.5	94.05940594059405	23	0.003552708435139909
MSM79HA3	93975	Bacteroides_sp._AR29	4442069	2.0	2	1.0	100.0	18.0	0.003872069524359032
MSM79HA3	982	Saccharicrinis_fermentans	5982061	4.0	0	0.0			0.0
MSM9VZHR	100176	Papillibacter_cinnamivorans	2890610	2.0	0	0.0			0.0
MSM9VZHR	100886	Catenibacterium_mitsuokai	2650196	4.0	0	0.0			0.0
MSM9VZHR	106588	Pseudoflavonifractor_capillosus	4241076	2.0	2	1.0	96.03960396039604	32.0	0.003395364761206826
MSM9VZHR	1078087	Parabacteroides_sp._HGS0025	6761553	2.0	0	0.0			0.0
MSM9VZHR	109790	Lactobacillus_jensenii	1672949	2.0	0	0.0			0.0
MSM9VZHR	1150298	Fusicatenibacter_saccharivorans	3782803	10.0	4	0.4	96.09315681656786	18.0	0.005234213888484281
MSM9VZHR	1160721	Ruminococcus_bicirculans	2968500	64.0	25	0.390625	97.81667555764787	37.24	0.057402728650833755
MSM9VZHR	116085	Coprococcus_catus	3599035	10.0	4	0.4	98.99969378381137	42.0	0.006835165537428784
MSM9VZHR	1193534	uncultured_Flavonifractor_sp.	2635928	4.0	0	0.0			0.0
MSM9VZHR	1261635	Roseburia_sp._831b	3368602	4.0	2	0.5	93.4065934065934	8.0	0.0027311032885452185
MSM9VZHR	1264	Ruminococcus_albus	4482087	6.0	0	0.0			0.0
MSM9VZHR	1265	Ruminococcus_flavefaciens	3587803	4.0	0	0.0			0.0
MSM9VZHR	1280	Staphylococcus_aureus	2821361	2.0	0	0.0			0.0
MSM9VZHR	1280669	Dorea_sp._AGR2135	3509498	2.0	0	0.0			0.0
MSM9VZHR	1280672	Butyrivibrio_sp._AC2005	5126371	2.0	0	0.0			0.0
MSM9VZHR	1297617	Intestinimonas_butyriciproducens	3224506	6.0	0	0.0			0.0
MSM9VZHR	1302	Streptococcus_gordonii	2187618	4.0	1	0.25	93.06930693069307	8	0.004662605628587806
MSM9VZHR	1313	Streptococcus_pneumoniae	2110968	2.0	0	0.0			0.0
MSM9VZHR	1318	Streptococcus_parasanguinis	2153652	4.0	2	0.5	96.03960396039604	24.0	0.004736141215015239
MSM9VZHR	1322	Blautia_hansenii	3065949	2.0	0	0.0			0.0
MSM9VZHR	1323	Faecalicoccus_pleomorphus	2055154	4.0	0	0.0			0.0
MSM9VZHR	1337051	Murimonas_intestini	5727142	4.0	0	0.0			0.0
MSM9VZHR	13373	Burkholderia_mallei	5834748	4.0	0	0.0			0.0
MSM9VZHR	1347393	Bacteroides_neonati	5025334	2.0	0	0.0			0.0
MSM9VZHR	1354	Enterococcus_hirae	2931746	4.0	0	0.0			0.0
MSM9VZHR	1410612	Oribacterium_sp._P6A1	3697107	2.0	0	0.0			0.0
MSM9VZHR	1411144	Bacteroides_caecigallinarum	3353010	2.0	1	0.5	92.40506329113924	3	0.0023859159382167068
MSM9VZHR	1432052	Eisenbergiella_tayi	7555015	4.0	2	0.5	98.51485148514851	42.0	0.00141627779693356
MSM9VZHR	1465754	Alistipes_timonensis	3488964	8.0	0	0.0			0.0
MSM9VZHR	1473216	Senegalimassilia_anaerobia	2398022	4.0	0	0.0			0.0
MSM9VZHR	1491	Clostridium_botulinum	3903260	4.0	0	0.0			0.0
MSM9VZHR	1492	Clostridium_butyricum	4705596	4.0	0	0.0			0.0
MSM9VZHR	1496	Clostridioides_difficile	4095894	34.0	0	0.0			0.0
MSM9VZHR	1501392	Coprobacter_secundus	4171466	4.0	0	0.0			0.0
MSM9VZHR	1504536	Robinsoniella_sp._RHS	7237586	2.0	1	0.5	100.0	1	0.0007599218855568694
MSM9VZHR	1513	Clostridium_tetani	2873333	2.0	0	0.0			0.0
MSM9VZHR	1514105	Erysipelothrix_larvae	2511486	4.0	0	0.0			0.0
MSM9VZHR	1514668	Ruminococcus_sp._HUN007	4207177	4.0	0	0.0			0.0
MSM9VZHR	1520806	Butyrivibrio_sp._INlla18	3254604	2.0	0	0.0			0.0
MSM9VZHR	1522	-Clostridium-_innocuum	4718906	6.0	0	0.0			0.0
MSM9VZHR	1526	-Clostridium-_aminophilum	3113820	2.0	0	0.0			0.0
MSM9VZHR	1531	Enterocloster_clostridioformis	5539047	2.0	0	0.0			0.0
MSM9VZHR	154046	Hungatella_hathewayi	6931886	2.0	2	1.0	95.54455445544554	24.0	0.0022648958739367613
MSM9VZHR	160404	Anaerotignum_lactatifermentans	2922609	4.0	2	0.5	93.65079365079364	8.0	0.0021898242289680216
MSM9VZHR	1613	Limosilactobacillus_fermentum	1905587	4.0	0	0.0			0.0
MSM9VZHR	1623	Ligilactobacillus_ruminis	2066652	2.0	0	0.0			0.0
MSM9VZHR	165179	Prevotella_copri	3551614	4.0	1	0.25	94.05940594059405	23	0.002871933718022285
MSM9VZHR	165186	uncultured_Ruminococcus_sp.	2960314	10.0	4	0.4	98.51485148514851	37.0	0.007972127281092478
MSM9VZHR	166486	Roseburia_intestinalis	4493348	26.0	0	0.0			0.0
MSM9VZHR	1673721	Intestinimonas_massiliensis	3105129	6.0	0	0.0			0.0
MSM9VZHR	168384	Marvinbryantia_formatexigens	4577574	8.0	0	0.0			0.0
MSM9VZHR	1685	Bifidobacterium_breve	2269415	4.0	0	0.0			0.0
MSM9VZHR	1703332	Butyribacter_intestini	3610525	4.0	2	0.5	100.0	42.0	0.0016341113826936525
MSM9VZHR	1712515	Butyricicoccus_faecihominis	2995907	4.0	0	0.0			0.0
MSM9VZHR	1776391	Romboutsia_timonensis	3112481	4.0	2	0.5	100.0	42.0	0.005236979759876446
MSM9VZHR	180332	Robinsoniella_peoriensis	7464303	2.0	0	0.0			0.0
MSM9VZHR	1816676	Alistipes_provencensis	3805205	22.0	10	0.45454545454545453	98.22318847218496	39.6	0.017870259289578354
MSM9VZHR	1834438	Pedobacter_quisquiliarum	3773827	4.0	2	0.5	98.21428571428571	42.0	0.0015104031000891137
MSM9VZHR	1870988	Pseudoflavonifractor_phocaeensis	3146058	4.0	0	0.0			0.0
MSM9VZHR	1907654	Collinsella_bouchesdurhonensis	1876212	2.0	0	0.0			0.0
MSM9VZHR	1912855	Faecalimonas_umbilicata	2919754	4.0	0	0.0			0.0
MSM9VZHR	1926283	Lachnoclostridium_edouardi	3329949	2.0	0	0.0			0.0
MSM9VZHR	1945593	Oscillibacter_sp.	3726880	4.0	0	0.0			0.0
MSM9VZHR	1955272	Allobacillus_salarius	2595246	6.0	6	1.0	99.83498349834984	42.0	0.0070128226765401045
MSM9VZHR	1958780	Clostridium_merdae	2748860	2.0	0	0.0			0.0
MSM9VZHR	1965583	Lachnoclostridium_sp._An196	3252622	4.0	0	0.0			0.0
MSM9VZHR	1965604	Anaeromassilibacillus_sp._An250	3598956	2.0	0	0.0			0.0
MSM9VZHR	1965632	Bacteroides_sp._An322	3432695	2.0	0	0.0			0.0
MSM9VZHR	1965650	Alistipes_sp._An66	3055655	2.0	0	0.0			0.0
MSM9VZHR	1965655	Faecalibacterium_sp._An77	3051386	4.0	2	0.5	100.0	42.0	0.0029167073585577175
MSM9VZHR	1981510	Monoglobus_pectinilyticus	2759678	14.0	8	0.5714285714285714	98.88118811881188	39.5	0.021850375297407885
MSM9VZHR	1982626	Faecalibacillus_intestinalis	2869982	4.0	2	0.5	97.02970297029702	32.5	0.006515720307653497
MSM9VZHR	1982628	Faecalibacillus_faecis	2525977	2.0	2	1.0	97.52475247524752	32.5	0.008076083036385524
MSM9VZHR	2023178	Leptospira_levettii	3875926	2.0	0	0.0			0.0
MSM9VZHR	2024222	Prevotella_sp._P5-92	3507759	2.0	0	0.0			0.0
MSM9VZHR	2025493	Blautia_hominis	5878941	2.0	0	0.0			0.0
MSM9VZHR	2067550	Clostridium_sp._chh4-2	6089737	2.0	0	0.0			0.0
MSM9VZHR	2086575	Parabacteroides_pacaensis	5238628	2.0	0	0.0			0.0
MSM9VZHR	2093857	Dysosmobacter_welbionis	3396268	4.0	1	0.25	97.02970297029702	42	0.0030032965596354586
MSM9VZHR	214851	Subdoligranulum_variabile	3244954	4.0	0	0.0			0.0
MSM9VZHR	216816	Bifidobacterium_longum	2385164	4.0	0	0.0			0.0
MSM9VZHR	218205	Garciella_nitratireducens	2163332	2.0	0	0.0			0.0
MSM9VZHR	218538	Dialister_invisus	1895960	122.0	41	0.3360655737704918	98.11569590173089	34.90243902439025	0.13560412666933902
MSM9VZHR	2201249	Lactobacillus_corticis	1805525	4.0	0	0.0			0.0
MSM9VZHR	220686	Neobacillus_vireti	5309094	2.0	0	0.0			0.0
MSM9VZHR	2292075	Sutterella_sp._AM11-39	2227305	24.0	1	0.041666666666666664	90.625	8	0.002918325061004218
MSM9VZHR	2292206	Clostridium_sp._AF27-2AA	3575329	14.0	10	0.7142857142857143	97.29110445728011	36.2	0.020501609781924963
MSM9VZHR	2292304	Clostridium_sp._AM33-3	3217602	26.0	13	0.5	98.12990417299466	41.23076923076923	0.02545373852950116
MSM9VZHR	2292307	Clostridium_sp._AM58-1XD	4360356	2.0	0	0.0			0.0
MSM9VZHR	2292356	Faecalibacterium_sp._OF03-6AC	2830308	4.0	1	0.25	95.04950495049505	23	0.003603848061765716
MSM9VZHR	2292372	Ruminococcus_sp._AM42-11	4698861	4.0	2	0.5	98.54006820119352	42.0	0.0014897227221660739
MSM9VZHR	2292375	Ruminococcus_sp._OM06-36AC	2957724	2.0	0	0.0			0.0
MSM9VZHR	2292950	Bacteroides_sp._AM32-11AC	4692899	2.0	0	0.0			0.0
MSM9VZHR	2292971	Blautia_sp._AM23-13AC	3443045	2.0	0	0.0			0.0
MSM9VZHR	2292975	Blautia_sp._AM29-29	3523408	4.0	2	0.5	99.00990099009901	42.0	0.0030368325212407985
MSM9VZHR	2292982	Blautia_sp._OF11-22	3767213	4.0	4	1.0	98.75990099009901	25.5	0.009237598192616133
MSM9VZHR	2292984	Blautia_sp._OM06-15AC	3492076	2.0	2	1.0	96.4740351586179	15.0	0.0057558884743631016
MSM9VZHR	2293011	Clostridium_sp._AF34-10BH	4001893	4.0	2	0.5	94.94266994266994	16.0	0.0025487937833420333
MSM9VZHR	2293015	Clostridium_sp._AF36-4	2893834	4.0	2	0.5	99.00990099009901	19.5	0.003732073090578105
MSM9VZHR	2293016	Clostridium_sp._AF37-5	3107801	8.0	6	0.75	97.33395214521452	35.666666666666664	0.017536515368905537
MSM9VZHR	2293028	Clostridium_sp._AM29-11AC	3547659	2.0	0	0.0			0.0
MSM9VZHR	2293033	Clostridium_sp._AM46-21	2976561	4.0	2	0.5	98.91304347826086	42.0	0.00312441102332524
MSM9VZHR	2293035	Clostridium_sp._AM49-4BH	3183099	2.0	2	1.0	100.0	36.5	0.003581415469641378
MSM9VZHR	2293108	Eubacterium_sp._AF36-5BH	2729280	2.0	0	0.0			0.0
MSM9VZHR	2293109	Faecalibacterium_sp._OF04-11AC	2745360	20.0	8	0.4	98.68338548830553	41.5	0.015152839700440015
MSM9VZHR	2293128	Roseburia_sp._AF15-21	3184543	4.0	2	0.5	97.2972972972973	40.0	0.0023551259945304554
MSM9VZHR	2293138	Roseburia_sp._AM59-24XD	3383570	82.0	54	0.6585365853658537	99.10795607986795	41.7037037037037	0.12105557148219187
MSM9VZHR	2293144	Roseburia_sp._TF10-5	3443473	22.0	15	0.6818181818181818	99.03146775501469	40.733333333333334	0.03023110679247376
MSM9VZHR	2293174	Ruminococcus_sp._AF31-8BH	4594075	2.0	2	1.0	96.53465346534654	23.5	0.0044187350010611495
MSM9VZHR	2293202	Ruminococcus_sp._AM31-15AC	2934511	4.0	2	0.5	99.00495049504951	32.0	0.004021112887291955
MSM9VZHR	2302938	Bacteroides_sp._51	6202740	2.0	0	0.0			0.0
MSM9VZHR	2302956	Faecalibacterium_sp._AF27-11BH	2779402	8.0	4	0.5	96.53465346534654	23.5	0.0062243604919331565
MSM9VZHR	2302957	Faecalibacterium_sp._AM43-5AT	2939397	4.0	1	0.25	97.67441860465115	42	0.002959790732589031
MSM9VZHR	2305243	Desulfotomaculum_sp._OF05-3	3720446	4.0	2	0.5	97.70797962648557	41.0	0.0025265788026489298
MSM9VZHR	2315463	Faecalibacterium_sp._BCRC_81149	3164912	6.0	4	0.6666666666666666	100.0	42.0	0.007014413038972332
MSM9VZHR	246787	Bacteroides_cellulosilyticus	7271073	10.0	0	0.0			0.0
MSM9VZHR	2565572	Parasutterella_muris	2500219	4.0	0	0.0			0.0
MSM9VZHR	2580425	Faecalibacterium_sp._Marseille-P9312	2800344	10.0	6	0.6	97.8339213231668	38.666666666666664	0.013034112951837346
MSM9VZHR	2584661	Megasphaera_sp._BIOML-A1	2520039	2.0	0	0.0			0.0
MSM9VZHR	2585118	Alistipes_communis	3301347	12.0	8	0.6666666666666666	98.6206483551581	36.875	0.01902253837600228
MSM9VZHR	259315	uncultured_Faecalibacterium_sp.	2673385	12.0	8	0.6666666666666666	97.88227419680743	35.0	0.022406050755876913
MSM9VZHR	2595057	Geobacillus_sp._LEMMJ02	3436274	2.0	0	0.0			0.0
MSM9VZHR	261299	Intestinibacter_bartlettii	3006269	4.0	0	0.0			0.0
MSM9VZHR	2682456	Veillonella_nakazawae	2097818	4.0	0	0.0			0.0
MSM9VZHR	270498	Christensenella_hongkongensis	3152139	2.0	0	0.0			0.0
MSM9VZHR	2714355	Vescimonas_coprocola	2557760	14.0	9	0.6428571428571429	96.91488174594438	27.666666666666668	0.017476229200550482
MSM9VZHR	2714358	Pusillibacter_faecalis	3407680	12.0	6	0.5	99.50980392156862	41.666666666666664	0.010446990327730303
MSM9VZHR	2739389	Phocaeicola_faecicola	4547551	2.0	0	0.0			0.0
MSM9VZHR	2758403	Faecalibacterium_sp._Marseille-Q3530	2909601	16.0	8	0.5	99.3810395445307	41.75	0.017940604227177543
MSM9VZHR	2763042	Dysosmobacter_sp._BX15	3671022	4.0	2	0.5	100.0	42.0	0.0018523452052316765
MSM9VZHR	2763047	Flintibacter_sp._BX5	2849896	4.0	2	0.5	96.53465346534654	32.0	0.004070323969716789
MSM9VZHR	2763048	Flintibacter_sp._NSJ-23	2728146	4.0	2	0.5	97.52475247524752	11.0	0.003995387343639233
MSM9VZHR	2763051	Lachnospira_sp._NSJ-43	2936761	34.0	22	0.6470588235294118	99.16101486370813	40.90909090909091	0.053528359985712155
MSM9VZHR	2763054	Mediterraneibacter_sp._NSJ-55	3598112	8.0	4	0.5	96.04813929668829	24.5	0.007781858930461309
MSM9VZHR	2763064	Roseburia_sp._BX1005	3504022	30.0	16	0.5333333333333333	98.28415045886342	38.6875	0.032305733240259336
MSM9VZHR	2763656	Guopingia_tenuis	2203091	4.0	2	0.5	97.40259740259741	40.0	0.0035404801708145512
MSM9VZHR	2763661	Bianquea_renquensis	3939669	2.0	0	0.0			0.0
MSM9VZHR	2763675	Jilunia_laotingensis	4738048	2.0	0	0.0			0.0
MSM9VZHR	2764322	Hydrogeniiclostridium_mannosilyticum	3014016	8.0	4	0.5	98.94492574257426	41.5	0.007000626406760946
MSM9VZHR	2773458	Anaerovorax_sp._IOR16	3379226	2.0	0	0.0			0.0
MSM9VZHR	2779358	Gallalistipes_aquisgranensis	2988498	4.0	0	0.0			0.0
MSM9VZHR	2787103	Clostridium_sp._1001270J_160509_D11	2978124	84.0	46	0.5476190476190477	98.86966676466817	40.608695652173914	0.08663171849123812
MSM9VZHR	2787128	Alistipes_sp._D31t1_170403_E11	3754900	10.0	2	0.2	96.03960396039604	31.5	0.0038349889477749073
MSM9VZHR	28052	Lachnospira_pectinoschiza	2704308	26.0	0	0.0			0.0
MSM9VZHR	28111	Bacteroides_eggerthii	4206509	12.0	0	0.0			0.0
MSM9VZHR	28112	Tannerella_forsythia	3405521	2.0	0	0.0			0.0
MSM9VZHR	28113	Bacteroides_heparinolyticus	3608975	2.0	0	0.0			0.0
MSM9VZHR	28116	Bacteroides_ovatus	6472489	136.0	20	0.14705882352941177	97.09779440074936	27.35	0.02244886009076261
MSM9VZHR	28117	Alistipes_putredinis	2550678	210.0	79	0.3761904761904762	99.6034956693184	41.848101265822784	0.1804618223076374
MSM9VZHR	2816908	Sedimentibacter_sp._zth1	3133930	2.0	0	0.0			0.0
MSM9VZHR	2817017	Faecalibacterium_sp._Marseille-P9590	2907134	10.0	6	0.6	100.0	42.0	0.012417728250572557
MSM9VZHR	2817018	Faecalibacterium_sp._Marseille-Q4896	2884496	4.0	2	0.5	100.0	42.0	0.0031547972332081585
MSM9VZHR	2817021	Faecalibacterium_sp._Marseille-Q4137	3284209	2.0	2	1.0	100.0	42.0	0.004293271226039512
MSM9VZHR	28251	Ornithobacterium_rhinotracheale	2399175	2.0	0	0.0			0.0
MSM9VZHR	283786	Bizionia_paragorgiae	3143625	2.0	0	0.0			0.0
MSM9VZHR	2841504	Dysosmobacter_acutus	3161374	4.0	0	0.0			0.0
MSM9VZHR	2841507	Alkaliphilus_flagellatus	3599251	2.0	0	0.0			0.0
MSM9VZHR	2841513	Eubacterium_sp._MSJ-13	2367872	6.0	1	0.16666666666666666	94.05940594059405	23	0.004307665279204281
MSM9VZHR	2841515	Falcatimonas_sp._MSJ-15	3671430	2.0	2	1.0	100.0	42.0	0.004821009797272452
MSM9VZHR	2841516	Lachnoclostridium_sp._MSJ-17	2039394	4.0	0	0.0			0.0
MSM9VZHR	2841521	Anaerotignum_sp._MSJ-24	2292124	2.0	0	0.0			0.0
MSM9VZHR	2841526	Oscillibacter_sp._MSJ-31	2703736	2.0	0	0.0			0.0
MSM9VZHR	2841536	Ruminococcus_sp._MSJ-25	1878734	2.0	2	1.0	100.0	42.0	0.008835737257110374
MSM9VZHR	2881265	Faecalibacterium_sp._CLA-AA-H223	2808211	2.0	2	1.0	99.00990099009901	42.0	0.0072644113992858805
MSM9VZHR	2881276	Fusicatenibacter_sp._CLA-AA-H277	3901120	6.0	0	0.0			0.0
MSM9VZHR	2883214	Lacrimispora_sp._210928-DFI.3.58	4706493	2.0	2	1.0	100.0	42.0	0.0029533667637453194
MSM9VZHR	28901	Salmonella_enterica	4951383	2.0	0	0.0			0.0
MSM9VZHR	2897708	Mediterraneibacter_sp._NSJ-151	3431392	6.0	0	0.0			0.0
MSM9VZHR	2897778	Lientehia_hominis	3049388	2.0	0	0.0			0.0
MSM9VZHR	290054	Eubacterium_coprostanoligenes	1823434	2.0	0	0.0			0.0
MSM9VZHR	290055	Faecalicatena_fissicatena	3118757	6.0	0	0.0			0.0
MSM9VZHR	2903556	Faecalibacterium_gallinarum	2813415	4.0	0	0.0			0.0
MSM9VZHR	2914163	Lawsonibacter_sp._OA9	3000443	4.0	2	0.5	100.0	42.0	0.002799586594379563
MSM9VZHR	291644	Bacteroides_salyersiae	5561372	6.0	2	0.3333333333333333	97.01485148514851	40.0	0.0022116844548431577
MSM9VZHR	291645	Bacteroides_nordii	5678582	8.0	0	0.0			0.0
MSM9VZHR	2925782	Tepidibacter_sp._8C15b	3666533	2.0	0	0.0			0.0
MSM9VZHR	292800	Flavonifractor_plautii	3985392	8.0	0	0.0			0.0
MSM9VZHR	2929489	Faecalibacterium_sp._IP-3-29	3002063	2.0	1	0.5	95.04950495049505	2	0.0033976635400389667
MSM9VZHR	2929491	Faecalibacterium_sp._HTF-F	2919330	134.0	70	0.5223880597014925	98.33801317238921	40.15714285714286	0.1295845279567572
MSM9VZHR	2929493	Faecalibacterium_sp._I3-3-89	2816187	2.0	2	1.0	96.49456521739131	40.0	0.003302337522330726
MSM9VZHR	2929495	Faecalibacterium_sp._I4-3-84	3119411	6.0	4	0.6666666666666666	97.60288658803509	41.0	0.008463136149741089
MSM9VZHR	29347	-Clostridium-_scindens	3658040	4.0	0	0.0			0.0
MSM9VZHR	2935520	Faecalibacterium_hattorii	2790636	20.0	14	0.7	97.8432075068682	36.642857142857146	0.02587223844313626
MSM9VZHR	2941517	Hominisplanchenecus_murintestinalis	3320873	2.0	0	0.0			0.0
MSM9VZHR	29466	Veillonella_parvula	2132142	12.0	8	0.6666666666666666	96.45774562226251	31.875	0.02973535533749628
MSM9VZHR	2949745	Dorea_sp._MB18-49	3009721	2.0	2	1.0	99.50495049504951	42.0	0.005947395123999866
MSM9VZHR	2965272	Bacteroides_sp._SL.2.06	5754745	6.0	2	0.3333333333333333	100.0	42.0	0.0029367070130822477
MSM9VZHR	2972461	Bacteroides_sp._ET225	3743539	4.0	4	1.0	99.75247524752476	42.0	0.010711789031715711
MSM9VZHR	2972765	Bacteroides_sp._BFG-638	6742890	4.0	2	0.5	99.00980392156863	1.0	0.0030254089863545157
MSM9VZHR	2981722	Porcipelethomonas_ammoniilytica	2657141	2.0	0	0.0			0.0
MSM9VZHR	2981770	Gallintestinimicrobium_propionicum	3795992	2.0	2	1.0	99.50495049504951	24.0	0.005295058577573398
MSM9VZHR	2981786	Coprococcus_aceti	3235561	2.0	0	0.0			0.0
MSM9VZHR	2994035	Sellimonas_catena	3677942	6.0	0	0.0			0.0
MSM9VZHR	301301	Roseburia_hominis	3592125	16.0	10	0.625	99.66499389664995	42.0	0.016703204927445453
MSM9VZHR	301302	Roseburia_faecis	3385415	390.0	102	0.26153846153846155	98.36760438228637	35.65686274509804	0.22325180221627183
MSM9VZHR	3031819	Robertmurraya_sp._DFI.2.37	5416197	4.0	2	0.5	95.18072289156626	23.5	0.001550903706050574
MSM9VZHR	310297	Phocaeicola_plebeius	4421924	2.0	0	0.0			0.0
MSM9VZHR	310298	Phocaeicola_coprocola	3924966	12.0	1	0.08333333333333333	94.11764705882352	2	0.0017579770117753886
MSM9VZHR	310300	Bacteroides_pyogenes	3397546	2.0	0	0.0			0.0
MSM9VZHR	328813	Alistipes_onderdonkii	3507492	8.0	0	0.0			0.0
MSM9VZHR	328814	Alistipes_shahii	3809618	10.0	0	0.0			0.0
MSM9VZHR	329854	Bacteroides_intestinalis	6052596	2.0	0	0.0			0.0
MSM9VZHR	33035	Blautia_producta	6197116	4.0	0	0.0			0.0
MSM9VZHR	33038	-Ruminococcus-_gnavus	3549191	2.0	0	0.0			0.0
MSM9VZHR	33039	-Ruminococcus-_torques	2979783	30.0	0	0.0			0.0
MSM9VZHR	33043	Coprococcus_eutactus	3112919	10.0	0	0.0			0.0
MSM9VZHR	338188	Bacteroides_finegoldii	4892401	8.0	0	0.0			0.0
MSM9VZHR	341225	Thomasclavelia_saccharogumia	3143441	24.0	8	0.3333333333333333	99.1053792879288	39.75	0.0202326049701585
MSM9VZHR	351091	Oscillibacter_valericigenes	2493294	10.0	0	0.0			0.0
MSM9VZHR	357276	Phocaeicola_dorei	5625488	672.0	194	0.28869047619047616	98.78805226852164	39.128865979381445	0.24570312833304417
MSM9VZHR	358743	Enterocloster_citroniae	6184194	4.0	0	0.0			0.0
MSM9VZHR	360807	Roseburia_inulinivorans	4227688	114.0	22	0.19298245614035087	98.70908343362476	33.13636363636363	0.04274203772842272
MSM9VZHR	363265	Prevotella_stercorea	3097322	2.0	0	0.0			0.0
MSM9VZHR	371601	Bacteroides_xylanisolvens	6558523	82.0	29	0.35365853658536583	98.50027629151792	24.862068965517242	0.03955158806334902
MSM9VZHR	38027	Methanosarcina_siciliae	5017558	2.0	0	0.0			0.0
MSM9VZHR	387090	Phocaeicola_coprophilus	4113613	4.0	0	0.0			0.0
MSM9VZHR	387661	Parabacteroides_johnsonii	4749455	22.0	0	0.0			0.0
MSM9VZHR	388280	Cyclobacterium_lianum	5675162	2.0	0	0.0			0.0
MSM9VZHR	393921	Porphyromonas_crevioricanis	2133352	2.0	0	0.0			0.0
MSM9VZHR	39480	Andreesenia_angusta	2343503	4.0	0	0.0			0.0
MSM9VZHR	39485	Lachnospira_eligens	2831389	16.0	2	0.125	96.01980198019803	24.0	0.003955655687014395
MSM9VZHR	39486	Dorea_formicigenerans	3188304	10.0	4	0.4	94.98925637244577	27.0	0.007025678856219482
MSM9VZHR	39488	Anaerobutyricum_hallii	3455681	12.0	0	0.0			0.0
MSM9VZHR	39490	Eubacterium_ramulus	3378009	8.0	4	0.5	99.18770453482936	42.0	0.006068663523394993
MSM9VZHR	39491	-Eubacterium-_rectale	3451485	1554.0	467	0.3005148005148005	98.41761653294783	37.72162740899358	0.8740585574035524
MSM9VZHR	39496	Eubacterium_ventriosum	2761423	366.0	176	0.4808743169398907	99.05322143971406	41.06818181818182	0.4424530396103748
MSM9VZHR	40518	Ruminococcus_bromii	2085998	6.0	3	0.5	98.02627321555684	35.333333333333336	0.014717176143026024
MSM9VZHR	40519	Ruminococcus_callidus	3228728	6.0	2	0.3333333333333333	97.05882352941177	40.0	0.0032830266284431518
MSM9VZHR	40520	Blautia_obeum	3649956	32.0	0	0.0			0.0
MSM9VZHR	410072	Coprococcus_comes	3373066	6.0	0	0.0			0.0
MSM9VZHR	411483	Faecalibacterium_duncaniae	3102523	6.0	6	1.0	98.74944323700663	28.333333333333332	0.014729947207482426
MSM9VZHR	411489	Clostridium_sp._L2-50	2954616	4.0	2	0.5	96.53465346534654	1.0	0.003993750795365624
MSM9VZHR	418240	Blautia_wexlerae	4685728	8.0	2	0.25	100.0	1.0	0.0015152394675918021
MSM9VZHR	428988	Flavobacterium_lindanitolerans	3722747	2.0	0	0.0			0.0
MSM9VZHR	457389	Bacteroides_sp._3_1_13	6302216	4.0	2	0.5	99.48979591836735	3.5	0.003189354347740541
MSM9VZHR	457416	Veillonella_sp._3_1_44	2163458	2.0	0	0.0			0.0
MSM9VZHR	45851	Butyrivibrio_crossotus	2521323	2.0	0	0.0			0.0
MSM9VZHR	460384	Enterocloster_lavalensis	6495707	8.0	4	0.5	100.0	42.0	0.002078295711305944
MSM9VZHR	46228	-Ruminococcus-_lactaris	2733858	6.0	1	0.16666666666666666	96.03960396039604	24	0.0037309911487721746
MSM9VZHR	46503	Parabacteroides_merdae	4403124	2.0	0	0.0			0.0
MSM9VZHR	46506	Bacteroides_stercoris	4009829	6.0	0	0.0			0.0
MSM9VZHR	469585	Bacteroides_sp._1_1_14	6446424	4.0	4	1.0	100.0	42.0	0.005755128734938936
MSM9VZHR	469588	Bacteroides_sp._2_1_22	6003748	4.0	3	0.75	97.68584001257268	35.666666666666664	0.004730378423611384
MSM9VZHR	469590	Bacteroides_sp._2_2_4	7101224	8.0	6	0.75	100.0	37.666666666666664	0.006196114923286465
MSM9VZHR	471825	Haloplasma_contractile	3404505	2.0	0	0.0			0.0
MSM9VZHR	474960	Hydrogenoanaerobacterium_saccharovorans	3176247	32.0	0	0.0			0.0
MSM9VZHR	47500	Aneurinibacillus_migulanus	6348994	2.0	1	0.5	96.03960396039604	1	0.0016065537311895396
MSM9VZHR	47678	Bacteroides_caccae	5499725	18.0	7	0.3888888888888889	99.10779989678505	23.428571428571427	0.009400470023501176
MSM9VZHR	487174	Barnesiella_intestinihominis	3443906	6.0	0	0.0			0.0
MSM9VZHR	520	Bordetella_pertussis	4088701	4.0	0	0.0			0.0
MSM9VZHR	53422	Thermobrachium_celere	2644756	2.0	0	0.0			0.0
MSM9VZHR	536633	Blautia_glucerasea	2895849	4.0	0	0.0			0.0
MSM9VZHR	562	Escherichia_coli	5594605	2.0	0	0.0			0.0
MSM9VZHR	563193	Parabacteroides_sp._D13	5370710	2.0	2	1.0	100.0	42.0	0.002774307307599926
MSM9VZHR	585544	Bacteroides_sp._D22	6344045	4.0	2	0.5	99.50495049504951	42.0	0.0018442492132385566
MSM9VZHR	592978	Mediterraneibacter_faecis	3288691	10.0	3	0.3	95.83493514186584	29.666666666666668	0.006841627869568773
MSM9VZHR	59620	uncultured_Clostridium_sp.	3849243	36.0	0	0.0			0.0
MSM9VZHR	61171	Holdemania_filiformis	3744856	6.0	2	0.3333333333333333	98.2336956521739	42.0	0.004085604359686994
MSM9VZHR	626930	Bacteroides_fluxus	4330716	2.0	0	0.0			0.0
MSM9VZHR	626933	Odoribacter_laneus	3773011	4.0	0	0.0			0.0
MSM9VZHR	626935	Collinsella_tanakaei	2492085	4.0	0	0.0			0.0
MSM9VZHR	649756	Anaerostipes_hadrus	2946270	2.0	0	0.0			0.0
MSM9VZHR	652721	Prevotella_sp._oral_taxon_317	4099098	4.0	0	0.0			0.0
MSM9VZHR	655355	Sunxiuqinia_elliptica	5094324	2.0	0	0.0			0.0
MSM9VZHR	670	Vibrio_parahaemolyticus	5165770	2.0	0	0.0			0.0
MSM9VZHR	671267	Phocaeicola_sartorii	5630518	16.0	8	0.5	95.71020563594821	25.0	0.011775115539991169
MSM9VZHR	674529	Bacteroides_faecis	6352228	14.0	0	0.0			0.0
MSM9VZHR	681398	Paludibacter_jiangxiensis	3664884	2.0	0	0.0			0.0
MSM9VZHR	700500	Catenisphaera_adipataccumulans	1998595	2.0	0	0.0			0.0
MSM9VZHR	712414	Oribacterium_sp._oral_taxon_108	2518361	2.0	0	0.0			0.0
MSM9VZHR	732242	Phocaeicola_paurosaccharolyticus	2903850	2.0	0	0.0			0.0
MSM9VZHR	74426	Collinsella_aerofaciens	2455328	4.0	0	0.0			0.0
MSM9VZHR	745368	Gemmiger_formicilis	3241569	38.0	5	0.13157894736842105	95.45553391755925	20.6	0.007403822038031583
MSM9VZHR	765821	uncultured_Blautia_sp.	3060889	6.0	0	0.0			0.0
MSM9VZHR	78345	Bifidobacterium_merycicum	2274683	2.0	0	0.0			0.0
MSM9VZHR	817	Bacteroides_fragilis	5241700	132.0	2	0.015151515151515152	99.41860465116278	42.0	0.0036057004406967207
MSM9VZHR	818	Bacteroides_thetaiotaomicron	6304193	332.0	91	0.2740963855421687	97.89248539998964	31.64835164835165	0.10769023093042994
MSM9VZHR	820	Bacteroides_uniformis	4709701	14.0	0	0.0			0.0
MSM9VZHR	821	Phocaeicola_vulgatus	5163189	240.0	87	0.3625	97.49296543882879	34.12643678160919	0.11070677443727123
MSM9VZHR	823	Parabacteroides_distasonis	5348976	6.0	0	0.0			0.0
MSM9VZHR	84030	Lacrimispora_saccharolytica	4662871	4.0	0	0.0			0.0
MSM9VZHR	853	Faecalibacterium_prausnitzii	3127383	746.0	92	0.12332439678284182	97.61211532841936	24.108695652173914	0.19492335924317553
MSM9VZHR	85831	Bacteroides_acidifaciens	4849831	2.0	2	1.0	98.01980198019803	41.0	0.003608373157745084
MSM9VZHR	871325	Bacteroides_faecichinchillae	4806522	10.0	10	1.0	99.40594059405942	42.0	0.0070529168492311075
MSM9VZHR	876091	uncultured_Oscillibacter_sp.	3020033	4.0	2	0.5	100.0	42.0	0.002648977676733996
MSM9VZHR	88431	Dorea_longicatena	2919963	14.0	0	0.0			0.0
MSM9VZHR	93975	Bacteroides_sp._AR29	4442069	2.0	2	1.0	98.01980198019803	9.0	0.0036244371710570005
MSM9VZHR	99656	-Clostridium-_fimetarium	4568183	2.0	0	0.0			0.0
MSMB4LXW	100134	Anaerocolumna_xylanovorans	5420325	2.0	0	0.0			0.0
MSMB4LXW	100886	Catenibacterium_mitsuokai	2650196	14.0	2	0.14285714285714285	95.04950495049505	23.5	0.00528262815278568
MSMB4LXW	105841	Anaerostipes_caccae	3284789	4.0	2	0.5	96.29629629629629	1.0	0.004992710338472273
MSMB4LXW	105843	Anaerobutyricum_soehngenii	3194235	2.0	0	0.0			0.0
MSMB4LXW	106588	Pseudoflavonifractor_capillosus	4241076	4.0	0	0.0			0.0
MSMB4LXW	1078089	Bacteroides_sp._HPS0048	6096022	2.0	0	0.0			0.0
MSMB4LXW	1150298	Fusicatenibacter_saccharivorans	3782803	30.0	12	0.4	98.20928092743075	37.083333333333336	0.018293313186015767
MSMB4LXW	1160721	Ruminococcus_bicirculans	2968500	18.0	10	0.5555555555555556	100.0	42.0	0.02179551962270507
MSMB4LXW	116085	Coprococcus_catus	3599035	18.0	1	0.05555555555555555	95.45454545454545	24	0.0018616101260476765
MSMB4LXW	1193534	uncultured_Flavonifractor_sp.	2635928	6.0	0	0.0			0.0
MSMB4LXW	121608	Paenibacillus_koleovorans	7544267	2.0	0	0.0			0.0
MSMB4LXW	1226323	Oscillibacter_sp._KLE_1745	3594235	6.0	3	0.5	99.14529914529915	42.0	0.002837877879437488
MSMB4LXW	1262744	Bacteroides_sp._CAG-633	3641748	14.0	8	0.5714285714285714	99.13242574257427	41.75	0.01738176282378682
MSMB4LXW	1262881	Eubacterium_sp._CAG-161	2515227	2.0	0	0.0			0.0
MSMB4LXW	1280669	Dorea_sp._AGR2135	3509498	4.0	2	0.5	97.2972972972973	1.0	0.004274115557267734
MSMB4LXW	1297617	Intestinimonas_butyriciproducens	3224506	4.0	0	0.0			0.0
MSMB4LXW	133448	Citrobacter_youngae	4936293	2.0	0	0.0			0.0
MSMB4LXW	1354	Enterococcus_hirae	2931746	2.0	0	0.0			0.0
MSMB4LXW	137838	Clostridium_neonatale	4739640	4.0	0	0.0			0.0
MSMB4LXW	1392487	Eubacterium_sp._AB3007	2301752	4.0	0	0.0			0.0
MSMB4LXW	1432052	Eisenbergiella_tayi	7555015	4.0	0	0.0			0.0
MSMB4LXW	1468449	Holdemania_massiliensis	4017176	8.0	4	0.5	98.23529411764707	41.0	0.004779476926079415
MSMB4LXW	1496	Clostridioides_difficile	4095894	34.0	0	0.0			0.0
MSMB4LXW	1501392	Coprobacter_secundus	4171466	6.0	0	0.0			0.0
MSMB4LXW	1512	-Clostridium-_symbiosum	5299950	8.0	2	0.25	100.0	42.0	0.0030188964046830627
MSMB4LXW	151276	Bacteroides_coprosuis	2763468	2.0	0	0.0			0.0
MSMB4LXW	1520812	Butyrivibrio_sp._YAB3001	4587896	2.0	0	0.0			0.0
MSMB4LXW	1522	-Clostridium-_innocuum	4718906	10.0	0	0.0			0.0
MSMB4LXW	1531	Enterocloster_clostridioformis	5539047	18.0	2	0.1111111111111111	96.03960396039605	25.0	0.0030691200128830825
MSMB4LXW	154046	Hungatella_hathewayi	6931886	16.0	4	0.25	100.0	42.0	0.004876017868730097
MSMB4LXW	154288	Turicibacter_sanguinis	2999687	18.0	0	0.0			0.0
MSMB4LXW	155865	Eubacterium_pyruvativorans	2158512	2.0	0	0.0			0.0
MSMB4LXW	1574262	Sutterella_sp._KLE1602	2576488	2.0	1	0.5	100.0	42	0.003958877355532026
MSMB4LXW	158847	Megamonas_hypermegale	2230342	2.0	0	0.0			0.0
MSMB4LXW	160453	Enterococcus_gilvus	3945324	2.0	0	0.0			0.0
MSMB4LXW	1613	Limosilactobacillus_fermentum	1905587	2.0	0	0.0			0.0
MSMB4LXW	162156	uncultured_Bacteroides_sp.	5299784	10.0	4	0.4	95.5371287128713	23.5	0.00462282991155866
MSMB4LXW	1650661	Clostridium_phoceensis	3453778	6.0	4	0.6666666666666666	99.50495049504951	42.0	0.009699523246717074
MSMB4LXW	165179	Prevotella_copri	3551614	2.0	0	0.0			0.0
MSMB4LXW	165185	uncultured_Eubacterium_sp.	2611477	2.0	0	0.0			0.0
MSMB4LXW	165186	uncultured_Ruminococcus_sp.	2960314	10.0	0	0.0			0.0
MSMB4LXW	166486	Roseburia_intestinalis	4493348	120.0	41	0.3416666666666667	98.75262057187275	39.63414634146341	0.06338258243073984
MSMB4LXW	1673717	Anaeromassilibacillus_senegalensis	3511751	10.0	0	0.0			0.0
MSMB4LXW	1673721	Intestinimonas_massiliensis	3105129	2.0	0	0.0			0.0
MSMB4LXW	168384	Marvinbryantia_formatexigens	4577574	4.0	0	0.0			0.0
MSMB4LXW	1685	Bifidobacterium_breve	2269415	4.0	0	0.0			0.0
MSMB4LXW	169435	Anaerotruncus_colihominis	3563916	24.0	6	0.25	98.84488448844884	38.666666666666664	0.009932894041273701
MSMB4LXW	1703332	Butyribacter_intestini	3610525	2.0	0	0.0			0.0
MSMB4LXW	1712675	Turicibacter_sp._H121	2622031	4.0	2	0.5	99.00990099009901	42.0	0.00575889453633462
MSMB4LXW	172901	Victivallis_vadensis	5199916	8.0	4	0.5	99.36644900497512	42.0	0.005846248285549228
MSMB4LXW	1735	Holdemanella_biformis	2517763	2.0	0	0.0			0.0
MSMB4LXW	1750560	Parabacteroides_massiliensis	5015786	2.0	0	0.0			0.0
MSMB4LXW	1776391	Romboutsia_timonensis	3112481	4.0	2	0.5	100.0	42.0	0.002506039394296704
MSMB4LXW	1780376	Alistipes_sp._CHKCI003	2869882	8.0	4	0.5	97.4037403740374	41.0	0.009233829126075566
MSMB4LXW	1796635	Longicatena_caecimuris	3103757	4.0	0	0.0			0.0
MSMB4LXW	1805476	Blautia_sp._Marseille-P2398	3592616	2.0	0	0.0			0.0
MSMB4LXW	1811193	Streptococcus_pantholopis	2241302	2.0	0	0.0			0.0
MSMB4LXW	182264	Sporotomaculum_syntrophicum	3352116	2.0	0	0.0			0.0
MSMB4LXW	1834438	Pedobacter_quisquiliarum	3773827	2.0	0	0.0			0.0
MSMB4LXW	1841856	Bacteroides_mediterraneensis	4075696	22.0	2	0.09090909090909091	97.01485148514851	40.0	0.0042692094798041855
MSMB4LXW	1870988	Pseudoflavonifractor_phocaeensis	3146058	2.0	0	0.0			0.0
MSMB4LXW	1871020	Clostridium_sp._Marseille-P3244	2972275	2.0	2	1.0	99.50495049504951	42.0	0.005820457393747214
MSMB4LXW	1896211	Fibrobacter_sp._UWH5	3736655	4.0	0	0.0			0.0
MSMB4LXW	1903262	Bacteroides_ndongoniae	4949270	2.0	0	0.0			0.0
MSMB4LXW	1907658	Bacteroides_ilei	3974623	2.0	0	0.0			0.0
MSMB4LXW	1917868	Blautia_marasmi	6170525	4.0	0	0.0			0.0
MSMB4LXW	1926599	Carboxydocella_sp._ULO1	2700370	2.0	0	0.0			0.0
MSMB4LXW	195	Campylobacter_coli	1716536	2.0	0	0.0			0.0
MSMB4LXW	1965548	Drancourtella_sp._An12	3632099	2.0	0	0.0			0.0
MSMB4LXW	1965620	Bacteroides_sp._An279	3937191	2.0	0	0.0			0.0
MSMB4LXW	1965664	Flavonifractor_sp._An9	3350225	4.0	2	0.5	99.00990099009901	42.0	0.004984739830906879
MSMB4LXW	2024205	Urinicoccus_timonensis	1978908	2.0	0	0.0			0.0
MSMB4LXW	2024224	Prevotella_sp._P2-180	4106229	2.0	0	0.0			0.0
MSMB4LXW	2024228	Prevotella_sp._P4-51	3152425	4.0	2	0.5	100.0	42.0	0.0037114285034536903
MSMB4LXW	2024555	Virgibacillus_profundi	4362047	2.0	0	0.0			0.0
MSMB4LXW	204516	Phocaeicola_massiliensis	4646209	12.0	0	0.0			0.0
MSMB4LXW	2067550	Clostridium_sp._chh4-2	6089737	2.0	0	0.0			0.0
MSMB4LXW	208479	Enterocloster_bolteae	6377378	6.0	0	0.0			0.0
MSMB4LXW	2086273	Subdoligranulum_sp._APC924-74	3508961	10.0	6	0.6	99.66831683168317	42.0	0.011228394957937692
MSMB4LXW	2093857	Dysosmobacter_welbionis	3396268	2.0	0	0.0			0.0
MSMB4LXW	2108523	Lawsonibacter_asaccharolyticus	3126090	10.0	4	0.4	98.21401370906321	41.0	0.007005556461906088
MSMB4LXW	214853	Anaerofustis_stercorihominis	2284703	2.0	2	1.0	100.0	42.0	0.0055587093814819695
MSMB4LXW	216816	Bifidobacterium_longum	2385164	32.0	12	0.375	98.05703131288739	29.0	0.030522010226550458
MSMB4LXW	218538	Dialister_invisus	1895960	520.0	279	0.5365384615384615	97.70798847908007	35.630824372759854	1.17159644718243
MSMB4LXW	2211183	Evtepia_gabavorous	2494407	6.0	2	0.3333333333333333	100.0	42.0	0.003487802912676239
MSMB4LXW	2292003	Butyricicoccus_sp._AF35-5AC	3138006	4.0	0	0.0			0.0
MSMB4LXW	2292006	Clostridium_sp._AF32-12BH	3981076	4.0	0	0.0			0.0
MSMB4LXW	2292065	Roseburia_sp._AM16-25	2635846	12.0	6	0.5	99.83498349834984	42.0	0.017451702413570445
MSMB4LXW	2292206	Clostridium_sp._AF27-2AA	3575329	126.0	78	0.6190476190476191	99.34068761486077	38.38461538461539	0.1643764811573984
MSMB4LXW	2292281	Bacteroides_sp._OF04-15BH	3751971	4.0	0	0.0			0.0
MSMB4LXW	2292304	Clostridium_sp._AM33-3	3217602	34.0	18	0.5294117647058824	97.63498940265869	35.166666666666664	0.0403716805248132
MSMB4LXW	2292310	Clostridium_sp._OF09-36	3906899	2.0	0	0.0			0.0
MSMB4LXW	2292356	Faecalibacterium_sp._OF03-6AC	2830308	4.0	2	0.5	100.0	1.0	0.002084578780825267
MSMB4LXW	2292357	Faecalibacterium_sp._OM04-11BH	2961722	2.0	0	0.0			0.0
MSMB4LXW	2292368	Roseburia_sp._OM02-15	3656239	4.0	2	0.5	98.64864864864865	1.0	0.004102576445358195
MSMB4LXW	2292375	Ruminococcus_sp._OM06-36AC	2957724	2.0	0	0.0			0.0
MSMB4LXW	2292910	Alistipes_sp._AF14-19	3668313	4.0	2	0.5	93.54455445544555	13.5	0.003134956041101182
MSMB4LXW	2292930	Bacteroides_sp._AF33-23	4824176	4.0	2	0.5	100.0	1.0	0.002611845007313166
MSMB4LXW	2292950	Bacteroides_sp._AM32-11AC	4692899	2.0	0	0.0			0.0
MSMB4LXW	2292952	Bacteroides_sp._AM41-16	4905507	2.0	2	1.0	100.0	42.0	0.0027316238668092818
MSMB4LXW	2292962	Blautia_sp._AF19-13LB	4009812	4.0	2	0.5	98.80952380952381	42.0	0.002119800130280422
MSMB4LXW	2292979	Blautia_sp._AM47-4	3843555	2.0	2	1.0	97.52475247524752	41.0	0.005307586336087294
MSMB4LXW	2292984	Blautia_sp._OM06-15AC	3492076	2.0	0	0.0			0.0
MSMB4LXW	2292985	Blautia_sp._OM07-19	4216544	2.0	0	0.0			0.0
MSMB4LXW	2292993	Clostridium_sp._AF02-29	3052050	10.0	5	0.5	98.41584158415841	41.2	0.016415196343441296
MSMB4LXW	2293009	Clostridium_sp._AF29-8BH	3145208	2.0	0	0.0			0.0
MSMB4LXW	2293011	Clostridium_sp._AF34-10BH	4001893	4.0	2	0.5	100.0	42.0	0.004422906859328822
MSMB4LXW	2293016	Clostridium_sp._AF37-5	3107801	2.0	2	1.0	99.00990099009901	42.0	0.006081470467381921
MSMB4LXW	2293028	Clostridium_sp._AM29-11AC	3547659	2.0	2	1.0	100.0	42.0	0.005750270812386421
MSMB4LXW	2293035	Clostridium_sp._AM49-4BH	3183099	18.0	13	0.7222222222222222	99.06155071740596	39.38461538461539	0.03075619074367464
MSMB4LXW	2293107	Eubacterium_sp._AF34-35BH	2669882	10.0	5	0.5	99.60396039603961	42.0	0.012509916168579736
MSMB4LXW	2293108	Eubacterium_sp._AF36-5BH	2729280	6.0	4	0.6666666666666666	99.75247524752476	42.0	0.010075917458084184
MSMB4LXW	2293109	Faecalibacterium_sp._OF04-11AC	2745360	8.0	6	0.75	99.17491749174918	42.0	0.02025235306116502
MSMB4LXW	2293138	Roseburia_sp._AM59-24XD	3383570	2.0	2	1.0	97.50495049504951	41.0	0.005999580324923084
MSMB4LXW	2293144	Roseburia_sp._TF10-5	3443473	22.0	11	0.5	97.2267009031249	34.45454545454545	0.017075783663760394
MSMB4LXW	2302935	Bacteroides_sp._214	3394147	2.0	0	0.0			0.0
MSMB4LXW	2302937	Bacteroides_sp._519	5555652	2.0	0	0.0			0.0
MSMB4LXW	2302955	Faecalibacterium_sp._AF10-46	2898008	4.0	2	0.5	100.0	42.0	0.004209788240750198
MSMB4LXW	2302956	Faecalibacterium_sp._AF27-11BH	2779402	10.0	8	0.8	96.87317807867743	25.75	0.02313447281105792
MSMB4LXW	2304575	Odoribacter_sp._Z80	2563163	4.0	0	0.0			0.0
MSMB4LXW	2315463	Faecalibacterium_sp._BCRC_81149	3164912	2.0	2	1.0	93.56435643564356	13.0	0.0048974505452284295
MSMB4LXW	2364793	Lachnoclostridium_sp._Marseille-P6806	3125999	2.0	0	0.0			0.0
MSMB4LXW	2447885	Bacteroides_faecalis	5771427	10.0	4	0.4	97.13744903902156	9.5	0.005094060792937344
MSMB4LXW	246787	Bacteroides_cellulosilyticus	7271073	4.0	0	0.0			0.0
MSMB4LXW	2508949	Candidatus_Borkfalkia_ceftriaxoniphila	2608799	4.0	2	0.5	96.03960396039604	32.5	0.007819690209939516
MSMB4LXW	2516960	Bacteroides_muris_-ex_Afrizal_et_al._2022-	4387127	4.0	2	0.5	100.0	42.0	0.0016411651634429547
MSMB4LXW	2580425	Faecalibacterium_sp._Marseille-P9312	2800344	4.0	2	0.5	100.0	42.0	0.005427904571724046
MSMB4LXW	2584603	Akkermansia_sp._BIOML-A47	3137614	4.0	2	0.5	100.0	42.0	0.0033464919521649255
MSMB4LXW	2584645	Faecalibacterium_sp._BIOML-A1	2942445	4.0	2	0.5	100.0	42.0	0.0067630830822666185
MSMB4LXW	2584661	Megasphaera_sp._BIOML-A1	2520039	4.0	0	0.0			0.0
MSMB4LXW	2585118	Alistipes_communis	3301347	8.0	0	0.0			0.0
MSMB4LXW	2585119	Alistipes_dispar	2962376	4.0	2	0.5	100.0	42.0	0.0025992649143795387
MSMB4LXW	2592649	Ruminococcus_sp._MCC718	3322567	2.0	2	1.0	100.0	42.0	0.00613983104027699
MSMB4LXW	259315	uncultured_Faecalibacterium_sp.	2673385	28.0	12	0.42857142857142855	98.32840097196532	35.75	0.028241349450228832
MSMB4LXW	2605790	Roseburia_porci	2982004	4.0	0	0.0			0.0
MSMB4LXW	2606633	Oliverpabstia_intestinalis	3233390	2.0	0	0.0			0.0
MSMB4LXW	2606640	Victivallis_lenta	5545070	2.0	2	1.0	98.51485148514851	41.0	0.0036609096007805134
MSMB4LXW	2610895	Flintibacter_sp._KGMB00164	2917795	8.0	6	0.75	98.1848184818482	38.833333333333336	0.016690685946065438
MSMB4LXW	2650157	Bacteroides_zhangwenhongii	5320612	2.0	0	0.0			0.0
MSMB4LXW	2652276	Holdemanella_porci	2070150	2.0	0	0.0			0.0
MSMB4LXW	2652292	Hornefia_porci	2814507	2.0	0	0.0			0.0
MSMB4LXW	2739389	Phocaeicola_faecicola	4547551	4.0	4	1.0	97.79282407407408	31.25	0.007806399532407663
MSMB4LXW	2758403	Faecalibacterium_sp._Marseille-Q3530	2909601	4.0	2	0.5	98.76543209876543	42.0	0.0028182558364531767
MSMB4LXW	2762213	Phocaeicola_faecium	3486467	4.0	2	0.5	99.50495049504951	42.0	0.005851195493891094
MSMB4LXW	2763028	Blautia_intestinalis	3481912	2.0	0	0.0			0.0
MSMB4LXW	2763038	Clostridium_sp._BX14	3098902	2.0	0	0.0			0.0
MSMB4LXW	2763045	Eubacterium_sp._BX4	2929446	2.0	1	0.5	98.01980198019803	42	0.0034818870189107427
MSMB4LXW	2763051	Lachnospira_sp._NSJ-43	2936761	4.0	2	0.5	100.0	42.0	0.0022133227729461127
MSMB4LXW	2763061	Roseburia_lenta	2558168	6.0	4	0.6666666666666666	100.0	40.0	0.015636189648217006
MSMB4LXW	2763069	Ruminococcus_sp._M6-2020-	3705135	4.0	0	0.0			0.0
MSMB4LXW	2763656	Guopingia_tenuis	2203091	4.0	2	0.5	97.36842105263158	41.0	0.003495089399393852
MSMB4LXW	2763657	Congzhengia_minquanensis	2802181	2.0	0	0.0			0.0
MSMB4LXW	2763664	Jutongia_hominis	2741145	4.0	0	0.0			0.0
MSMB4LXW	2763669	Qiania_dongpingensis	3084832	2.0	0	0.0			0.0
MSMB4LXW	2763675	Jilunia_laotingensis	4738048	2.0	0	0.0			0.0
MSMB4LXW	2779351	Sellimonas_monacensis	3008920	2.0	0	0.0			0.0
MSMB4LXW	2786956	Phocaeicola_faecalis	4318148	4.0	0	0.0			0.0
MSMB4LXW	28026	Bifidobacterium_pseudocatenulatum	2313752	6.0	2	0.3333333333333333	96.03960396039604	24.0	0.008816848132384111
MSMB4LXW	28052	Lachnospira_pectinoschiza	2704308	4.0	0	0.0			0.0
MSMB4LXW	28111	Bacteroides_eggerthii	4206509	10.0	0	0.0			0.0
MSMB4LXW	28113	Bacteroides_heparinolyticus	3608975	2.0	0	0.0			0.0
MSMB4LXW	28116	Bacteroides_ovatus	6472489	66.0	6	0.09090909090909091	96.1946194619462	16.0	0.00789495354878162
MSMB4LXW	28117	Alistipes_putredinis	2550678	154.0	45	0.2922077922077922	98.1095353460496	35.51111111111111	0.14062927582391818
MSMB4LXW	28118	Odoribacter_splanchnicus	4392177	28.0	14	0.5	99.34074688257003	31.142857142857142	0.016825369287257776
MSMB4LXW	28119	Bacteroides_zoogleoformans	3361794	2.0	0	0.0			0.0
MSMB4LXW	28125	Prevotella_bivia	2521238	2.0	0	0.0			0.0
MSMB4LXW	2817017	Faecalibacterium_sp._Marseille-P9590	2907134	4.0	2	0.5	94.05940594059406	15.5	0.0036806008942140266
MSMB4LXW	2817018	Faecalibacterium_sp._Marseille-Q4896	2884496	6.0	2	0.3333333333333333	100.0	42.0	0.0036054825522378953
MSMB4LXW	2817019	Faecalibacterium_sp._Marseille-Q0746	2860703	2.0	2	1.0	100.0	42.0	0.007131114275057565
MSMB4LXW	2833580	Lederbergia_citri	4823521	2.0	0	0.0			0.0
MSMB4LXW	2841528	Eubacterium_sp._MSJ-33	2908239	4.0	0	0.0			0.0
MSMB4LXW	2841530	Blautia_sp._MSJ-36	3681209	4.0	0	0.0			0.0
MSMB4LXW	2841533	Kineothrix_sp._MSJ-39	2991170	4.0	0	0.0			0.0
MSMB4LXW	2849180	Parabacteroides_sp._MSK.9.14	5060818	4.0	2	0.5	99.00990099009901	42.0	0.0024106774833633614
MSMB4LXW	2854755	Prevotella_lacticifex	4192550	14.0	8	0.5714285714285714	99.87623762376238	42.0	0.018127392636939334
MSMB4LXW	2854784	Acidovorax_sp._sic0104	5821448	2.0	0	0.0			0.0
MSMB4LXW	2881276	Fusicatenibacter_sp._CLA-AA-H277	3901120	10.0	6	0.6	97.02970297029704	32.333333333333336	0.012816832089246165
MSMB4LXW	2885264	Blautia_sp._DFI.1.216	4167967	2.0	2	1.0	100.0	42.0	0.004390629772260673
MSMB4LXW	28901	Salmonella_enterica	4951383	2.0	0	0.0			0.0
MSMB4LXW	2896850	Phocaeicola_oris	2975682	2.0	0	0.0			0.0
MSMB4LXW	290052	Acetivibrio_ethanolgignens	3660245	6.0	1	0.16666666666666666	96.03960396039604	6	0.002786698704594911
MSMB4LXW	290055	Faecalicatena_fissicatena	3118757	4.0	0	0.0			0.0
MSMB4LXW	2903556	Faecalibacterium_gallinarum	2813415	4.0	1	0.25	93.13725490196079	3	0.0036610311667493066
MSMB4LXW	291644	Bacteroides_salyersiae	5561372	2.0	0	0.0			0.0
MSMB4LXW	291645	Bacteroides_nordii	5678582	4.0	0	0.0			0.0
MSMB4LXW	2923362	Bombilactobacillus_folatiphilus	1637944	2.0	0	0.0			0.0
MSMB4LXW	2925782	Tepidibacter_sp._8C15b	3666533	2.0	0	0.0			0.0
MSMB4LXW	292800	Flavonifractor_plautii	3985392	18.0	0	0.0			0.0
MSMB4LXW	2929489	Faecalibacterium_sp._IP-3-29	3002063	4.0	2	0.5	98.01980198019803	42.0	0.004563528480248416
MSMB4LXW	2929490	Faecalibacterium_sp._I2-3-92	2963404	2.0	2	1.0	99.00990099009901	42.0	0.006883975320273577
MSMB4LXW	2929491	Faecalibacterium_sp._HTF-F	2919330	52.0	24	0.46153846153846156	98.77461496149617	37.708333333333336	0.054498806232937014
MSMB4LXW	2929493	Faecalibacterium_sp._I3-3-89	2816187	4.0	2	0.5	94.58660151729458	16.0	0.006391621010962695
MSMB4LXW	2929494	Faecalibacterium_sp._I4-1-79	3227950	2.0	2	1.0	97.52475247524752	41.0	0.003872426772409734
MSMB4LXW	2929495	Faecalibacterium_sp._I4-3-84	3119411	4.0	2	0.5	100.0	1.0	0.005129173424085509
MSMB4LXW	2931401	Cuneatibacter_sp._NSJ-177	4284754	4.0	0	0.0			0.0
MSMB4LXW	29348	Thomasclavelia_spiroformis	2528470	6.0	4	0.6666666666666666	100.0	42.0	0.006921181584120041
MSMB4LXW	2935520	Faecalibacterium_hattorii	2790636	2.0	2	1.0	94.52475247524752	23.0	0.005482621165927767
MSMB4LXW	2963704	Flavonifractor_sp._DFI.6.63	3639294	2.0	2	1.0	99.50495049504951	42.0	0.004149156402313196
MSMB4LXW	2981724	Alitiscatomonas_aceti	3399574	4.0	2	0.5	100.0	42.0	0.003706346736385206
MSMB4LXW	2981769	Brotolimicola_acetigignens	4097696	14.0	12	0.8571428571428571	100.0	42.0	0.027552068284226062
MSMB4LXW	2997294	Gemmiger_qucibialis	3494751	14.0	7	0.5	98.58346175768963	35.857142857142854	0.01645324659754014
MSMB4LXW	301301	Roseburia_hominis	3592125	30.0	4	0.13333333333333333	97.4948494849485	33.0	0.009075408010578696
MSMB4LXW	301302	Roseburia_faecis	3385415	126.0	41	0.3253968253968254	97.92317676889641	30.73170731707317	0.10353235866208427
MSMB4LXW	3031725	Faecalibacterium_sp._DFI.5.82	3480573	4.0	4	1.0	99.25742574257427	42.0	0.009509928393974212
MSMB4LXW	3031819	Robertmurraya_sp._DFI.2.37	5416197	24.0	12	0.5	99.89451476793249	42.0	0.007385255743097971
MSMB4LXW	3038145	Palleniella_muris	3580472	6.0	0	0.0			0.0
MSMB4LXW	310297	Phocaeicola_plebeius	4421924	2858.0	1088	0.3806857942617215	97.76951750396289	36.137867647058826	1.7861455782595994
MSMB4LXW	310298	Phocaeicola_coprocola	3924966	52.0	11	0.21153846153846154	98.3206225760916	28.363636363636363	0.019923739466787736
MSMB4LXW	310300	Bacteroides_pyogenes	3397546	2.0	0	0.0			0.0
MSMB4LXW	328812	Parabacteroides_goldsteinii	7053599	4.0	0	0.0			0.0
MSMB4LXW	328814	Alistipes_shahii	3809618	4.0	2	0.5	95.02475247524752	23.0	0.0027824312043884716
MSMB4LXW	329854	Bacteroides_intestinalis	6052596	8.0	0	0.0			0.0
MSMB4LXW	33035	Blautia_producta	6197116	4.0	0	0.0			0.0
MSMB4LXW	33038	-Ruminococcus-_gnavus	3549191	18.0	0	0.0			0.0
MSMB4LXW	33039	-Ruminococcus-_torques	2979783	64.0	0	0.0			0.0
MSMB4LXW	338188	Bacteroides_finegoldii	4892401	10.0	0	0.0			0.0
MSMB4LXW	338193	Clostridium_aestuarii	3582181	2.0	0	0.0			0.0
MSMB4LXW	33945	Enterococcus_avium	4537641	2.0	0	0.0			0.0
MSMB4LXW	342949	Pyrococcus_sp._NA2	1861320	2.0	0	0.0			0.0
MSMB4LXW	357276	Phocaeicola_dorei	5625488	56.0	12	0.21428571428571427	95.47459614382491	26.166666666666668	0.016549675334833175
MSMB4LXW	35833	Bilophila_wadsworthia	4461530	94.0	34	0.3617021276595745	97.31085152707169	35.294117647058826	0.05417424067528404
MSMB4LXW	358743	Enterocloster_citroniae	6184194	2.0	0	0.0			0.0
MSMB4LXW	360807	Roseburia_inulinivorans	4227688	36.0	9	0.25	97.01105913060441	33.333333333333336	0.010998919503993673
MSMB4LXW	371601	Bacteroides_xylanisolvens	6558523	50.0	21	0.42	99.41934043028361	37.476190476190474	0.015841981494918903
MSMB4LXW	376804	Phocaeicola_barnesiae	3619906	10.0	0	0.0			0.0
MSMB4LXW	387090	Phocaeicola_coprophilus	4113613	10.0	0	0.0			0.0
MSMB4LXW	387661	Parabacteroides_johnsonii	4749455	2.0	0	0.0			0.0
MSMB4LXW	393921	Porphyromonas_crevioricanis	2133352	4.0	0	0.0			0.0
MSMB4LXW	39485	Lachnospira_eligens	2831389	6.0	4	0.6666666666666666	97.27227722772277	37.0	0.008264494917512216
MSMB4LXW	39486	Dorea_formicigenerans	3188304	30.0	8	0.26666666666666666	96.90329327050353	35.0	0.018850147288338878
MSMB4LXW	39488	Anaerobutyricum_hallii	3455681	2.0	0	0.0			0.0
MSMB4LXW	39490	Eubacterium_ramulus	3378009	14.0	6	0.42857142857142855	99.83164983164983	42.0	0.01580812839752647
MSMB4LXW	39491	-Eubacterium-_rectale	3451485	438.0	164	0.3744292237442922	97.71006804383306	36.042682926829265	0.3386947936902522
MSMB4LXW	39496	Eubacterium_ventriosum	2761423	18.0	0	0.0			0.0
MSMB4LXW	397865	Barnesiella_viscericola	3076856	8.0	0	0.0			0.0
MSMB4LXW	40519	Ruminococcus_callidus	3228728	28.0	9	0.32142857142857145	98.18067296925773	29.11111111111111	0.01722040382466408
MSMB4LXW	40520	Blautia_obeum	3649956	12.0	0	0.0			0.0
MSMB4LXW	40545	Sutterella_wadsworthensis	3026517	34.0	12	0.35294117647058826	97.10996417273533	34.083333333333336	0.02828333691831237
MSMB4LXW	410072	Coprococcus_comes	3373066	16.0	0	0.0			0.0
MSMB4LXW	411483	Faecalibacterium_duncaniae	3102523	62.0	37	0.5967741935483871	98.9958569745933	37.486486486486484	0.08022502975803886
MSMB4LXW	411486	Clostridium_sp._M62-1	3842594	6.0	4	0.6666666666666666	97.02970297029702	1.5	0.007104575711095162
MSMB4LXW	411489	Clostridium_sp._L2-50	2954616	4.0	2	0.5	98.51485148514851	41.0	0.006904450527581249
MSMB4LXW	418240	Blautia_wexlerae	4685728	4.0	2	0.5	95.54455445544554	3.5	0.003585355359935532
MSMB4LXW	446660	Adlercreutzia_equolifaciens	2862526	4.0	2	0.5	94.55445544554455	23.0	0.006532691755463531
MSMB4LXW	46503	Parabacteroides_merdae	4403124	34.0	12	0.35294117647058826	100.0	35.166666666666664	0.0215074569782727
MSMB4LXW	46506	Bacteroides_stercoris	4009829	414.0	179	0.4323671497584541	98.78246349226062	40.17877094972067	0.33248300613317927
MSMB4LXW	469585	Bacteroides_sp._1_1_14	6446424	4.0	2	0.5	100.0	42.0	0.002063159357808298
MSMB4LXW	469588	Bacteroides_sp._2_1_22	6003748	2.0	1	0.5	98.01980198019803	42	0.0016989387296069056
MSMB4LXW	469590	Bacteroides_sp._2_2_4	7101224	4.0	2	0.5	96.07843137254902	31.5	0.0015631108101927217
MSMB4LXW	474960	Hydrogenoanaerobacterium_saccharovorans	3176247	12.0	0	0.0			0.0
MSMB4LXW	47678	Bacteroides_caccae	5499725	78.0	34	0.4358974358974359	99.67938264414677	41.94117647058823	0.04889335375859702
MSMB4LXW	47715	Lacticaseibacillus_rhamnosus	2988387	4.0	0	0.0			0.0
MSMB4LXW	47770	Lactobacillus_crispatus	2039404	2.0	0	0.0			0.0
MSMB4LXW	487174	Barnesiella_intestinihominis	3443906	8.0	2	0.25	96.01980198019803	24.0	0.005894469825831483
MSMB4LXW	487175	Parasutterella_excrementihominis	2831696	4.0	2	0.5	97.4947494749475	41.0	0.005473751419643917
MSMB4LXW	516703	Pontibacillus_litoralis	3204236	8.0	4	0.5	95.40143080859512	19.25	0.00758371106248104
MSMB4LXW	520762	Thermotalea_metallivorans	3094505	4.0	2	0.5	95.04950495049505	23.0	0.0032961652994582336
MSMB4LXW	53442	Eubacterium_callanderi	4316707	6.0	0	0.0			0.0
MSMB4LXW	536633	Blautia_glucerasea	2895849	4.0	0	0.0			0.0
MSMB4LXW	562	Escherichia_coli	5594605	28.0	15	0.5357142857142857	97.92378116621018	31.4	0.024916861869604734
MSMB4LXW	563193	Parabacteroides_sp._D13	5370710	8.0	6	0.75	97.23750152793055	35.666666666666664	0.007391946316222622
MSMB4LXW	573	Klebsiella_pneumoniae	5682322	2.0	0	0.0			0.0
MSMB4LXW	57732	Enterococcus_asini	2572706	2.0	0	0.0			0.0
MSMB4LXW	585543	Bacteroides_sp._D20	4487454	12.0	9	0.75	99.77997799779979	42.0	0.018674286131958123
MSMB4LXW	592978	Mediterraneibacter_faecis	3288691	10.0	0	0.0			0.0
MSMB4LXW	59620	uncultured_Clostridium_sp.	3849243	100.0	0	0.0			0.0
MSMB4LXW	61171	Holdemania_filiformis	3744856	2.0	0	0.0			0.0
MSMB4LXW	624	Shigella_sonnei	4994001	8.0	6	0.75	98.5082508250825	36.0	0.009411291667742959
MSMB4LXW	626929	Bacteroides_clarus	3897457	8.0	0	0.0			0.0
MSMB4LXW	626930	Bacteroides_fluxus	4330716	4.0	0	0.0			0.0
MSMB4LXW	626940	Phascolarctobacterium_succinatutens	2345971	4.0	0	0.0			0.0
MSMB4LXW	649756	Anaerostipes_hadrus	2946270	64.0	11	0.171875	98.49758926458209	38.54545454545455	0.023962501739487555
MSMB4LXW	670	Vibrio_parahaemolyticus	5165770	8.0	0	0.0			0.0
MSMB4LXW	671267	Phocaeicola_sartorii	5630518	2.0	0	0.0			0.0
MSMB4LXW	673271	Catenibacillus_scindens	3872981	2.0	0	0.0			0.0
MSMB4LXW	674529	Bacteroides_faecis	6352228	4.0	0	0.0			0.0
MSMB4LXW	691816	Bacteroides_rodentium	4268282	16.0	0	0.0			0.0
MSMB4LXW	706562	Lactobacillus_rogosae	2817405	2.0	0	0.0			0.0
MSMB4LXW	74426	Collinsella_aerofaciens	2455328	2.0	0	0.0			0.0
MSMB4LXW	745368	Gemmiger_formicilis	3241569	6.0	0	0.0			0.0
MSMB4LXW	765821	uncultured_Blautia_sp.	3060889	6.0	0	0.0			0.0
MSMB4LXW	78343	Bifidobacterium_boum	2171356	2.0	2	1.0	96.51980198019803	32.0	0.00488174210032809
MSMB4LXW	817	Bacteroides_fragilis	5241700	78.0	1	0.01282051282051282	97.33333333333334	1	0.0014499112883224908
MSMB4LXW	818	Bacteroides_thetaiotaomicron	6304193	60.0	11	0.18333333333333332	98.8421022553383	40.27272727272727	0.010405772792806313
MSMB4LXW	820	Bacteroides_uniformis	4709701	326.0	92	0.2822085889570552	98.26850119209526	38.27173913043478	0.14884172052535818
MSMB4LXW	821	Phocaeicola_vulgatus	5163189	982.0	393	0.40020366598778007	98.84610580333108	37.104325699745544	0.581152462170182
MSMB4LXW	823	Parabacteroides_distasonis	5348976	140.0	33	0.2357142857142857	98.04383583321476	33.39393939393939	0.053804690841761114
MSMB4LXW	84030	Lacrimispora_saccharolytica	4662871	2.0	2	1.0	99.00990099009901	42.0	0.003195456189973945
MSMB4LXW	847	Oxalobacter_formigenes	2468871	12.0	2	0.16666666666666666	92.85714285714286	8.0	0.0023087476016365373
MSMB4LXW	853	Faecalibacterium_prausnitzii	3127383	1018.0	268	0.2632612966601179	98.22923974246567	33.20522388059702	0.5863049073298665
MSMB4LXW	85831	Bacteroides_acidifaciens	4849831	4.0	2	0.5	99.50495049504951	29.5	0.0021856431698341655
MSMB4LXW	871325	Bacteroides_faecichinchillae	4806522	10.0	7	0.7	98.72268567964669	41.714285714285715	0.0039737673103337505
MSMB4LXW	871665	Blautia_faecis	4104676	4.0	0	0.0			0.0
MSMB4LXW	88431	Dorea_longicatena	2919963	66.0	20	0.30303030303030304	98.37836312028769	34.15	0.0454115343242363
MSMB4LXW	89014	Blautia_luti	3741599	4.0	0	0.0			0.0
MSMB4LXW	93975	Bacteroides_sp._AR29	4442069	4.0	4	1.0	98.64014179195696	41.0	0.008734668461926188
PSM7J18I	100884	Coprobacillus_cateniformis	3861289	2.0	1	0.5	98.0	42	0.0026157068274350872
PSM7J18I	100886	Catenibacterium_mitsuokai	2650196	2.0	0	0.0			0.0
PSM7J18I	105841	Anaerostipes_caccae	3284789	2.0	0	0.0			0.0
PSM7J18I	105843	Anaerobutyricum_soehngenii	3194235	2.0	0	0.0			0.0
PSM7J18I	1115758	Romboutsia_ilealis	2588193	8.0	2	0.25	97.5047504750475	41.0	0.004365980434998472
PSM7J18I	1150298	Fusicatenibacter_saccharivorans	3782803	82.0	19	0.23170731707317074	98.27966217674397	37.05263157894737	0.03835779975853884
PSM7J18I	1160721	Ruminococcus_bicirculans	2968500	2.0	1	0.5	93.93939393939394	2	0.00336870473303015
PSM7J18I	116085	Coprococcus_catus	3599035	48.0	5	0.10416666666666667	98.61386138613861	35.2	0.006362816699476388
PSM7J18I	1193534	uncultured_Flavonifractor_sp.	2635928	4.0	0	0.0			0.0
PSM7J18I	1226322	Oscillibacter_sp._KLE_1728	3590714	2.0	1	0.5	93.06930693069307	8	0.0028128110453798324
PSM7J18I	1226324	Blautia_sp._KLE_1732	3573774	10.0	6	0.6	96.91831683168317	29.0	0.008954119650543095
PSM7J18I	1261635	Roseburia_sp._831b	3368602	4.0	0	0.0			0.0
PSM7J18I	1262755	Blautia_sp._CAG-237	2898194	2.0	0	0.0			0.0
PSM7J18I	1262780	Clostridium_sp._CAG-221	3093482	10.0	6	0.6	100.0	42.0	0.014385084509947044
PSM7J18I	1262805	Clostridium_sp._CAG-43	2618944	4.0	2	0.5	100.0	42.0	0.007789399086043841
PSM7J18I	1262880	Eubacterium_sp._CAG-156	2450450	4.0	2	0.5	100.0	42.0	0.003101471158358669
PSM7J18I	1280	Staphylococcus_aureus	2821361	2.0	0	0.0			0.0
PSM7J18I	1305	Streptococcus_sanguinis	2296927	4.0	1	0.25	94.05940594059405	23	0.0044407157911418174
PSM7J18I	1308	Streptococcus_thermophilus	1791634	4.0	2	0.5	100.0	42.0	0.004297752777632039
PSM7J18I	1318	Streptococcus_parasanguinis	2153652	2.0	0	0.0			0.0
PSM7J18I	1351	Enterococcus_faecalis	2870381	2.0	0	0.0			0.0
PSM7J18I	1410609	Treponema_sp._C6A8	2869490	4.0	0	0.0			0.0
PSM7J18I	1411144	Bacteroides_caecigallinarum	3353010	4.0	0	0.0			0.0
PSM7J18I	1470347	Alistipes_ihumii	2780015	2.0	2	1.0	99.50495049504951	42.0	0.007338089902392613
PSM7J18I	1496	Clostridioides_difficile	4095894	56.0	0	0.0			0.0
PSM7J18I	150055	Streptococcus_lutetiensis	1793521	6.0	0	0.0			0.0
PSM7J18I	1501392	Coprobacter_secundus	4171466	10.0	0	0.0			0.0
PSM7J18I	1504536	Robinsoniella_sp._RHS	7237586	4.0	2	0.5	92.44186046511628	2.0	0.0011882414937798322
PSM7J18I	1507	Clostridium_sp._ATCC_29733	3084735	2.0	1	0.5	94.05940594059405	23	0.00330660494337439
PSM7J18I	1512	-Clostridium-_symbiosum	5299950	6.0	0	0.0			0.0
PSM7J18I	1519439	Oscillibacter_sp._ER4	2729704	6.0	2	0.3333333333333333	100.0	42.0	0.00747333776849065
PSM7J18I	1520	Clostridium_beijerinckii	5950247	2.0	0	0.0			0.0
PSM7J18I	1522	-Clostridium-_innocuum	4718906	6.0	3	0.5	98.5135224821636	41.333333333333336	0.004471375356915353
PSM7J18I	154046	Hungatella_hathewayi	6931886	4.0	0	0.0			0.0
PSM7J18I	154288	Turicibacter_sanguinis	2999687	4.0	2	0.5	100.0	42.0	0.003533702016243695
PSM7J18I	1547	Thomasclavelia_ramosa	3543719	4.0	2	0.5	98.51485148514851	42.0	0.003865995018228025
PSM7J18I	1574262	Sutterella_sp._KLE1602	2576488	48.0	36	0.75	99.46602417407425	41.888888888888886	0.12586901239206238
PSM7J18I	1579343	Streptococcus_sp._263_SSPC	1804345	2.0	2	1.0	99.50495049504951	42.0	0.01130604180464379
PSM7J18I	160404	Anaerotignum_lactatifermentans	2922609	2.0	0	0.0			0.0
PSM7J18I	1623	Ligilactobacillus_ruminis	2066652	2.0	0	0.0			0.0
PSM7J18I	1630	Kandleria_vitulina	2126709	4.0	0	0.0			0.0
PSM7J18I	165179	Prevotella_copri	3551614	4.0	0	0.0			0.0
PSM7J18I	165185	uncultured_Eubacterium_sp.	2611477	12.0	0	0.0			0.0
PSM7J18I	165186	uncultured_Ruminococcus_sp.	2960314	2.0	0	0.0			0.0
PSM7J18I	1660	Schaalia_odontolytica	2455831	4.0	0	0.0			0.0
PSM7J18I	1662055	Clostridium_guangxiense	4408532	2.0	0	0.0			0.0
PSM7J18I	166486	Roseburia_intestinalis	4493348	1602.0	585	0.3651685393258427	98.94174833312404	38.48205128205128	0.9766214412949987
PSM7J18I	1667357	Clostridium_sp._C8	4020958	2.0	0	0.0			0.0
PSM7J18I	1673721	Intestinimonas_massiliensis	3105129	4.0	0	0.0			0.0
PSM7J18I	1685	Bifidobacterium_breve	2269415	2.0	0	0.0			0.0
PSM7J18I	1720194	Clostridium_sp._AT4	3412755	22.0	12	0.5454545454545454	98.54757860077733	40.333333333333336	0.023763792009681328
PSM7J18I	1720200	Anaerotruncus_rubiinfantis	3409026	2.0	0	0.0			0.0
PSM7J18I	1720294	Eisenbergiella_massiliensis	6692195	4.0	1	0.25	95.0	23	0.001509220816189606
PSM7J18I	1735	Holdemanella_biformis	2517763	6.0	0	0.0			0.0
PSM7J18I	1737424	Blautia_massiliensis	3717343	6.0	2	0.3333333333333333	99.50495049504951	42.0	0.004304149496024445
PSM7J18I	1739517	Bacteroides_sp._HMSC073E02	6622929	4.0	4	1.0	100.0	42.0	0.004318331058659998
PSM7J18I	1745713	Bariatricus_massiliensis	4219447	2.0	0	0.0			0.0
PSM7J18I	1776391	Romboutsia_timonensis	3112481	68.0	34	0.5	99.22640011435979	37.088235294117645	0.07367113245028643
PSM7J18I	1796615	Blautia_caecimuris	4093107	4.0	0	0.0			0.0
PSM7J18I	1796616	Blautia_pseudococcoides	5128746	2.0	0	0.0			0.0
PSM7J18I	180311	Hespellia_stercorisuis	4402942	6.0	3	0.5	93.72937293729372	11.666666666666666	0.006722777633682206
PSM7J18I	185007	Pseudobutyrivibrio_xylanivorans	3420924	2.0	0	0.0			0.0
PSM7J18I	1851428	Faecalibacterium_longum	2951594	24.0	17	0.7083333333333334	98.42341292952824	35.35294117647059	0.04716095777400279
PSM7J18I	1855342	Oribacterium_sp._KHPX15	4017748	2.0	0	0.0			0.0
PSM7J18I	1917868	Blautia_marasmi	6170525	2.0	0	0.0			0.0
PSM7J18I	1926283	Lachnoclostridium_edouardi	3329949	4.0	2	0.5	97.52475247524752	41.0	0.004084146634077579
PSM7J18I	1945634	Butyricicoccus_porcorum	2990647	4.0	0	0.0			0.0
PSM7J18I	195	Campylobacter_coli	1716536	4.0	0	0.0			0.0
PSM7J18I	1965538	Flavonifractor_sp._An100	3040137	2.0	2	1.0	99.50495049504951	42.0	0.006710223914251233
PSM7J18I	1965544	Flavonifractor_sp._An112	2958951	4.0	0	0.0			0.0
PSM7J18I	1965586	Mediterranea_sp._An20	3844582	2.0	0	0.0			0.0
PSM7J18I	1965587	Anaeromassilibacillus_sp._An200	3721138	2.0	0	0.0			0.0
PSM7J18I	1982626	Faecalibacillus_intestinalis	2869982	12.0	4	0.3333333333333333	98.28188701223064	33.75	0.009512254780692004
PSM7J18I	1982628	Faecalibacillus_faecis	2525977	2.0	0	0.0			0.0
PSM7J18I	1986206	Candidatus_Nanosynsacchari_sp._TM7_ANC_38.39_G1_1	756930	2.0	0	0.0			0.0
PSM7J18I	2024205	Urinicoccus_timonensis	1978908	4.0	0	0.0			0.0
PSM7J18I	2024555	Virgibacillus_profundi	4362047	4.0	0	0.0			0.0
PSM7J18I	2026191	Bacillus_luti	5315231	2.0	0	0.0			0.0
PSM7J18I	2040291	Dorea_phocaeensis	2467622	4.0	2	0.5	94.75697569756974	23.5	0.004133534228500151
PSM7J18I	208479	Enterocloster_bolteae	6377378	8.0	0	0.0			0.0
PSM7J18I	2086273	Subdoligranulum_sp._APC924-74	3508961	4.0	2	0.5	100.0	42.0	0.0029353418291055387
PSM7J18I	2093857	Dysosmobacter_welbionis	3396268	4.0	0	0.0			0.0
PSM7J18I	209880	Allisonella_histaminiformans	1700551	16.0	10	0.625	97.92079207920793	39.8	0.03969301714561927
PSM7J18I	214856	Alistipes_finegoldii	3563510	12.0	0	0.0			0.0
PSM7J18I	216816	Bifidobacterium_longum	2385164	6.0	0	0.0			0.0
PSM7J18I	218538	Dialister_invisus	1895960	44.0	14	0.3181818181818182	97.52190933379052	36.642857142857146	0.06076077554378784
PSM7J18I	2292066	Roseburia_sp._AM23-20	4145911	10.0	5	0.5	98.01188118811882	27.8	0.010299304543681715
PSM7J18I	2292206	Clostridium_sp._AF27-2AA	3575329	20.0	12	0.6	99.33993399339936	39.0	0.028305087447896404
PSM7J18I	2292234	Faecalibacterium_sp._AF28-13AC	3389503	4.0	0	0.0			0.0
PSM7J18I	2292304	Clostridium_sp._AM33-3	3217602	2.0	0	0.0			0.0
PSM7J18I	2292356	Faecalibacterium_sp._OF03-6AC	2830308	2.0	2	1.0	98.01980198019803	17.0	0.007207696123531432
PSM7J18I	2292357	Faecalibacterium_sp._OM04-11BH	2961722	2.0	1	0.5	100.0	31	0.003443942409179524
PSM7J18I	2292367	Roseburia_sp._OF03-24	3926239	4.0	2	0.5	97.5	40.0	0.002063043029219566
PSM7J18I	2292368	Roseburia_sp._OM02-15	3656239	2.0	1	0.5	100.0	42	0.002789751982843572
PSM7J18I	2292931	Bacteroides_sp._AF34-31BH	4724527	4.0	4	1.0	97.28683750728014	40.5	0.007048324625936099
PSM7J18I	2292979	Blautia_sp._AM47-4	3843555	2.0	2	1.0	100.0	39.5	0.005307586336087294
PSM7J18I	2292980	Blautia_sp._OF03-13	3545221	2.0	2	1.0	99.00495049504951	42.0	0.005726018208737904
PSM7J18I	2292988	Blautia_sp._TF12-12AT	3327287	2.0	1	0.5	97.02970297029702	6	0.0030655606204093608
PSM7J18I	2292993	Clostridium_sp._AF02-29	3052050	4.0	0	0.0			0.0
PSM7J18I	2293028	Clostridium_sp._AM29-11AC	3547659	2.0	2	1.0	99.00990099009901	42.0	0.005130143567913376
PSM7J18I	2293030	Clostridium_sp._AM34-9AC	3804624	2.0	2	1.0	100.0	42.0	0.005335612665009736
PSM7J18I	2293109	Faecalibacterium_sp._OF04-11AC	2745360	8.0	4	0.5	99.25742574257426	42.0	0.013040184165282513
PSM7J18I	2293127	Roseburia_sp._AF12-17LB	2971866	2.0	1	0.5	99.00990099009901	42	0.0034321870501563666
PSM7J18I	2302936	Bacteroides_sp._224	4421676	2.0	0	0.0			0.0
PSM7J18I	2302955	Faecalibacterium_sp._AF10-46	2898008	4.0	2	0.5	97.14227393345581	40.0	0.002484465191262412
PSM7J18I	2302956	Faecalibacterium_sp._AF27-11BH	2779402	16.0	12	0.75	98.83828382838283	37.166666666666664	0.0340001194501551
PSM7J18I	2304576	Pseudoflavonifractor_sp._60	4378120	2.0	0	0.0			0.0
PSM7J18I	2305240	Clostridium_sp._AM25-23AC	3757782	2.0	2	1.0	98.9949494949495	42.0	0.005348899962797203
PSM7J18I	2305242	Clostridium_sp._AM34-11AC	3752211	4.0	2	0.5	100.0	42.0	0.0017856138687296636
PSM7J18I	2305243	Desulfotomaculum_sp._OF05-3	3720446	26.0	14	0.5384615384615384	98.43125579839091	36.92857142857143	0.030641487606593402
PSM7J18I	2315463	Faecalibacterium_sp._BCRC_81149	3164912	8.0	6	0.75	98.34818481848185	36.166666666666664	0.014471176449771746
PSM7J18I	2316025	Mediterraneibacter_butyricigenes	3034489	2.0	1	0.5	92.07920792079209	8	0.0033613567226640135
PSM7J18I	2358141	Anaerotignum_faecicola	2520658	2.0	0	0.0			0.0
PSM7J18I	246787	Bacteroides_cellulosilyticus	7271073	12.0	2	0.16666666666666666	99.50495049504951	42.0	0.0028056381774739436
PSM7J18I	2508949	Candidatus_Borkfalkia_ceftriaxoniphila	2608799	2.0	2	1.0	100.0	42.0	0.0077430265804303055
PSM7J18I	253257	Lacrimispora_amygdalina	5946122	4.0	0	0.0			0.0
PSM7J18I	2547410	Enterocloster_alcoholdehydrogenati	3806033	2.0	0	0.0			0.0
PSM7J18I	2580425	Faecalibacterium_sp._Marseille-P9312	2800344	26.0	18	0.6923076923076923	98.67546754675467	40.72222222222222	0.05099373505540748
PSM7J18I	2584603	Akkermansia_sp._BIOML-A47	3137614	10.0	6	0.6	99.17491749174917	38.833333333333336	0.005609357938866922
PSM7J18I	2592647	Pseudoflavonifractor_sp._MCC625	3229683	2.0	0	0.0			0.0
PSM7J18I	259315	uncultured_Faecalibacterium_sp.	2673385	44.0	11	0.25	98.14060353403761	35.54545454545455	0.03445070575319305
PSM7J18I	2606708	Mogibacterium_kristiansenii	1802987	2.0	0	0.0			0.0
PSM7J18I	261299	Intestinibacter_bartlettii	3006269	4.0	0	0.0			0.0
PSM7J18I	2652291	Inconstantimicrobium_porci	3206647	2.0	0	0.0			0.0
PSM7J18I	2653130	Arthrobacter_sp._8AJ	4332777	2.0	0	0.0			0.0
PSM7J18I	2663009	Fusobacterium_pseudoperiodonticum	2413057	2.0	2	1.0	98.21044546850999	42.0	0.006837799521519798
PSM7J18I	2665596	Salmonella_sp._S104-04179	4943357	2.0	0	0.0			0.0
PSM7J18I	2672567	Bacillus_aquiflavi	3806094	2.0	0	0.0			0.0
PSM7J18I	2714353	Vescimonas_fastidiosa	2504406	4.0	0	0.0			0.0
PSM7J18I	2714355	Vescimonas_coprocola	2557760	10.0	6	0.6	99.66996699669967	42.0	0.021698673839609658
PSM7J18I	2715212	Bacteroides_faecium	6782182	2.0	0	0.0			0.0
PSM7J18I	2758403	Faecalibacterium_sp._Marseille-Q3530	2909601	6.0	1	0.16666666666666666	98.01980198019803	42	0.00350563530875883
PSM7J18I	2758418	Anaerostipes_sp._Marseille-Q3525	2796141	6.0	4	0.6666666666666666	99.75247524752476	42.0	0.014520011687536503
PSM7J18I	2763038	Clostridium_sp._BX14	3098902	2.0	0	0.0			0.0
PSM7J18I	2763040	Dorea_sp._NSJ-36	3019761	2.0	2	1.0	94.55445544554455	23.0	0.0035102115697235644
PSM7J18I	2763064	Roseburia_sp._BX1005	3504022	2.0	0	0.0			0.0
PSM7J18I	2763670	Wujia_chipingensis	2942917	4.0	2	0.5	100.0	42.0	0.003635848377647076
PSM7J18I	2763671	Jingyaoa_shaoxingensis	3649426	2.0	2	1.0	100.0	42.0	0.005535117029362974
PSM7J18I	278064	uncultured_Dialister_sp.	2345410	2.0	0	0.0			0.0
PSM7J18I	2787078	Anaeromassilibacillus_sp._D41t1_190614_C2	3107887	2.0	2	1.0	94.55445544554455	2.0	0.0065639452142243265
PSM7J18I	2787103	Clostridium_sp._1001270J_160509_D11	2978124	4.0	2	0.5	100.0	42.0	0.003055614877016538
PSM7J18I	28026	Bifidobacterium_pseudocatenulatum	2313752	10.0	0	0.0			0.0
PSM7J18I	28052	Lachnospira_pectinoschiza	2704308	60.0	0	0.0			0.0
PSM7J18I	28111	Bacteroides_eggerthii	4206509	6.0	0	0.0			0.0
PSM7J18I	28116	Bacteroides_ovatus	6472489	88.0	15	0.17045454545454544	98.5993544409386	40.666666666666664	0.02062575927127879
PSM7J18I	28117	Alistipes_putredinis	2550678	6.0	0	0.0			0.0
PSM7J18I	28118	Odoribacter_splanchnicus	4392177	26.0	10	0.38461538461538464	98.51485148514851	36.5	0.021037403547261413
PSM7J18I	28131	Prevotella_intermedia	2674170	2.0	0	0.0			0.0
PSM7J18I	2817017	Faecalibacterium_sp._Marseille-P9590	2907134	8.0	8	1.0	97.96306397540545	36.625	0.025041845336334682
PSM7J18I	2817018	Faecalibacterium_sp._Marseille-Q4896	2884496	8.0	5	0.625	98.21782178217822	37.8	0.01723004642752148
PSM7J18I	2817019	Faecalibacterium_sp._Marseille-Q0746	2860703	4.0	4	1.0	99.25742574257427	29.0	0.01426222855011513
PSM7J18I	2817021	Faecalibacterium_sp._Marseille-Q4137	3284209	12.0	8	0.6666666666666666	99.19384057971016	41.75	0.021618599790695414
PSM7J18I	2841514	Roseburia_sp._MSJ-14	3404698	2.0	2	1.0	94.55445544554456	16.0	0.004141336470958658
PSM7J18I	2841530	Blautia_sp._MSJ-36	3681209	4.0	0	0.0			0.0
PSM7J18I	2880704	Duncaniella_muricolitica	4055027	4.0	0	0.0			0.0
PSM7J18I	2881265	Faecalibacterium_sp._CLA-AA-H223	2808211	2.0	0	0.0			0.0
PSM7J18I	2881276	Fusicatenibacter_sp._CLA-AA-H277	3901120	2.0	2	1.0	99.50495049504951	42.0	0.005229267492412436
PSM7J18I	2883186	Blautia_sp._MSK20_18	3967928	6.0	4	0.6666666666666666	97.25490196078432	36.5	0.005922486496730788
PSM7J18I	2903556	Faecalibacterium_gallinarum	2813415	12.0	0	0.0			0.0
PSM7J18I	291644	Bacteroides_salyersiae	5561372	4.0	0	0.0			0.0
PSM7J18I	291645	Bacteroides_nordii	5678582	4.0	2	0.5	97.5609756097561	40.0	0.001461632499099247
PSM7J18I	2925782	Tepidibacter_sp._8C15b	3666533	6.0	0	0.0			0.0
PSM7J18I	292800	Flavonifractor_plautii	3985392	10.0	4	0.4	100.0	42.0	0.009308996455053856
PSM7J18I	2929488	Faecalibacterium_sp._IP-1-18	3038545	6.0	4	0.6666666666666666	100.0	39.5	0.006680829146844954
PSM7J18I	2929489	Faecalibacterium_sp._IP-3-29	3002063	8.0	2	0.25	94.94743288761865	23.5	0.003630836528080856
PSM7J18I	2929490	Faecalibacterium_sp._I2-3-92	2963404	12.0	8	0.6666666666666666	98.88118811881188	37.375	0.019740811580196287
PSM7J18I	2929491	Faecalibacterium_sp._HTF-F	2919330	36.0	14	0.3888888888888889	97.86859122141975	38.857142857142854	0.02784885573059572
PSM7J18I	2929492	Faecalibacterium_sp._I3-3-33	2994777	6.0	2	0.3333333333333333	97.52475247524752	41.0	0.006811859447297745
PSM7J18I	2929493	Faecalibacterium_sp._I3-3-89	2816187	4.0	2	0.5	98.51485148514851	42.0	0.005219823825619534
PSM7J18I	2929494	Faecalibacterium_sp._I4-1-79	3227950	8.0	4	0.5	97.27722772277227	32.5	0.009696556638113973
PSM7J18I	2929495	Faecalibacterium_sp._I4-3-84	3119411	2.0	0	0.0			0.0
PSM7J18I	29322	-Eubacterium-_cellulosolvens	1085264	2.0	0	0.0			0.0
PSM7J18I	29347	-Clostridium-_scindens	3658040	8.0	3	0.375	98.3094976164283	41.333333333333336	0.008064427945019739
PSM7J18I	29348	Thomasclavelia_spiroformis	2528470	18.0	8	0.4444444444444444	99.75247524752476	42.0	0.023769315040320826
PSM7J18I	2935520	Faecalibacterium_hattorii	2790636	4.0	0	0.0			0.0
PSM7J18I	29363	Clostridium_paraputrificum	3561289	2.0	0	0.0			0.0
PSM7J18I	2941333	Mediterraneibacter_agrestimuris	4042800	4.0	0	0.0			0.0
PSM7J18I	2941517	Hominisplanchenecus_murintestinalis	3320873	2.0	0	0.0			0.0
PSM7J18I	29466	Veillonella_parvula	2132142	12.0	4	0.3333333333333333	97.52227722772278	37.25	0.018385267022552908
PSM7J18I	2949662	Coprococcus_sp._B2-R-112	3311086	4.0	2	0.5	96.25509609784507	32.0	0.003412777559990891
PSM7J18I	2965276	Blautia_sp._DFI.9.10	3357975	2.0	1	0.5	97.0	40	0.0030077650965239467
PSM7J18I	2972459	Bacteroides_sp._ET336	3919301	18.0	10	0.5555555555555556	99.3069306930693	41.6	0.016584589956219233
PSM7J18I	2981772	Muricoprocola_aceti	3270962	4.0	2	0.5	97.50990099009901	41.0	0.0036380734475056574
PSM7J18I	2983399	Acutalibacter_sp._LFL-21	2981203	2.0	0	0.0			0.0
PSM7J18I	2994968	Bacteroides_sp._LFL-34	6734678	4.0	2	0.5	100.0	42.0	0.001321518267094581
PSM7J18I	2997294	Gemmiger_qucibialis	3494751	24.0	9	0.375	98.53611075393253	36.77777777777778	0.014078256219112606
PSM7J18I	2997948	Coprococcus_sp._AF99-45	3272082	2.0	2	1.0	100.0	42.0	0.005562207793080981
PSM7J18I	2997952	Coprococcus_sp._TM115-187	3259301	2.0	2	1.0	98.01980198019803	24.0	0.006259010751078221
PSM7J18I	3002517	Butyricicoccus_sp._OF27-2pH9A	2902140	4.0	2	0.5	98.91304347826086	42.0	0.003204531828237094
PSM7J18I	301301	Roseburia_hominis	3592125	570.0	247	0.43333333333333335	98.67494766237104	38.412955465587046	0.5039635313359084
PSM7J18I	301302	Roseburia_faecis	3385415	26.0	0	0.0			0.0
PSM7J18I	3031725	Faecalibacterium_sp._DFI.5.82	3480573	8.0	6	0.75	97.85478547854787	35.666666666666664	0.015083723283493838
PSM7J18I	3031819	Robertmurraya_sp._DFI.2.37	5416197	2.0	0	0.0			0.0
PSM7J18I	303241	Liquorilactobacillus_oeni	2117633	2.0	0	0.0			0.0
PSM7J18I	3032598	Paraflavitalea_sp._CAU_1676	8836677	2.0	0	0.0			0.0
PSM7J18I	3032872	Petralouisia_muris	5871761	4.0	2	0.5	100.0	42.0	0.0019244652498628604
PSM7J18I	310298	Phocaeicola_coprocola	3924966	52.0	2	0.038461538461538464	98.01980198019803	1.0	0.0032102188910681007
PSM7J18I	310300	Bacteroides_pyogenes	3397546	4.0	0	0.0			0.0
PSM7J18I	31971	Amedibacillus_dolichus	2191053	4.0	0	0.0			0.0
PSM7J18I	329854	Bacteroides_intestinalis	6052596	6.0	2	0.3333333333333333	92.10526315789474	3.0	0.0012721813912575694
PSM7J18I	33038	-Ruminococcus-_gnavus	3549191	14.0	0	0.0			0.0
PSM7J18I	33039	-Ruminococcus-_torques	2979783	82.0	1	0.012195121951219513	97.0	1	0.0033895085648854295
PSM7J18I	33043	Coprococcus_eutactus	3112919	8.0	0	0.0			0.0
PSM7J18I	331680	Treponema_zioleckii	3876957	2.0	0	0.0			0.0
PSM7J18I	333367	Enterocloster_asparagiformis	6353279	10.0	7	0.7	99.00707213578502	41.714285714285715	0.008830086007556099
PSM7J18I	338188	Bacteroides_finegoldii	4892401	4.0	2	0.5	98.51485148514851	42.0	0.004169731794266251
PSM7J18I	351091	Oscillibacter_valericigenes	2493294	4.0	0	0.0			0.0
PSM7J18I	35701	Heliomicrobium_modesticaldum	3075407	2.0	0	0.0			0.0
PSM7J18I	357276	Phocaeicola_dorei	5625488	46.0	13	0.2826086956521739	97.78356155866764	34.69230769230769	0.021527021300196535
PSM7J18I	358743	Enterocloster_citroniae	6184194	2.0	0	0.0			0.0
PSM7J18I	360807	Roseburia_inulinivorans	4227688	440.0	178	0.40454545454545454	98.48257368955615	37.03370786516854	0.3500494833109728
PSM7J18I	363265	Prevotella_stercorea	3097322	2.0	0	0.0			0.0
PSM7J18I	371601	Bacteroides_xylanisolvens	6558523	82.0	51	0.6219512195121951	99.37675872850443	39.627450980392155	0.04735822379520511
PSM7J18I	387661	Parabacteroides_johnsonii	4749455	8.0	0	0.0			0.0
PSM7J18I	39483	Faecalitalea_cylindroides	1882013	2.0	0	0.0			0.0
PSM7J18I	39485	Lachnospira_eligens	2831389	76.0	7	0.09210526315789473	97.31433460806397	35.857142857142854	0.018789364513318377
PSM7J18I	39486	Dorea_formicigenerans	3188304	16.0	0	0.0			0.0
PSM7J18I	39488	Anaerobutyricum_hallii	3455681	4.0	0	0.0			0.0
PSM7J18I	39490	Eubacterium_ramulus	3378009	8.0	0	0.0			0.0
PSM7J18I	39491	-Eubacterium-_rectale	3451485	1044.0	380	0.36398467432950193	97.43935992151941	35.13947368421053	0.9204443884299076
PSM7J18I	39496	Eubacterium_ventriosum	2761423	18.0	0	0.0			0.0
PSM7J18I	39777	Veillonella_atypica	2071607	2.0	1	0.5	95.04950495049505	23	0.004923713812513667
PSM7J18I	39778	Veillonella_dispar	2116915	4.0	2	0.5	99.43181818181819	42.0	0.004204231157131959
PSM7J18I	40519	Ruminococcus_callidus	3228728	4.0	0	0.0			0.0
PSM7J18I	40520	Blautia_obeum	3649956	40.0	12	0.3	98.67986798679868	38.916666666666664	0.026959229097556246
PSM7J18I	40545	Sutterella_wadsworthensis	3026517	82.0	0	0.0			0.0
PSM7J18I	410072	Coprococcus_comes	3373066	56.0	4	0.07142857142857142	96.75222522252224	36.25	0.006196143212139934
PSM7J18I	411483	Faecalibacterium_duncaniae	3102523	130.0	78	0.6	98.68531210265182	34.46153846153846	0.22833029763195956
PSM7J18I	411486	Clostridium_sp._M62-1	3842594	6.0	3	0.5	97.6897689768977	18.333333333333332	0.007937346490417671
PSM7J18I	411489	Clostridium_sp._L2-50	2954616	2.0	2	1.0	100.0	42.0	0.006870605181857812
PSM7J18I	418240	Blautia_wexlerae	4685728	12.0	3	0.25	97.84653465346535	30.333333333333332	0.004054866180879471
PSM7J18I	41978	Ruminococcus_sp.	2547031	4.0	0	0.0			0.0
PSM7J18I	446692	Acetobacter_senegalensis	3969909	4.0	0	0.0			0.0
PSM7J18I	454155	Paraprevotella_xylaniphila	4125322	6.0	0	0.0			0.0
PSM7J18I	457390	Bacteroides_sp._3_1_23	6520178	2.0	2	1.0	96.53465346534654	25.0	0.0031287489390627063
PSM7J18I	457393	Bacteroides_sp._4_1_36	4638757	2.0	2	1.0	99.50495049504951	21.5	0.004397729822881431
PSM7J18I	460384	Enterocloster_lavalensis	6495707	4.0	0	0.0			0.0
PSM7J18I	46228	-Ruminococcus-_lactaris	2733858	6.0	0	0.0			0.0
PSM7J18I	46503	Parabacteroides_merdae	4403124	6.0	0	0.0			0.0
PSM7J18I	46506	Bacteroides_stercoris	4009829	8.0	0	0.0			0.0
PSM7J18I	469588	Bacteroides_sp._2_1_22	6003748	4.0	2	0.5	100.0	42.0	0.0024151579979706014
PSM7J18I	469590	Bacteroides_sp._2_2_4	7101224	6.0	4	0.6666666666666666	99.75247524752476	42.0	0.005548339272215607
PSM7J18I	474960	Hydrogenoanaerobacterium_saccharovorans	3176247	12.0	0	0.0			0.0
PSM7J18I	47678	Bacteroides_caccae	5499725	20.0	4	0.2	96.53465346534652	32.25	0.0040911136465914206
PSM7J18I	47715	Lacticaseibacillus_rhamnosus	2988387	8.0	0	0.0			0.0
PSM7J18I	486	Neisseria_lactamica	2200224	2.0	0	0.0			0.0
PSM7J18I	487173	Dialister_succinatiphilus	2486895	4.0	0	0.0			0.0
PSM7J18I	487175	Parasutterella_excrementihominis	2831696	2.0	0	0.0			0.0
PSM7J18I	516703	Pontibacillus_litoralis	3204236	8.0	4	0.5	94.36379709399512	17.5	0.006678659124983303
PSM7J18I	536633	Blautia_glucerasea	2895849	4.0	0	0.0			0.0
PSM7J18I	562	Escherichia_coli	5594605	2.0	0	0.0			0.0
PSM7J18I	563193	Parabacteroides_sp._D13	5370710	2.0	2	1.0	100.0	42.0	0.003221175598756961
PSM7J18I	592978	Mediterraneibacter_faecis	3288691	8.0	0	0.0			0.0
PSM7J18I	59620	uncultured_Clostridium_sp.	3849243	68.0	0	0.0			0.0
PSM7J18I	61171	Holdemania_filiformis	3744856	12.0	4	0.3333333333333333	95.54455445544555	27.5	0.01078813177329115
PSM7J18I	626930	Bacteroides_fluxus	4330716	8.0	0	0.0			0.0
PSM7J18I	626935	Collinsella_tanakaei	2492085	2.0	0	0.0			0.0
PSM7J18I	649756	Anaerostipes_hadrus	2946270	24.0	6	0.25	97.57464118504873	35.666666666666664	0.01517172560559623
PSM7J18I	652706	Oribacterium_sp._oral_taxon_078	2676554	8.0	0	0.0			0.0
PSM7J18I	657323	Ruminococcus_sp._SR1-5	3545606	6.0	6	1.0	97.12128633563594	32.5	0.0162172559500407
PSM7J18I	666	Vibrio_cholerae	4138412	4.0	0	0.0			0.0
PSM7J18I	670	Vibrio_parahaemolyticus	5165770	10.0	0	0.0			0.0
PSM7J18I	671267	Phocaeicola_sartorii	5630518	10.0	1	0.1	99.00990099009901	42	0.0018115562369217185
PSM7J18I	673271	Catenibacillus_scindens	3872981	2.0	0	0.0			0.0
PSM7J18I	674529	Bacteroides_faecis	6352228	130.0	56	0.4307692307692308	98.85245929288314	34.660714285714285	0.07715403162480944
PSM7J18I	712888	Actinobaculum_sp._oral_taxon_183	2366015	4.0	0	0.0			0.0
PSM7J18I	726	Haemophilus_haemolyticus	1934644	4.0	0	0.0			0.0
PSM7J18I	729	Haemophilus_parainfluenzae	2141704	20.0	7	0.35	94.04667609618105	18.285714285714285	0.028902219914610047
PSM7J18I	734	Haemophilus_paracuniculus	2047249	2.0	0	0.0			0.0
PSM7J18I	74426	Collinsella_aerofaciens	2455328	10.0	4	0.4	97.01485148514851	32.5	0.015924552646326685
PSM7J18I	745368	Gemmiger_formicilis	3241569	4.0	2	0.5	98.51485148514851	41.0	0.00567626356249088
PSM7J18I	765821	uncultured_Blautia_sp.	3060889	2.0	0	0.0			0.0
PSM7J18I	817	Bacteroides_fragilis	5241700	548.0	257	0.46897810218978103	99.21604176996107	40.24513618677043	0.4058606940496404
PSM7J18I	818	Bacteroides_thetaiotaomicron	6304193	104.0	12	0.11538461538461539	95.64303084720235	27.333333333333332	0.014070000712224388
PSM7J18I	820	Bacteroides_uniformis	4709701	120.0	38	0.31666666666666665	98.77381948089293	37.44736842105263	0.07465442073711262
PSM7J18I	821	Phocaeicola_vulgatus	5163189	956.0	418	0.4372384937238494	99.12131367169688	37.54306220095694	0.665189672506662
PSM7J18I	823	Parabacteroides_distasonis	5348976	76.0	14	0.18421052631578946	99.01801303086953	41.285714285714285	0.022490285991187846
PSM7J18I	853	Faecalibacterium_prausnitzii	3127383	1264.0	190	0.15031645569620253	96.71030416159881	24.342105263157894	0.5096273785462158
PSM7J18I	85831	Bacteroides_acidifaciens	4849831	4.0	2	0.5	93.56435643564356	13.0	0.004206332138171413
PSM7J18I	88431	Dorea_longicatena	2919963	48.0	3	0.0625	99.55555555555556	13.666666666666666	0.007911059146982341
PSM7J18I	89014	Blautia_luti	3741599	8.0	0	0.0			0.0
PSM7J18I	89152	Peptacetobacter_hiranonis	2521899	2.0	0	0.0			0.0
PSM7J18I	911092	Caldanaerobacter_subterraneus	2689445	2.0	0	0.0			0.0
